id_evento,id_turno,data_turno,turno,macchina,tipo_evento,cause_id,tipo_produzione,lotto,codice,descrizione,ora_inizio,ora_fine,durata_h,numero_estrazione,stato_lotto,stato_estrazione,fase_lavorazione,numero_operatori,quantita_pianificata,quantita_finale,ore_uomo,kg_droga,kg_liquido,rs_liquido_pct,kg_liquido_alimentato,rs_iniziale_pct,kg_concentrato,rs_finale_pct,kg_molle,rs_molle_pct,kg_maltodestrina,kg_polvere_finale,lotti_comber,piano_id,note
20260728111217-1,20260728-1-Mescole,2026-07-28,1,Mescole,Attesa prodotto,CAU-FDE4D75F56,,,,,06:00,14:00,8.0,,,,,,,,,,,,,,,,,,,,,,
20260728111528-1,20260728-1-Spray_Dryer,2026-07-28,1,Spray Dryer,Manutenzione straordinaria,CAU-83CC50E016,,,,,06:00,12:00,6.0,,,,,,,,,,,,,,,,,,,,,,
20260728111528-2,20260728-1-Spray_Dryer,2026-07-28,1,Spray Dryer,Produzione,,Apertura lotto,S26/0173 A,WSDILLVC05R0200A,Semilavorato Anice stellato frutto e.s.,12:00,14:00,2.0,,,,,,,,,,,,,,,,178.0,18.2,50.0,,,,
20260728111920-1,20260727-1-Comber,2026-07-27,1,Comber,Manutenzione straordinaria,CAU-83CC50E016,,,,,06:00,12:00,6.0,,,,,,,,,,,,,,,,,,,,,,Sostituzione rete comber 
20260728111920-2,20260727-1-Comber,2026-07-27,1,Comber,Produzione,,Apertura lotto,M26/0124,MDRFRXEC0800000M,Frassino,12:00,14:00,2.0,1.0,In corso,In corso,Lavorazione in corso,,,,,121.25,0.0,0.0,,,,,,,,,,,
20260728112113-1,20260727-2-Comber,2026-07-27,2,Comber,Produzione,,Prosecuzione lotto,M26/0124,MDRFRXEC0800000M,Frassino,14:00,16:00,2.0,1.0,In corso,Completata,Scarico completato,,0.0,,,121.25,1100.0,2.0,,,,,,,,,,,
20260728112113-2,20260727-2-Comber,2026-07-27,2,Comber,Produzione,,Prosecuzione lotto,M26/0124,MDRFRXEC0800000M,Frassino,16:00,20:00,4.0,2.0,In corso,Completata,Scarico completato,,0.0,,,121.25,1100.0,2.0,,,,,,,,,,,
20260728112113-3,20260727-2-Comber,2026-07-27,2,Comber,Produzione,,Prosecuzione lotto,M26/0124,MDRFRXEC0800000M,Frassino,20:00,22:00,2.0,3.0,In corso,In corso,Lavorazione in corso,,0.0,,,121.25,0.0,0.0,,,,,,,,,,,
20260728112307-1,20260727-3-Comber,2026-07-27,3,Comber,Produzione,,Prosecuzione lotto,M26/0124,MDRFRXEC0800000M,Frassino,22:00,00:00,2.0,3.0,In corso,Completata,Scarico completato,,0.0,,,121.25,1100.0,2.0,,,,,,,,,,,
20260728112307-2,20260727-3-Comber,2026-07-27,3,Comber,Produzione,,Prosecuzione lotto,M26/0124,MDRFRXEC0800000M,Frassino,00:00,04:00,4.0,4.0,In corso,Completata,Scarico completato,,0.0,,,121.25,1100.0,2.0,,,,,,,,,,,
20260728112307-3,20260727-3-Comber,2026-07-27,3,Comber,Produzione,,Prosecuzione lotto,M26/0124,MDRFRXEC0800000M,Frassino,04:00,06:00,2.0,5.0,In corso,In corso,Lavorazione in corso,,0.0,,,121.25,0.0,0.0,,,,,,,,,,,
20260728112308-1,20260727-3-Comber,2026-07-27,3,Comber,Produzione,,Prosecuzione lotto,M26/0124,MDRFRXEC0800000M,Frassino,22:00,00:00,2.0,3.0,In corso,Completata,Scarico completato,,0.0,,,121.25,1100.0,2.0,,,,,,,,,,,
20260728112308-2,20260727-3-Comber,2026-07-27,3,Comber,Produzione,,Prosecuzione lotto,M26/0124,MDRFRXEC0800000M,Frassino,00:00,04:00,4.0,4.0,In corso,Completata,Scarico completato,,0.0,,,121.25,1100.0,2.0,,,,,,,,,,,
20260728112308-3,20260727-3-Comber,2026-07-27,3,Comber,Produzione,,Prosecuzione lotto,M26/0124,MDRFRXEC0800000M,Frassino,04:00,06:00,2.0,5.0,In corso,In corso,Lavorazione in corso,,0.0,,,121.25,0.0,0.0,,,,,,,,,,,
20260728112637-1,20260728-1-Comber,2026-07-28,1,Comber,Produzione,,Prosecuzione lotto,M26/0124,MDRFRXEC0800000M,Frassino,06:00,08:00,2.0,5.0,In corso,Completata,Scarico completato,,0.0,,,121.25,1100.0,2.0,,,,,,,,,,,
20260728112637-2,20260728-1-Comber,2026-07-28,1,Comber,Produzione,,Chiusura lotto,M26/0124,MDRFRXEC0800000M,Frassino,08:00,12:00,4.0,6.0,Completato,Completata,Scarico completato,,0.0,,,121.25,1100.0,2.0,,,,,,,,,,,
20260728112637-3,20260728-1-Comber,2026-07-28,1,Comber,Lavaggio,CAU-3935DB7D7E,,,,,12:00,13:00,1.0,,,,,,,,,,,,,,,,,,,,,,
20260728112637-4,20260728-1-Comber,2026-07-28,1,Comber,Produzione,,Apertura lotto,M26/0125,MDRPPVRCPE00000M,PAPAVERO PETALI,13:00,14:00,1.0,1.0,In corso,In corso,Lavorazione in corso,,,,,62.5,0.0,0.0,,,,,,,,,,,
20260728112900-1,20260728-1-EV200,2026-07-28,1,EV200,Produzione,,Apertura lotto,M26/0124,MDRFRXEC0800000M,Frassino,06:00,10:00,4.0,,,,,,,,,,,,,,,,,,,,M26/0124,,
20260728112900-2,20260728-1-EV200,2026-07-28,1,EV200,Produzione,,Chiusura lotto,M26/0124,MDRFRXEC0800000M,Frassino,10:00,14:00,4.0,,,,,,0.0,,,,,,,,837.0,40.0,,,,,M26/0124,,
20260728192931-1,20260728-2-EV200,2026-07-28,2,EV200,Attesa prodotto,CAU-FDE4D75F56,,,,,14:00,19:00,5.0,,,,,,,,,,,,,,,,,,,,,,
20260728192931-2,20260728-2-EV200,2026-07-28,2,EV200,Produzione,,Apertura lotto,M26/0125,MDRPPVRCPE00000M,PAPAVERO PETALI,19:00,21:30,2.5,,,,,,,,,,,,,,,,,,,,M26/0125,,
20260728192931-3,20260728-2-EV200,2026-07-28,2,EV200,Produzione,,Prosecuzione lotto,M26/0125,MDRPPVRCPE00000M,PAPAVERO PETALI,21:30,22:00,0.5,,,,,,0.0,,,,,,,,,,,,,,M26/0125,,
20260728193103-1,20260728-2-Comber,2026-07-28,2,Comber,Produzione,,Prosecuzione lotto,M26/0125,MDRPPVRCPE00000M,PAPAVERO PETALI,14:00,16:00,2.0,1.0,In corso,Completata,Scarico completato,,0.0,,,62.5,900.0,1.1,,,,,,,,,,,
20260728193103-2,20260728-2-Comber,2026-07-28,2,Comber,Produzione,,Prosecuzione lotto,M26/0125,MDRPPVRCPE00000M,PAPAVERO PETALI,16:00,19:00,3.0,2.0,In corso,Completata,Scarico completato,,0.0,,,62.5,900.0,1.3,,,,,,,,,,,
20260728193103-3,20260728-2-Comber,2026-07-28,2,Comber,Produzione,,Prosecuzione lotto,M26/0125,MDRPPVRCPE00000M,PAPAVERO PETALI,19:00,22:00,3.0,3.0,In corso,Completata,Scarico completato,,0.0,,,62.5,900.0,1.2,,,,,,,,,,,
20260728193117-1,20260728-2-Mescole,2026-07-28,2,Mescole,Produzione,,Chiusura lotto,E26/2084,VGLGYMSC0875000A,"Gymnema foglia estratto secco >=75,0% acidi gymemici",14:00,17:00,3.0,,Completato,,Mescola completata,1.0,500.0,150.0,3.0,,,,,,,,,,,,,MIX-OCLAV-9-CL-6-VGLGYMSC0875000A,
20260728193117-2,20260728-2-Mescole,2026-07-28,2,Mescole,Altro,CAU-12657F7B7C,,,,,17:00,19:00,2.0,,,,,,,,,,,,,,,,,,,,,,IMPIEGATO NELL' UTUILIZZO DEL PASTORIZZATORE UHT
20260728193117-3,20260728-2-Mescole,2026-07-28,2,Mescole,Attesa prodotto,CAU-FDE4D75F56,,,,,19:00,21:00,2.0,,,,,,,,,,,,,,,,,,,,,,
20260728193117-4,20260728-2-Mescole,2026-07-28,2,Mescole,Produzione,,Chiusura lotto,E26/2084,VGLGYMSC0875000A,"Gymnema foglia estratto secco >=75,0% acidi gymemici",21:00,22:00,1.0,,Completato,,Mescola completata,1.0,500.0,50.0,1.0,,,,,,,,,,,,,MIX-OCLAV-9-CL-6-VGLGYMSC0875000A,
20260728195936-1,20260728-2-Spray_Dryer,2026-07-28,2,Spray Dryer,Produzione,,Prosecuzione lotto,S26/0173 A,WSDILLVC05R0200A,Semilavorato Anice stellato frutto e.s.,14:00,18:45,4.75,,,,,,0.0,,,,,,,,,,,,,,,,
20260728195936-2,20260728-2-Spray_Dryer,2026-07-28,2,Spray Dryer,Lavaggio,CAU-3935DB7D7E,,,,,18:45,19:15,0.5,,,,,,,,,,,,,,,,,,,,,,
20260728195936-3,20260728-2-Spray_Dryer,2026-07-28,2,Spray Dryer,Cambio lotto,CAU-5ED127B3F1,,,,,19:15,19:30,0.25,,,,,,,,,,,,,,,,,,,,,,
20260728195936-4,20260728-2-Spray_Dryer,2026-07-28,2,Spray Dryer,Produzione,,Apertura lotto,S26/0173 B,WSDILLVC05R0200A,Semilavorato Anice stellato frutto e.s.,19:30,22:00,2.5,,,,,,,,,,,,,,,,187.0,24.0,70.0,,,,
20260729000247-1,20260728-3-Comber,2026-07-28,3,Comber,Produzione,,Prosecuzione lotto,M26/0125,MDRPPVRCPE00000M,PAPAVERO PETALI,22:00,01:00,3.0,4.0,In corso,Completata,Scarico completato,,0.0,,,62.5,900.0,1.2,,,,,,,,,,,
20260729000247-2,20260728-3-Comber,2026-07-28,3,Comber,Produzione,,Prosecuzione lotto,M26/0125,MDRPPVRCPE00000M,PAPAVERO PETALI,01:00,04:00,3.0,5.0,In corso,Completata,Scarico completato,,0.0,,,62.5,900.0,1.3,,,,,,,,,,,
20260729000247-3,20260728-3-Comber,2026-07-28,3,Comber,Produzione,,Prosecuzione lotto,M26/0125,MDRPPVRCPE00000M,PAPAVERO PETALI,04:00,06:00,2.0,6.0,In corso,In corso,Lavorazione in corso,,0.0,,,62.5,0.0,0.0,,,,,,,,,,,da completare nel turno successivo
20260729025319-1,20260728-3-EV200,2026-07-28,3,EV200,Produzione,,Prosecuzione lotto,M26/0125,MDRPPVRCPE00000M,PAPAVERO PETALI,22:00,02:00,4.0,,,,,,0.0,,,,,,,,,,,,,,M26/0125,,
20260729025319-2,20260728-3-EV200,2026-07-28,3,EV200,Produzione,,Prosecuzione lotto,M26/0125,MDRPPVRCPE00000M,PAPAVERO PETALI,02:00,06:00,4.0,,,,,,0.0,,,,,,,,,,,,,,M26/0125,,
20260729030803-1,20260728-3-Mescole,2026-07-28,3,Mescole,Produzione,,Chiusura lotto,E26/2084,VGLGYMSC0875000A,"Gymnema foglia estratto secco >=75,0% acidi gymemici",22:00,23:00,1.0,,Completato,,Mescola completata,1.0,500.0,50.0,1.0,,,,,,,,,,,,,MIX-OCLAV-9-CL-6-VGLGYMSC0875000A,
20260729030803-2,20260728-3-Mescole,2026-07-28,3,Mescole,Attesa prodotto,CAU-FDE4D75F56,,,,,23:00,02:00,3.0,,,,,,,,,,,,,,,,,,,,,,
20260729030803-3,20260728-3-Mescole,2026-07-28,3,Mescole,Produzione,,Apertura lotto,E26/2084,VGLGYMSC0875000A,"Gymnema foglia estratto secco >=75,0% acidi gymemici",02:00,03:00,1.0,,In corso,,Lavorazione in corso,1.0,500.0,0.0,1.0,,,,,,,,,,,,,MIX-OCLAV-9-CL-6-VGLGYMSC0875000A,
20260729030803-4,20260728-3-Mescole,2026-07-28,3,Mescole,Attesa prodotto,CAU-FDE4D75F56,,,,,03:00,06:00,3.0,,,,,,,,,,,,,,,,,,,,,,
20260729035158-1,20260728-3-Spray_Dryer,2026-07-28,3,Spray Dryer,Produzione,,Prosecuzione lotto,S26/0173 A,WSDILLVC05R0200A,Semilavorato Anice stellato frutto e.s.,22:00,04:00,6.0,,,,,,0.0,,,,,,,,,,,,,,,,
20260729035158-2,20260728-3-Spray_Dryer,2026-07-28,3,Spray Dryer,Produzione,,Chiusura lotto,S26/0173 B,WSDILLVC05R0200A,Semilavorato Anice stellato frutto e.s.,04:00,04:15,0.25,,,,,,0.0,,,,,,,,,,,,,161.0,,,
20260729035158-3,20260728-3-Spray_Dryer,2026-07-28,3,Spray Dryer,Lavaggio,CAU-3935DB7D7E,,,,,04:15,05:00,0.75,,,,,,,,,,,,,,,,,,,,,,
20260729035158-4,20260728-3-Spray_Dryer,2026-07-28,3,Spray Dryer,Attesa prodotto,CAU-FDE4D75F56,,,,,05:00,06:00,1.0,,,,,,,,,,,,,,,,,,,,,,
20260729035239-1,20260728-3-Mescole,2026-07-28,3,Mescole,Attesa prodotto,CAU-FDE4D75F56,,,,,22:00,06:00,8.0,,,,,,,,,,,,,,,,,,,,,,
20260729102347-1,20260729-1-Mescole,2026-07-29,1,Mescole,Attesa prodotto,CAU-FDE4D75F56,,,,,06:00,14:00,8.0,,,,,,,,,,,,,,,,,,,,,,
20260729102613-1,20260729-1-Spray_Dryer,2026-07-29,1,Spray Dryer,Altro,CAU-12657F7B7C,,,,,06:00,14:00,8.0,,,,,,,,,,,,,,,,,,,,,,Manca il lotto e la scheda ( Lichene Islandico M26/0119 )
20260729110709-1,20260729-1-Comber,2026-07-29,1,Comber,Produzione,,Prosecuzione lotto,M26/0125,MDRPPVRCPE00000M,PAPAVERO PETALI,06:00,07:00,1.0,6.0,In corso,Completata,Scarico completato,,0.0,,,62.5,900.0,1.2,,,,,,,,,,,
20260729110709-2,20260729-1-Comber,2026-07-29,1,Comber,Produzione,,Prosecuzione lotto,M26/0125,MDRPPVRCPE00000M,PAPAVERO PETALI,07:00,10:00,3.0,7.0,In corso,Completata,Scarico completato,,0.0,,,62.5,900.0,1.2,,,,,,,,,,,
20260729110709-3,20260729-1-Comber,2026-07-29,1,Comber,Produzione,,Prosecuzione lotto,M26/0125,MDRPPVRCPE00000M,PAPAVERO PETALI,10:00,13:00,3.0,8.0,In corso,Completata,Scarico completato,,0.0,,,62.5,900.0,1.2,,,,,,,,,,,
20260729110709-4,20260729-1-Comber,2026-07-29,1,Comber,Produzione,,Prosecuzione lotto,M26/0125,MDRPPVRCPE00000M,PAPAVERO PETALI,13:00,14:00,1.0,9.0,In corso,In corso,Lavorazione in corso,,0.0,,,62.5,0.0,0.0,,,,,,,,,,,
20260729110839-1,20260729-1-EV200,2026-07-29,1,EV200,Produzione,,Prosecuzione lotto,M26/0125,MDRPPVRCPE00000M,PAPAVERO PETALI,06:00,10:00,4.0,,,,,,0.0,,,,,,,,,,,,,,M26/0125,,
20260729110839-2,20260729-1-EV200,2026-07-29,1,EV200,Produzione,,Prosecuzione lotto,M26/0125,MDRPPVRCPE00000M,PAPAVERO PETALI,10:00,14:00,4.0,,,,,,0.0,,,,,,,,,,,,,,M26/0125,,
20260729191836-1,20260729-2-Spray_Dryer,2026-07-29,2,Spray Dryer,Lavaggio,CAU-3935DB7D7E,,,,,19:45,20:30,0.75,,,,,,,,,,,,,,,,,,,,,,manca scheda e lotto
20260729191836-2,20260729-2-Spray_Dryer,2026-07-29,2,Spray Dryer,Cambio lotto,CAU-5ED127B3F1,,,,,20:30,21:00,0.5,,,,,,,,,,,,,,,,,,,,,,
20260729191836-3,20260729-2-Spray_Dryer,2026-07-29,2,Spray Dryer,Produzione,,Apertura lotto,S26/0175,WSDCRCLC15R03008,CURCUMA,21:00,22:00,1.0,,,,,,,,,,,,,,,,1050.0,28.4,200.0,,,,
20260729191836-4,20260729-2-Spray_Dryer,2026-07-29,2,Spray Dryer,Produzione,,Chiusura lotto,S26/0001,01,lichene,14:00,19:45,5.75,,,,,,0.0,,,,,,,,,,,,,133.4,,,Manca il lotto e la scheda ( Lichene Islandico M26/0119 )
20260729192623-1,20260729-2-Mescole,2026-07-29,2,Mescole,Altro,CAU-12657F7B7C,,,,,14:00,18:00,4.0,,,,,,,,,,,,,,,,,,,,,,impiegato nella pastorizzazione del frassino e nella preparazione delle due basi della curcuma.
20260729192623-2,20260729-2-Mescole,2026-07-29,2,Mescole,Produzione,,Chiusura lotto,E26/2084,VGLGYMSC0875000A,"Gymnema foglia estratto secco >=75,0% acidi gymemici",18:00,19:00,1.0,,Completato,,Mescola completata,1.0,500.0,50.0,1.0,,,,,,,,,,,,,MIX-OCLAV-9-CL-6-VGLGYMSC0875000A,micronizzazione prodotto.
20260729192623-3,20260729-2-Mescole,2026-07-29,2,Mescole,Attesa prodotto,CAU-FDE4D75F56,,,,,19:00,21:00,2.0,,,,,,,,,,,,,,,,,,,,,,
20260729192623-4,20260729-2-Mescole,2026-07-29,2,Mescole,Produzione,,Chiusura lotto,E26/2084,VGLGYMSC0875000A,"Gymnema foglia estratto secco >=75,0% acidi gymemici",21:00,22:00,1.0,,Completato,,Mescola completata,1.0,500.0,50.0,1.0,,,,,,,,,,,,,MIX-OCLAV-9-CL-6-VGLGYMSC0875000A,micronizzazione prodotto
20260729193752-1,20260729-2-Comber,2026-07-29,2,Comber,Produzione,,Prosecuzione lotto,M26/0125,MDRPPVRCPE00000M,PAPAVERO PETALI,14:00,16:00,2.0,9.0,In corso,Completata,Scarico completato,,0.0,,,62.5,900.0,1.3,,,,,,,,,,,
20260729193752-2,20260729-2-Comber,2026-07-29,2,Comber,Produzione,,Prosecuzione lotto,M26/0125,MDRPPVRCPE00000M,PAPAVERO PETALI,16:00,19:00,3.0,10.0,In corso,Completata,Scarico completato,,0.0,,,62.5,900.0,1.1,,,,,,,,,,,
20260729193752-3,20260729-2-Comber,2026-07-29,2,Comber,Produzione,,Prosecuzione lotto,M26/0125,MDRPPVRCPE00000M,PAPAVERO PETALI,19:00,22:00,3.0,11.0,In corso,Completata,Scarico completato,,0.0,,,62.5,900.0,1.3,,,,,,,,,,,
20260729193757-1,20260729-2-Comber,2026-07-29,2,Comber,Produzione,,Prosecuzione lotto,M26/0125,MDRPPVRCPE00000M,PAPAVERO PETALI,14:00,16:00,2.0,9.0,In corso,Completata,Scarico completato,,0.0,,,62.5,900.0,1.3,,,,,,,,,,,
20260729193757-2,20260729-2-Comber,2026-07-29,2,Comber,Produzione,,Prosecuzione lotto,M26/0125,MDRPPVRCPE00000M,PAPAVERO PETALI,16:00,19:00,3.0,10.0,In corso,Completata,Scarico completato,,0.0,,,62.5,900.0,1.1,,,,,,,,,,,
20260729193757-3,20260729-2-Comber,2026-07-29,2,Comber,Produzione,,Prosecuzione lotto,M26/0125,MDRPPVRCPE00000M,PAPAVERO PETALI,19:00,22:00,3.0,11.0,In corso,Completata,Scarico completato,,0.0,,,62.5,900.0,1.3,,,,,,,,,,,
20260729193853-1,20260729-2-EV200,2026-07-29,2,EV200,Attesa prodotto,CAU-FDE4D75F56,,,,,14:00,16:00,2.0,,,,,,,,,,,,,,,,,,,,,,
20260729193853-2,20260729-2-EV200,2026-07-29,2,EV200,Produzione,,Prosecuzione lotto,M26/0125,MDRPPVRCPE00000M,PAPAVERO PETALI,16:00,18:30,2.5,,,,,,0.0,,,,,,,,,,,,,,M26/0125,,
20260729193853-3,20260729-2-EV200,2026-07-29,2,EV200,Attesa prodotto,CAU-FDE4D75F56,,,,,18:30,20:30,2.0,,,,,,,,,,,,,,,,,,,,,,
20260729193853-4,20260729-2-EV200,2026-07-29,2,EV200,Produzione,,Prosecuzione lotto,M26/0125,MDRPPVRCPE00000M,PAPAVERO PETALI,20:30,22:00,1.5,,,,,,0.0,,,,,,,,,,,,,,M26/0125,,
20260730033342-1,20260729-3-Comber,2026-07-29,3,Comber,Produzione,,Chiusura lotto,M26/0125,MDRPPVRCPE00000M,PAPAVERO PETALI,22:00,01:00,3.0,12.0,Completato,Completata,Scarico completato,,0.0,,,62.01,900.0,1.3,,,,,,,,,,,
20260730033342-2,20260729-3-Comber,2026-07-29,3,Comber,Lavaggio,CAU-3935DB7D7E,,,,,01:00,06:00,5.0,,,,,,,,,,,,,,,,,,,,,,"lavaggio con soda comber ,lavaggio filtro pressa , lavaggio strizzatore ,chiusura scarrabbile, lavaggio locale"
20260730033814-1,20260729-3-EV200,2026-07-29,3,EV200,Produzione,,Prosecuzione lotto,M26/0125,MDRPPVRCPE00000M,PAPAVERO PETALI,22:00,23:30,1.5,,,,,,0.0,,,,,,,,,,,,,,M26/0125,,
20260730033814-2,20260729-3-EV200,2026-07-29,3,EV200,Attesa prodotto,CAU-FDE4D75F56,,,,,23:30,01:00,1.5,,,,,,,,,,,,,,,,,,,,,,
20260730033814-3,20260729-3-EV200,2026-07-29,3,EV200,Produzione,,Chiusura lotto,M26/0125,MDRPPVRCPE00000M,PAPAVERO PETALI,01:00,03:30,2.5,,,,,,0.0,,,,,,,,1211.0,12.3,,,,,M26/0125,,
20260730033814-4,20260729-3-EV200,2026-07-29,3,EV200,Lavaggio,CAU-3935DB7D7E,,,,,03:30,06:00,2.5,,,,,,,,,,,,,,,,,,,,,,lavaggio con cipton da concludere nel turno successivo gli ulteriori risciacqui
20260730034141-1,20260729-3-Mescole,2026-07-29,3,Mescole,Attesa prodotto,CAU-FDE4D75F56,,,,,22:00,06:00,8.0,,,,,,,,,,,,,,,,,,,,,,
20260730035132-1,20260729-3-Spray_Dryer,2026-07-29,3,Spray Dryer,Produzione,,Prosecuzione lotto,S26/0175,WSDCRCLC15R03008,CURCUMA,22:00,06:00,8.0,,,,,,0.0,,,,,,,,,,,,,,,,
20260730085423-1,20260730-1-Spray_Dryer,2026-07-30,1,Spray Dryer,Produzione,,Prosecuzione lotto,S26/0175,WSDCRCLC15R03008,CURCUMA,06:00,14:00,8.0,,,,,,0.0,,,,,,,,,,,,,,,,
20260730100216-1,20260730-1-Mescole,2026-07-30,1,Mescole,Attesa prodotto,CAU-FDE4D75F56,,,,,06:00,10:00,4.0,,,,,,,,,,,,,,,,,,,,,,
20260730100216-2,20260730-1-Mescole,2026-07-30,1,Mescole,Produzione,,Chiusura lotto,E26/2042,ASDMLSOC0804000P,"Melissa foglia estratto secco >= 4,0% acido rosmarinico (UV)",10:00,12:00,2.0,,Completato,,Mescola completata,2.0,,300.0,4.0,,,,,,,,,,,,,,
20260730100216-3,20260730-1-Mescole,2026-07-30,1,Mescole,Altro,CAU-12657F7B7C,,,,,12:00,14:00,2.0,,,,,,,,,,,,,,,,,,,,,,mancanza operatore
20260730110541-1,20260730-1-Comber,2026-07-30,1,Comber,Lavaggio,CAU-3935DB7D7E,,,,,06:00,14:00,8.0,,,,,,,,,,,,,,,,,,,,,,lavaggio generale impianto + tubi
20260730110731-1,20260730-1-EV200,2026-07-30,1,EV200,Lavaggio,CAU-3935DB7D7E,,,,,06:00,14:00,8.0,,,,,,,,,,,,,,,,,,,,,,lavaggio con cipton + lavaggio generale impianto
20260730135917-1,20260730-2-Comber,2026-07-30,2,Comber,Attesa prodotto,CAU-FDE4D75F56,,,,,14:00,22:00,8.0,,,,,,,,,,,,,,,,,,,,,,
20260730190702-1,20260730-2-Mescole,2026-07-30,2,Mescole,Attesa prodotto,CAU-FDE4D75F56,,,,,14:00,15:00,1.0,,,,,,,,,,,,,,,,,,,,,,
20260730190702-10,20260730-2-Mescole,2026-07-30,2,Mescole,Produzione,,Chiusura lotto,E26/2099,SSDLVNAC34R0400N,Lavanda sommità fiorite estratto secco acquoso D/E 4:1,21:00,22:00,1.0,,Completato,,Mescola completata,1.0,,75.0,1.0,,,,,,,,,,,,,,
20260730190702-2,20260730-2-Mescole,2026-07-30,2,Mescole,Produzione,,Chiusura lotto,E26/2094,SSDHMLLC09R0400A,Luppolo infiorescenze (strobili) estr. secco D/E 4:1,15:00,15:45,0.75,,Completato,,Mescola completata,1.0,,50.0,0.75,,,,,,,,,,,,,,
20260730190702-3,20260730-2-Mescole,2026-07-30,2,Mescole,Cambio lotto,CAU-5ED127B3F1,,,,,15:45,16:00,0.25,,,,,,,,,,,,,,,,,,,,,,
20260730190702-4,20260730-2-Mescole,2026-07-30,2,Mescole,Produzione,,Chiusura lotto,E26/2098,ASDILXPC0804000A,MATE,16:00,16:30,0.5,,Completato,,Mescola completata,1.0,,10.0,0.5,,,,,,,,,,,,,,
20260730190702-5,20260730-2-Mescole,2026-07-30,2,Mescole,Cambio lotto,CAU-5ED127B3F1,,,,,16:30,17:00,0.5,,,,,,,,,,,,,,,,,,,,,,
20260730190702-6,20260730-2-Mescole,2026-07-30,2,Mescole,Produzione,,Chiusura lotto,E26/2097,SSDTRXOC14R0400A,Tarassaco radice estratto secco D/E 4:1,17:00,19:00,2.0,,Completato,,Mescola completata,1.0,,200.0,2.0,,,,,,,,,,,,,,
20260730190702-7,20260730-2-Mescole,2026-07-30,2,Mescole,Cambio lotto,CAU-5ED127B3F1,,,,,19:00,19:15,0.25,,,,,,,,,,,,,,,,,,,,,,
20260730190702-8,20260730-2-Mescole,2026-07-30,2,Mescole,Produzione,,Chiusura lotto,E26/2100,TSDPSSIC0740000A,"Passiflora erba fiorita estr. secco >= 4,0% flavonoidi totali calc. come vitessina",19:15,20:30,1.25,,Completato,,Mescola completata,1.0,,125.0,1.25,,,,,,,,,,,,,,
20260730190702-9,20260730-2-Mescole,2026-07-30,2,Mescole,Cambio lotto,CAU-5ED127B3F1,,,,,20:30,21:00,0.5,,,,,,,,,,,,,,,,,,,,,,
20260730193210-1,20260730-2-Spray_Dryer,2026-07-30,2,Spray Dryer,Produzione,,Prosecuzione lotto,S26/0175,WSDCRCLC15R03008,CURCUMA,14:00,22:00,8.0,,,,,,0.0,,,,,,,,,,,,,,,,
20260730222330-1,20260730-3-Comber,2026-07-30,3,Comber,Attesa prodotto,CAU-FDE4D75F56,,,,,22:00,06:00,8.0,,,,,,,,,,,,,,,,,,,,,,
20260730222418-1,20260730-3-EV200,2026-07-30,3,EV200,Attesa prodotto,CAU-FDE4D75F56,,,,,22:00,06:00,8.0,,,,,,,,,,,,,,,,,,,,,,
20260731034524-1,20260730-3-Mescole,2026-07-30,3,Mescole,Produzione,,Chiusura lotto,E26/2103,SSDAGRRC14R0400A,Gramigna Rizoma e.s. D/E 4:1,22:00,22:45,0.75,,Completato,,Mescola completata,1.0,,25.0,0.75,,,,,,,,,,,,,,
20260731034524-10,20260730-3-Mescole,2026-07-30,3,Mescole,Cambio lotto,CAU-5ED127B3F1,,,,,02:30,02:45,0.25,,,,,,,,,,,,,,,,,,,,,,
20260731034524-11,20260730-3-Mescole,2026-07-30,3,Mescole,Produzione,,Chiusura lotto,E26/2108,SSDRSCNC05R0400A,Rosa canina frutto estratto secco D/E 4:1,02:45,03:15,0.5,,Completato,,Mescola completata,2.0,,25.0,1.0,,,,,,,,,,,,,,
20260731034524-12,20260730-3-Mescole,2026-07-30,3,Mescole,Produzione,,Chiusura lotto,E26/2105,SSDRSCNC0510000N,"Rosa canina frutto estr. secco >=10,0% acido ascorbico",03:15,04:00,0.75,,Completato,,Mescola completata,2.0,,25.0,1.5,,,,,,,,,,,,,,
20260731034524-13,20260730-3-Mescole,2026-07-30,3,Mescole,Cambio lotto,CAU-5ED127B3F1,,,,,04:00,04:15,0.25,,,,,,,,,,,,,,,,,,,,,,
20260731034524-14,20260730-3-Mescole,2026-07-30,3,Mescole,Produzione,,Chiusura lotto,E26/2096,TSDFMROC10M0400A,"Fumaria parte aerea estratto secco >= 0,04% alcaloidi tot.espr.come protopina",04:15,04:45,0.5,,Completato,,Mescola completata,2.0,,25.0,1.0,,,,,,,,,,,,,,
20260731034524-15,20260730-3-Mescole,2026-07-30,3,Mescole,Cambio lotto,CAU-5ED127B3F1,,,,,04:45,05:00,0.25,,,,,,,,,,,,,,,,,,,,,,
20260731034524-16,20260730-3-Mescole,2026-07-30,3,Mescole,Produzione,,Chiusura lotto,E26/2101,SSDSPRUC1000200A,Spirea sommità estr.secc. >=0.2% acido salicilico,05:00,05:30,0.5,,Completato,,Mescola completata,2.0,,25.0,1.0,,,,,,,,,,,,,,
20260731034524-17,20260730-3-Mescole,2026-07-30,3,Mescole,Lavaggio,CAU-3935DB7D7E,,,,,05:30,06:00,0.5,,,,,,,,,,,,,,,,,,,,,,
20260731034524-2,20260730-3-Mescole,2026-07-30,3,Mescole,Cambio lotto,CAU-5ED127B3F1,,,,,22:45,23:00,0.25,,,,,,,,,,,,,,,,,,,,,,
20260731034524-3,20260730-3-Mescole,2026-07-30,3,Mescole,Produzione,,Chiusura lotto,E26/2107,TSDORTSC2200200A,"Ortosifon erba con fiori estratto secco >=0,2% sinensetina",23:00,23:45,0.75,,Completato,,Mescola completata,1.0,,25.0,0.75,,,,,,,,,,,,,,
20260731034524-4,20260730-3-Mescole,2026-07-30,3,Mescole,Cambio lotto,CAU-5ED127B3F1,,,,,23:45,00:00,0.25,,,,,,,,,,,,,,,,,,,,,,
20260731034524-5,20260730-3-Mescole,2026-07-30,3,Mescole,Produzione,,Chiusura lotto,E26/2095,TSDBRSBC08R2500A,Broccoli foglia estratto secco D/E 25:1,00:00,00:45,0.75,,Completato,,Mescola completata,1.0,,50.0,0.75,,,,,,,,,,,,,,
20260731034524-6,20260730-3-Mescole,2026-07-30,3,Mescole,Cambio lotto,CAU-5ED127B3F1,,,,,00:45,01:00,0.25,,,,,,,,,,,,,,,,,,,,,,
20260731034524-7,20260730-3-Mescole,2026-07-30,3,Mescole,Produzione,,Chiusura lotto,E26/2104,ASDCCRPC17R0400A,Zucca seme e.s. D/E 4:1,01:00,01:45,0.75,,Completato,,Mescola completata,1.0,,25.0,0.75,,,,,,,,,,,,,,
20260731034524-8,20260730-3-Mescole,2026-07-30,3,Mescole,Cambio lotto,CAU-5ED127B3F1,,,,,01:45,02:00,0.25,,,,,,,,,,,,,,,,,,,,,,
20260731034524-9,20260730-3-Mescole,2026-07-30,3,Mescole,Produzione,,Chiusura lotto,E26/2106,SSDCMNMC05R0400A,Cumino seme (frutto) estratto secco D/E 4:1,02:00,02:30,0.5,,Completato,,Mescola completata,2.0,,25.0,1.0,,,,,,,,,,,,,,
20260731111144-1,20260731-1-Comber,2026-07-31,1,Comber,Altro,CAU-12657F7B7C,,,,,06:00,14:00,8.0,,,,,,,,,,,,,,,,,,,,,,
20260731111216-1,20260731-1-EV200,2026-07-31,1,EV200,Altro,CAU-12657F7B7C,,,,,06:00,14:00,8.0,,,,,,,,,,,,,,,,,,,,,,
20260731111218-1,20260731-1-EV200,2026-07-31,1,EV200,Altro,CAU-12657F7B7C,,,,,06:00,14:00,8.0,,,,,,,,,,,,,,,,,,,,,,
20260731111220-1,20260731-1-EV200,2026-07-31,1,EV200,Altro,CAU-12657F7B7C,,,,,06:00,14:00,8.0,,,,,,,,,,,,,,,,,,,,,,
20260731111247-1,20260731-1-Mescole,2026-07-31,1,Mescole,Altro,CAU-12657F7B7C,,,,,06:00,14:00,8.0,,,,,,,,,,,,,,,,,,,,,,
20260731111250-1,20260731-1-Mescole,2026-07-31,1,Mescole,Altro,CAU-12657F7B7C,,,,,06:00,14:00,8.0,,,,,,,,,,,,,,,,,,,,,,
20260731122832-1,20260730-3-Spray_Dryer,2026-07-30,3,Spray Dryer,Produzione,,Prosecuzione lotto,S26/0175,WSDCRCLC15R03008,CURCUMA,22:00,23:00,1.0,,,,,,0.0,,,,,,,,,,,,,,,,
20260731122832-2,20260730-3-Spray_Dryer,2026-07-30,3,Spray Dryer,Lavaggio,CAU-3935DB7D7E,,,,,23:00,23:45,0.75,,,,,,,,,,,,,,,,,,,,,,
20260731122832-3,20260730-3-Spray_Dryer,2026-07-30,3,Spray Dryer,Produzione,,Chiusura lotto,S26/0175,WSDCRCLC15R03008,CURCUMA,23:45,00:00,0.25,,,,,,0.0,,,,,,,,,,,,,359.0,,,
20260731122832-4,20260730-3-Spray_Dryer,2026-07-30,3,Spray Dryer,Produzione,,Apertura lotto,S26/0176,WSDFRXEC0803000A,semilavorato frassino foglia e.s. >=3.0 acidi fenolici  calc.come acido,00:00,06:00,6.0,,,,,,,,,,,,,,,,837.0,23.0,198.0,,,,
20260731122929-1,20260731-1-Spray_Dryer,2026-07-31,1,Spray Dryer,Produzione,,Prosecuzione lotto,S26/0176,WSDFRXEC0803000A,semilavorato frassino foglia e.s. >=3.0 acidi fenolici  calc.come acido,06:00,14:00,8.0,,,,,,0.0,,,,,,,,,,,,,,,,
20260731123311-1,20260731-2-Comber,2026-07-31,2,Comber,Attesa prodotto,CAU-FDE4D75F56,,,,,14:00,22:00,8.0,,,,,,,,,,,,,,,,,,,,,,
20260731123349-1,20260731-2-EV200,2026-07-31,2,EV200,Attesa prodotto,CAU-FDE4D75F56,,,,,14:00,22:00,8.0,,,,,,,,,,,,,,,,,,,,,,
20260731193148-1,20260731-2-Spray_Dryer,2026-07-31,2,Spray Dryer,Produzione,,Prosecuzione lotto,S26/0176,WSDFRXEC0803000A,semilavorato frassino foglia e.s. >=3.0 acidi fenolici  calc.come acido,14:00,22:00,8.0,,,,,,0.0,,,,,,,,,,,,,,,,
20260731195102-1,20260731-2-Mescole,2026-07-31,2,Mescole,Attesa prodotto,CAU-FDE4D75F56,,,,,14:00,17:00,3.0,,,,,,,,,,,,,,,,,,,,,,
20260731195102-10,20260731-2-Mescole,2026-07-31,2,Mescole,Cambio lotto,CAU-5ED127B3F1,,,,,20:00,20:15,0.25,,,,,,,,,,,,,,,,,,,,,,
20260731195102-11,20260731-2-Mescole,2026-07-31,2,Mescole,Produzione,,Chiusura lotto,E26/2115,SSDRSCNC05R0400A,Rosa canina frutto estratto secco D/E 4:1,20:15,20:45,0.5,,Completato,,Mescola completata,1.0,,50.0,0.5,,,,,,,,,,,,,,
20260731195102-12,20260731-2-Mescole,2026-07-31,2,Mescole,Cambio lotto,CAU-5ED127B3F1,,,,,20:45,21:15,0.5,,,,,,,,,,,,,,,,,,,,,,
20260731195102-13,20260731-2-Mescole,2026-07-31,2,Mescole,Produzione,,Chiusura lotto,E26/2114,TSDHRCPC07R0400A,Pilosella erba estratto secco D/E 4:1,21:15,22:00,0.75,,Completato,,Mescola completata,1.0,,100.0,0.75,,,,,,,,,,,,,,
20260731195102-2,20260731-2-Mescole,2026-07-31,2,Mescole,Cambio lotto,CAU-5ED127B3F1,,,,,17:00,17:15,0.25,,,,,,,,,,,,,,,,,,,,,,
20260731195102-3,20260731-2-Mescole,2026-07-31,2,Mescole,Produzione,,Apertura lotto,E26/2116,SSDMPMAC0500900A,Annurtrofil® mela annurca frutto estratto secco,17:15,17:30,0.25,,In corso,,Lavorazione in corso,1.0,,0.0,0.25,,,,,,,,,,,,,,
20260731195102-4,20260731-2-Mescole,2026-07-31,2,Mescole,Cambio lotto,CAU-5ED127B3F1,,,,,17:30,17:45,0.25,,,,,,,,,,,,,,,,,,,,,,
20260731195102-5,20260731-2-Mescole,2026-07-31,2,Mescole,Produzione,,Chiusura lotto,S26/2102,SSDMDBAC05R0400A,Mela annurca frutto e.s. D/E 4:1,17:45,18:00,0.25,,Completato,,Mescola completata,1.0,,25.0,0.25,,,,,,,,,,,,,,
20260731195102-6,20260731-2-Mescole,2026-07-31,2,Mescole,Cambio lotto,CAU-5ED127B3F1,,,,,18:00,18:15,0.25,,,,,,,,,,,,,,,,,,,,,,
20260731195102-7,20260731-2-Mescole,2026-07-31,2,Mescole,Produzione,,Chiusura lotto,E26/2109,SSDALTOC14R0400A,Altea radice estratto secco D/E 4:1,18:15,19:00,0.75,,Completato,,Mescola completata,1.0,,100.0,0.75,,,,,,,,,,,,,,
20260731195102-8,20260731-2-Mescole,2026-07-31,2,Mescole,Cambio lotto,CAU-5ED127B3F1,,,,,19:00,19:15,0.25,,,,,,,,,,,,,,,,,,,,,,
20260731195102-9,20260731-2-Mescole,2026-07-31,2,Mescole,Produzione,,Chiusura lotto,E26/2110,TSDILLVC05R0400A,Anice stellato frutti estratto secco D/E 4:1,19:15,20:00,0.75,,Completato,,Mescola completata,1.0,,100.0,0.75,,,,,,,,,,,,,,
20260801031207-1,20260731-3-Mescole,2026-07-31,3,Mescole,Produzione,,Chiusura lotto,E26/2117,TSDORTSC2200100A,Ortosifonide erba con fiori estratto secco >=0.1%sinensetina,22:00,22:45,0.75,,Completato,,Mescola completata,2.0,,150.0,1.5,,,,,,,,,,,,,,
20260801031207-10,20260731-3-Mescole,2026-07-31,3,Mescole,Attesa prodotto,CAU-FDE4D75F56,,,,,05:00,06:00,1.0,,,,,,,,,,,,,,,,,,,,,,
20260801031207-2,20260731-3-Mescole,2026-07-31,3,Mescole,Cambio lotto,CAU-5ED127B3F1,,,,,22:45,23:00,0.25,,,,,,,,,,,,,,,,,,,,,,
20260801031207-3,20260731-3-Mescole,2026-07-31,3,Mescole,Cambio lotto,CAU-5ED127B3F1,,,,,23:00,23:30,0.5,,,,,,,,,,,,,,,,,,,,,,
20260801031207-4,20260731-3-Mescole,2026-07-31,3,Mescole,Produzione,,Chiusura lotto,E26/2111,ASDMLSOC0812000N,"Melissa foglia estratto secco >=12,0% derivati idrossicinnamici calc.come acido rosmarinico",23:30,00:00,0.5,,Completato,,Mescola completata,2.0,,75.0,1.0,,,,,,,,,,,,,,
20260801031207-5,20260731-3-Mescole,2026-07-31,3,Mescole,Cambio lotto,CAU-5ED127B3F1,,,,,00:00,00:15,0.25,,,,,,,,,,,,,,,,,,,,,,
20260801031207-6,20260731-3-Mescole,2026-07-31,3,Mescole,Produzione,,Chiusura lotto,E26/2113,SSDFNCOC0501100N,Finocchio seme(frutto) estratto secco 0.9-1.1% olio essenziale,00:15,01:00,0.75,,Completato,,Mescola completata,2.0,,50.0,1.5,,,,,,,,,,,,,,
20260801031207-7,20260731-3-Mescole,2026-07-31,3,Mescole,Cambio lotto,CAU-5ED127B3F1,,,,,01:00,01:15,0.25,,,,,,,,,,,,,,,,,,,,,,
20260801031207-8,20260731-3-Mescole,2026-07-31,3,Mescole,Produzione,,Chiusura lotto,E26/2112,ASDPRPSC2708000N,Propolis dry extract 8-12,01:15,02:00,0.75,,Completato,,Mescola completata,2.0,,25.0,1.5,,,,,,,,,,,,,,
20260801031207-9,20260731-3-Mescole,2026-07-31,3,Mescole,Lavaggio,CAU-3935DB7D7E,,,,,02:00,05:00,3.0,,,,,,,,,,,,,,,,,,,,,,
20260801031212-1,20260731-3-Mescole,2026-07-31,3,Mescole,Produzione,,Chiusura lotto,E26/2117,TSDORTSC2200100A,Ortosifonide erba con fiori estratto secco >=0.1%sinensetina,22:00,22:45,0.75,,Completato,,Mescola completata,2.0,,150.0,1.5,,,,,,,,,,,,,,
20260801031212-10,20260731-3-Mescole,2026-07-31,3,Mescole,Attesa prodotto,CAU-FDE4D75F56,,,,,05:00,06:00,1.0,,,,,,,,,,,,,,,,,,,,,,
20260801031212-2,20260731-3-Mescole,2026-07-31,3,Mescole,Cambio lotto,CAU-5ED127B3F1,,,,,22:45,23:00,0.25,,,,,,,,,,,,,,,,,,,,,,
20260801031212-3,20260731-3-Mescole,2026-07-31,3,Mescole,Cambio lotto,CAU-5ED127B3F1,,,,,23:00,23:30,0.5,,,,,,,,,,,,,,,,,,,,,,
20260801031212-4,20260731-3-Mescole,2026-07-31,3,Mescole,Produzione,,Chiusura lotto,E26/2111,ASDMLSOC0812000N,"Melissa foglia estratto secco >=12,0% derivati idrossicinnamici calc.come acido rosmarinico",23:30,00:00,0.5,,Completato,,Mescola completata,2.0,,75.0,1.0,,,,,,,,,,,,,,
20260801031212-5,20260731-3-Mescole,2026-07-31,3,Mescole,Cambio lotto,CAU-5ED127B3F1,,,,,00:00,00:15,0.25,,,,,,,,,,,,,,,,,,,,,,
20260801031212-6,20260731-3-Mescole,2026-07-31,3,Mescole,Produzione,,Chiusura lotto,E26/2113,SSDFNCOC0501100N,Finocchio seme(frutto) estratto secco 0.9-1.1% olio essenziale,00:15,01:00,0.75,,Completato,,Mescola completata,2.0,,50.0,1.5,,,,,,,,,,,,,,
20260801031212-7,20260731-3-Mescole,2026-07-31,3,Mescole,Cambio lotto,CAU-5ED127B3F1,,,,,01:00,01:15,0.25,,,,,,,,,,,,,,,,,,,,,,
20260801031212-8,20260731-3-Mescole,2026-07-31,3,Mescole,Produzione,,Chiusura lotto,E26/2112,ASDPRPSC2708000N,Propolis dry extract 8-12,01:15,02:00,0.75,,Completato,,Mescola completata,2.0,,25.0,1.5,,,,,,,,,,,,,,
20260801031212-9,20260731-3-Mescole,2026-07-31,3,Mescole,Lavaggio,CAU-3935DB7D7E,,,,,02:00,05:00,3.0,,,,,,,,,,,,,,,,,,,,,,
20260801031726-1,20260731-3-Spray_Dryer,2026-07-31,3,Spray Dryer,Produzione,,Prosecuzione lotto,S26/0176,WSDFRXEC0803000A,semilavorato frassino foglia e.s. >=3.0 acidi fenolici  calc.come acido,22:00,02:30,4.5,,,,,,0.0,,,,,,,,,,,,,,,,
20260801031726-2,20260731-3-Spray_Dryer,2026-07-31,3,Spray Dryer,Produzione,,Chiusura lotto,S26/0176,WSDFRXEC0803000A,semilavorato frassino foglia e.s. >=3.0 acidi fenolici  calc.come acido,02:30,02:45,0.25,,,,,,0.0,,,,,,,,,,,,,329.0,,,
20260801031726-3,20260731-3-Spray_Dryer,2026-07-31,3,Spray Dryer,Lavaggio,CAU-3935DB7D7E,,,,,02:45,06:00,3.25,,,,,,,,,,,,,,,,,,,,,,LAVAGGIO CON CIPTON
20260803111841-1,20260803-1-Spray_Dryer,2026-08-03,1,Spray Dryer,Attesa prodotto,CAU-FDE4D75F56,,,,,06:00,07:00,1.0,,,,,,,,,,,,,,,,,,,,,,
20260803111841-2,20260803-1-Spray_Dryer,2026-08-03,1,Spray Dryer,Produzione,,Apertura lotto,S26/0177,WSDPPVRC38R0200A,Semilavorato Papavero Rosso fiore e.s.   D/E 2:1,07:00,14:00,7.0,,,,,,,,,,,,,,,,1024.0,16.7,100.0,,,,
20260803114315-1,20260803-1-Mescole,2026-08-03,1,Mescole,Attesa prodotto,CAU-FDE4D75F56,,,,,06:00,14:00,8.0,,,,,,,,,,,,,,,,,,,,,,
20260803193323-1,20260803-2-Mescole,2026-08-03,2,Mescole,Produzione,,Chiusura lotto,E26/2143,SSDZZZZC3200000A,Acido ascorbico polvere micronizzata,14:00,15:00,1.0,,Completato,,Mescola completata,1.0,,500.0,1.0,,,,,,,,,,,,,,
20260803193323-10,20260803-2-Mescole,2026-08-03,2,Mescole,Cambio lotto,CAU-5ED127B3F1,,,,,20:45,21:00,0.25,,,,,,,,,,,,,,,,,,,,,,
20260803193323-11,20260803-2-Mescole,2026-08-03,2,Mescole,Produzione,,Chiusura lotto,E26/2144,TSDVLROC1400800A,"Valeriana radice estratto secco >= 0,8% acidi sesquiterpenici totali",21:00,21:30,0.5,,Completato,,Mescola completata,1.0,,5.0,0.5,,,,,,,,,,,,,,
20260803193323-12,20260803-2-Mescole,2026-08-03,2,Mescole,Cambio lotto,CAU-5ED127B3F1,,,,,21:30,22:00,0.5,,,,,,,,,,,,,,,,,,,,,,
20260803193323-2,20260803-2-Mescole,2026-08-03,2,Mescole,Cambio lotto,CAU-5ED127B3F1,,,,,15:00,15:15,0.25,,,,,,,,,,,,,,,,,,,,,,
20260803193323-3,20260803-2-Mescole,2026-08-03,2,Mescole,Produzione,,Chiusura lotto,E26/2145,SSDTLPLC04R0400A,Tiglio fiore estratto secco D/E 4:1,15:15,16:30,1.25,,Completato,,Mescola completata,1.0,,200.0,1.25,,,,,,,,,,,,,,
20260803193323-4,20260803-2-Mescole,2026-08-03,2,Mescole,Cambio lotto,CAU-5ED127B3F1,,,,,16:30,16:45,0.25,,,,,,,,,,,,,,,,,,,,,,
20260803193323-5,20260803-2-Mescole,2026-08-03,2,Mescole,Produzione,,Apertura lotto,E26/2146,SSDECHUC07R0400A,Echinacea purpurea erba estratto secco D/E 4:1,16:45,18:00,1.25,,In corso,,Lavorazione in corso,1.0,,0.0,1.25,,,,,,,,,,,,,,
20260803193323-6,20260803-2-Mescole,2026-08-03,2,Mescole,Cambio lotto,CAU-5ED127B3F1,,,,,18:00,18:15,0.25,,,,,,,,,,,,,,,,,,,,,,
20260803193323-7,20260803-2-Mescole,2026-08-03,2,Mescole,Produzione,,Chiusura lotto,E26/2147,SSDHMLLC09R0400A,Luppolo infiorescenze (strobili) estr. secco D/E 4:1,18:15,19:45,1.5,,Completato,,Mescola completata,1.0,,200.0,1.5,,,,,,,,,,,,,,
20260803193323-8,20260803-2-Mescole,2026-08-03,2,Mescole,Cambio lotto,CAU-5ED127B3F1,,,,,19:45,20:00,0.25,,,,,,,,,,,,,,,,,,,,,,
20260803193323-9,20260803-2-Mescole,2026-08-03,2,Mescole,Produzione,,Chiusura lotto,E26/2142,TSDPHSVC12R0400A,Fagiolo baccello (frutto) estr.secco D/E 4:1,20:00,20:45,0.75,,Completato,,Mescola completata,1.0,,25.0,0.75,,,,,,,,,,,,,,
20260803193451-1,20260803-2-Spray_Dryer,2026-08-03,2,Spray Dryer,Produzione,,Prosecuzione lotto,S26/0177,WSDPPVRC38R0200A,Semilavorato Papavero Rosso fiore e.s.   D/E 2:1,14:00,21:30,7.5,,,,,,0.0,,,,,,,,,,,,,,,,
20260803193451-2,20260803-2-Spray_Dryer,2026-08-03,2,Spray Dryer,Lavaggio,CAU-3935DB7D7E,,,,,21:30,22:00,0.5,,,,,,,,,,,,,,,,,,,,,,lavaggio camera
20260803193454-1,20260803-2-Spray_Dryer,2026-08-03,2,Spray Dryer,Produzione,,Prosecuzione lotto,S26/0177,WSDPPVRC38R0200A,Semilavorato Papavero Rosso fiore e.s.   D/E 2:1,14:00,21:30,7.5,,,,,,0.0,,,,,,,,,,,,,,,,
20260803193454-2,20260803-2-Spray_Dryer,2026-08-03,2,Spray Dryer,Lavaggio,CAU-3935DB7D7E,,,,,21:30,22:00,0.5,,,,,,,,,,,,,,,,,,,,,,lavaggio camera
20260803194700-1,20260803-2-Comber,2026-08-03,2,Comber,Attesa prodotto,CAU-FDE4D75F56,,,,,14:00,22:00,8.0,,,,,,,,,,,,,,,,,,,,,,
20260803194746-1,20260803-3-Comber,2026-08-03,3,Comber,Attesa prodotto,CAU-FDE4D75F56,,,,,22:00,06:00,8.0,,,,,,,,,,,,,,,,,,,,,,
20260804035523-1,20260804-3-Comber,2026-08-04,3,Comber,Altro,CAU-12657F7B7C,,,,,22:00,06:00,8.0,,,,,,,,,,,,,,,,,,,,,,
20260804035554-1,20260804-3-EV200,2026-08-04,3,EV200,Altro,CAU-12657F7B7C,,,,,22:00,06:00,8.0,,,,,,,,,,,,,,,,,,,,,,
20260804035652-1,20260804-3-Spray_Dryer,2026-08-04,3,Spray Dryer,Produzione,,Prosecuzione lotto,S26/0177,WSDPPVRC38R0200A,Semilavorato Papavero Rosso fiore e.s.   D/E 2:1,22:00,06:00,8.0,,,,,,0.0,,,,,,,,,,,,,,,,
20260804035655-1,20260804-3-Spray_Dryer,2026-08-04,3,Spray Dryer,Produzione,,Prosecuzione lotto,S26/0177,WSDPPVRC38R0200A,Semilavorato Papavero Rosso fiore e.s.   D/E 2:1,22:00,06:00,8.0,,,,,,0.0,,,,,,,,,,,,,,,,
20260804111054-1,20260804-1-Mescole,2026-08-04,1,Mescole,Attesa prodotto,CAU-FDE4D75F56,,,,,06:00,10:00,4.0,,,,,,,,,,,,,,,,,,,,,,
20260804111054-2,20260804-1-Mescole,2026-08-04,1,Mescole,Manutenzione programmata,CAU-1B9F27322C,,,,,10:00,11:00,1.0,,,,,,,,,,,,,,,,,,,,,,
20260804111054-3,20260804-1-Mescole,2026-08-04,1,Mescole,Lavaggio,CAU-3935DB7D7E,,,,,11:00,12:30,1.5,,,,,,,,,,,,,,,,,,,,,,
20260804111054-4,20260804-1-Mescole,2026-08-04,1,Mescole,Attesa prodotto,CAU-FDE4D75F56,,,,,12:30,14:00,1.5,,,,,,,,,,,,,,,,,,,,,,
20260804114042-1,20260804-1-Spray_Dryer,2026-08-04,1,Spray Dryer,Produzione,,Chiusura lotto,S26/0177,WSDPPVRC38R0200A,Semilavorato Papavero Rosso fiore e.s.   D/E 2:1,06:00,09:30,3.5,,,,,,0.0,,,,,,,,,,,,,194.8,,,
20260804114042-2,20260804-1-Spray_Dryer,2026-08-04,1,Spray Dryer,Lavaggio,CAU-3935DB7D7E,,,,,09:30,10:15,0.75,,,,,,,,,,,,,,,,,,,,,,
20260804114042-3,20260804-1-Spray_Dryer,2026-08-04,1,Spray Dryer,Cambio lotto,CAU-5ED127B3F1,,,,,10:15,10:30,0.25,,,,,,,,,,,,,,,,,,,,,,
20260804114042-4,20260804-1-Spray_Dryer,2026-08-04,1,Spray Dryer,Produzione,,Apertura lotto,E26/2031,TSDURTDC08R0400A,ORTICA FOGLIA ESTRATTO SECCO D/E 4:1,10:30,14:00,3.5,,,,,,,,,,,,,,,,950.0,26.8,0.0,,,,
20260804130032-1,20260804-2-Comber,2026-08-04,2,Comber,Attesa prodotto,CAU-FDE4D75F56,,,,,14:00,22:00,8.0,,,,,,,,,,,,,,,,,,,,,,
20260804130035-1,20260804-2-Comber,2026-08-04,2,Comber,Attesa prodotto,CAU-FDE4D75F56,,,,,14:00,22:00,8.0,,,,,,,,,,,,,,,,,,,,,,
20260804205734-1,20260804-2-Spray_Dryer,2026-08-04,2,Spray Dryer,Produzione,,Prosecuzione lotto,E26/2031,TSDURTDC08R0400A,ORTICA FOGLIA ESTRATTO SECCO D/E 4:1,14:00,22:00,8.0,,,,,,0.0,,,,,,,,,,,,,,,,
20260805010521-1,20260805-3-Comber,2026-08-05,3,Comber,Altro,CAU-12657F7B7C,,,,,22:00,06:00,8.0,,,,,,,,,,,,,,,,,,,,,,
20260805010609-1,20260805-3-EV200,2026-08-05,3,EV200,Altro,CAU-12657F7B7C,,,,,22:00,06:00,8.0,,,,,,,,,,,,,,,,,,,,,,
20260805010916-1,20260805-3-Spray_Dryer,2026-08-05,3,Spray Dryer,Produzione,,Chiusura lotto,E26/2031,TSDURTDC08R0400A,ORTICA FOGLIA ESTRATTO SECCO D/E 4:1,22:00,04:00,6.0,,,,,,0.0,,,,,,,,,,,,,280.0,,,
20260805010916-2,20260805-3-Spray_Dryer,2026-08-05,3,Spray Dryer,Lavaggio,CAU-3935DB7D7E,,,,,04:00,06:00,2.0,,,,,,,,,,,,,,,,,,,,,,
20260805011029-1,20260805-3-Mescole,2026-08-05,3,Mescole,Altro,CAU-12657F7B7C,,,,,22:00,06:00,8.0,,,,,,,,,,,,,,,,,,,,,,
20260805102921-1,20260805-1-Mescole,2026-08-05,1,Mescole,Inventario,CAU-85F32B06D1,,,,,06:00,14:00,8.0,,,,,,,,,,,,,,,,,,,,,,
20260805103234-1,20260805-1-Comber,2026-08-05,1,Comber,Inventario,CAU-85F32B06D1,,,,,06:00,14:00,8.0,,,,,,,,,,,,,,,,,,,,,,
20260805103311-1,20260805-1-Comber,2026-08-05,1,Comber,Inventario,CAU-85F32B06D1,,,,,06:00,14:00,8.0,,,,,,,,,,,,,,,,,,,,,,
20260805103334-1,20260805-1-EV200,2026-08-05,1,EV200,Inventario,CAU-85F32B06D1,,,,,06:00,14:00,8.0,,,,,,,,,,,,,,,,,,,,,,
20260805103350-1,20260805-1-Spray_Dryer,2026-08-05,1,Spray Dryer,Lavaggio,CAU-3935DB7D7E,,,,,06:00,12:00,6.0,,,,,,,,,,,,,,,,,,,,,,
20260805103350-2,20260805-1-Spray_Dryer,2026-08-05,1,Spray Dryer,Inventario,CAU-85F32B06D1,,,,,12:00,14:00,2.0,,,,,,,,,,,,,,,,,,,,,,
20260805172932-1,20260805-2-Spray_Dryer,2026-08-05,2,Spray Dryer,Attesa prodotto,CAU-FDE4D75F56,,,,,14:00,22:00,8.0,,,,,,,,,,,,,,,,,,,,,,
20260805175056-1,20260805-2-Comber,2026-08-05,2,Comber,Altro,CAU-12657F7B7C,,,,,14:00,22:00,8.0,,,,,,,,,,,,,,,,,,,,,,
20260805175403-1,20260804-2-Mescole,2026-08-04,2,Mescole,Attesa prodotto,CAU-FDE4D75F56,,,,,14:00,22:00,8.0,,,,,,,,,,,,,,,,,,,,,,
20260805175438-1,20260805-2-Mescole,2026-08-05,2,Mescole,Attesa prodotto,CAU-FDE4D75F56,,,,,14:00,22:00,8.0,,,,,,,,,,,,,,,,,,,,,,
20260806032508-1,20260806-3-Comber,2026-08-06,3,Comber,Altro,CAU-12657F7B7C,,,,,22:00,06:00,8.0,,,,,,,,,,,,,,,,,,,,,,
20260806032511-1,20260806-3-Comber,2026-08-06,3,Comber,Altro,CAU-12657F7B7C,,,,,22:00,06:00,8.0,,,,,,,,,,,,,,,,,,,,,,
20260806032543-1,20260806-3-EV200,2026-08-06,3,EV200,Altro,CAU-12657F7B7C,,,,,22:00,06:00,8.0,,,,,,,,,,,,,,,,,,,,,,
20260806032621-1,20260806-3-Spray_Dryer,2026-08-06,3,Spray Dryer,Altro,CAU-12657F7B7C,,,,,22:00,06:00,8.0,,,,,,,,,,,,,,,,,,,,,,
20260806032658-1,20260806-3-Mescole,2026-08-06,3,Mescole,Altro,CAU-12657F7B7C,,,,,22:00,06:00,8.0,,,,,,,,,,,,,,,,,,,,,,
20260806105433-1,20260806-1-EV200,2026-08-06,1,EV200,Inventario,CAU-85F32B06D1,,,,,06:00,14:00,8.0,,,,,,,,,,,,,,,,,,,,,,
20260806105443-1,20260806-1-Comber,2026-08-06,1,Comber,Inventario,CAU-85F32B06D1,,,,,06:00,14:00,8.0,,,,,,,,,,,,,,,,,,,,,,
20260806105505-1,20260806-1-Spray_Dryer,2026-08-06,1,Spray Dryer,Inventario,CAU-85F32B06D1,,,,,06:00,14:00,8.0,,,,,,,,,,,,,,,,,,,,,,
20260806105533-1,20260806-1-Mescole,2026-08-06,1,Mescole,Inventario,CAU-85F32B06D1,,,,,06:00,14:00,8.0,,,,,,,,,,,,,,,,,,,,,,
20260807033243-1,20260807-3-Comber,2026-08-07,3,Comber,Altro,CAU-12657F7B7C,,,,,22:00,06:00,8.0,,,,,,,,,,,,,,,,,,,,,,
20260807033247-1,20260807-3-Comber,2026-08-07,3,Comber,Altro,CAU-12657F7B7C,,,,,22:00,06:00,8.0,,,,,,,,,,,,,,,,,,,,,,
20260807033316-1,20260807-3-EV200,2026-08-07,3,EV200,Altro,CAU-12657F7B7C,,,,,22:00,06:00,8.0,,,,,,,,,,,,,,,,,,,,,,
20260807033344-1,20260807-3-Spray_Dryer,2026-08-07,3,Spray Dryer,Altro,CAU-12657F7B7C,,,,,22:00,06:00,8.0,,,,,,,,,,,,,,,,,,,,,,
20260807033412-1,20260807-3-Mescole,2026-08-07,3,Mescole,Altro,CAU-12657F7B7C,,,,,22:00,06:00,8.0,,,,,,,,,,,,,,,,,,,,,,
20260824114537-1,20260824-1-Spray_Dryer,2026-08-24,1,Spray Dryer,Attesa prodotto,CAU-FDE4D75F56,,,,,06:00,14:00,8.0,,,,,,,,,,,,,,,,,,,,,,
20260824114541-1,20260824-1-Mescole,2026-08-24,1,Mescole,Attesa prodotto,CAU-FDE4D75F56,,,,,06:00,14:00,8.0,,,,,,,,,,,,,,,,,,,,,,
20260824143656-1,20260824-1-Comber,2026-08-24,1,Comber,Altro,CAU-12657F7B7C,,,,,06:00,07:00,1.0,,,,,,,,,,,,,,,,,,,,,,
20260824143656-2,20260824-1-Comber,2026-08-24,1,Comber,Produzione,,Apertura lotto,m26/0128,MDRMRRVC0700000M,MARRUBIO bianco erba tagliata,07:00,11:00,4.0,1.0,In corso,Completata,Scarico completato,,,,,129.0,800.0,2.0,,,,,,,,,,,
20260824143656-3,20260824-1-Comber,2026-08-24,1,Comber,Produzione,,Prosecuzione lotto,m26/0128,MDRMRRVC0700000M,MARRUBIO bianco erba tagliata,11:00,14:00,3.0,2.0,In corso,In corso,Lavorazione in corso,,0.0,,,129.0,0.0,0.0,,,,,,,,,,,
20260824160934-1,20260824-1-EV200,2026-08-24,1,EV200,Attesa prodotto,CAU-FDE4D75F56,,,,,06:00,14:00,8.0,,,,,,,,,,,,,,,,,,,,,,
20260824161053-1,20260824-1-Mescole,2026-08-24,1,Mescole,Attesa prodotto,CAU-FDE4D75F56,,,,,06:00,14:00,8.0,,,,,,,,,,,,,,,,,,,,,,
20260824161130-1,20260824-2-Mescole,2026-08-24,2,Mescole,Attesa prodotto,CAU-FDE4D75F56,,,,,14:00,22:00,8.0,,,,,,,,,,,,,,,,,,,,,,
20260824161145-1,20260824-1-Spray_Dryer,2026-08-24,1,Spray Dryer,Attesa prodotto,CAU-FDE4D75F56,,,,,06:00,14:00,8.0,,,,,,,,,,,,,,,,,,,,,,
20260824161216-1,20260824-2-Spray_Dryer,2026-08-24,2,Spray Dryer,Attesa prodotto,CAU-FDE4D75F56,,,,,14:00,22:00,8.0,,,,,,,,,,,,,,,,,,,,,,
20260824173056-1,20260824-2-Comber,2026-08-24,2,Comber,Produzione,,Prosecuzione lotto,m26/0128,MDRMRRVC0700000M,MARRUBIO bianco erba tagliata,14:00,15:00,1.0,2.0,In corso,In corso,Lavorazione in corso,,0.0,,,129.0,0.0,0.0,,,,,,,,,,,
20260824173056-2,20260824-2-Comber,2026-08-24,2,Comber,Produzione,,Prosecuzione lotto,m26/0128,MDRMRRVC0700000M,MARRUBIO bianco erba tagliata,15:00,19:00,4.0,2.0,In corso,Completata,Scarico completato,,0.0,,,129.0,800.0,1.9,,,,,,,,,,,
20260824173056-3,20260824-2-Comber,2026-08-24,2,Comber,Produzione,,Prosecuzione lotto,m26/0128,MDRMRRVC0700000M,MARRUBIO bianco erba tagliata,19:00,22:00,3.0,4.0,In corso,Completata,Scarico completato,,0.0,,,129.0,800.0,2.0,,,,,,,,,,,
20260824185145-1,20260824-2-EV200,2026-08-24,2,EV200,Attesa prodotto,CAU-FDE4D75F56,,,,,14:00,16:00,2.0,,,,,,,,,,,,,,,,,,,,,,
20260824185145-2,20260824-2-EV200,2026-08-24,2,EV200,Produzione,,Apertura lotto,m26/0128,MDRMRRVC0700000M,MARRUBIO bianco erba tagliata,16:00,21:30,5.5,,,,,,,,,,,,,,,,,,,,m26/0128,,
20260824185145-3,20260824-2-EV200,2026-08-24,2,EV200,Attesa prodotto,CAU-FDE4D75F56,,,,,21:30,22:00,0.5,,,,,,,,,,,,,,,,,,,,,,
20260824213454-1,20260824-3-Mescole,2026-08-24,3,Mescole,Attesa prodotto,CAU-FDE4D75F56,,,,,22:00,06:00,8.0,,,,,,,,,,,,,,,,,,,,,,
20260824213736-1,20260824-3-EV200,2026-08-24,3,EV200,Attesa prodotto,CAU-FDE4D75F56,,,,,22:00,02:00,4.0,,,,,,,,,,,,,,,,,,,,,,
20260824213736-2,20260824-3-EV200,2026-08-24,3,EV200,Produzione,,Prosecuzione lotto,m26/0128,MDRMRRVC0700000M,MARRUBIO bianco erba tagliata,02:00,06:00,4.0,,,,,,0.0,,,,,,,,,,,,,,m26/0128,,
20260825035403-1,20260824-3-Comber,2026-08-24,3,Comber,Produzione,,Prosecuzione lotto,m26/0128,MDRMRRVC0700000M,MARRUBIO bianco erba tagliata,22:00,23:00,1.0,4.0,In corso,Completata,Scarico completato,,0.0,,,129.0,800.0,1.9,,,,,,,,,,,
20260825035403-2,20260824-3-Comber,2026-08-24,3,Comber,Produzione,,Prosecuzione lotto,m26/0128,MDRMRRVC0700000M,MARRUBIO bianco erba tagliata,23:00,03:00,4.0,5.0,In corso,Completata,Scarico completato,,0.0,,,129.0,800.0,2.0,,,,,,,,,,,
20260825035403-3,20260824-3-Comber,2026-08-24,3,Comber,Produzione,,Prosecuzione lotto,m26/0128,MDRMRRVC0700000M,MARRUBIO bianco erba tagliata,03:00,06:00,3.0,6.0,In corso,Completata,Scarico completato,,0.0,,,129.0,800.0,2.0,,,,,,,,,,,
20260825091640-1,20260824-3-Spray_Dryer,2026-08-24,3,Spray Dryer,Attesa prodotto,CAU-FDE4D75F56,,,,,22:00,04:30,6.5,,,,,,,,,,,,,,,,,,,,,,
20260825091640-2,20260824-3-Spray_Dryer,2026-08-24,3,Spray Dryer,Produzione,,Apertura lotto,S26/0178,WSDMRRVC10R0200A,Semilavorato Marrubio bianco parti aeree  estratto secco D/ 2:1,04:30,06:00,1.5,,,,,,,,,,,,,,,,173.0,41.0,70.0,,,,
20260825104737-1,20260825-1-Comber,2026-08-25,1,Comber,Produzione,,Prosecuzione lotto,m26/0128,MDRMRRVC0700000M,MARRUBIO bianco erba tagliata,06:00,07:00,1.0,6.0,In corso,Completata,Scarico completato,,0.0,,,129.0,800.0,2.0,,,,,,,,,,,
20260825104737-2,20260825-1-Comber,2026-08-25,1,Comber,Produzione,,Prosecuzione lotto,m26/0128,MDRMRRVC0700000M,MARRUBIO bianco erba tagliata,07:00,11:00,4.0,7.0,In corso,Completata,Scarico completato,,0.0,,,129.0,800.0,2.0,,,,,,,,,,,
20260825104737-3,20260825-1-Comber,2026-08-25,1,Comber,Produzione,,Prosecuzione lotto,m26/0128,MDRMRRVC0700000M,MARRUBIO bianco erba tagliata,11:00,14:00,3.0,8.0,In corso,In corso,Lavorazione in corso,,0.0,,,129.0,0.0,0.0,,,,,,,,,,,
20260825104752-1,20260825-1-EV200,2026-08-25,1,EV200,Produzione,,Prosecuzione lotto,m26/0128,MDRMRRVC0700000M,MARRUBIO bianco erba tagliata,06:00,07:30,1.5,,,,,,0.0,,,,,,,,,,,,,,m26/0128,,
20260825104752-2,20260825-1-EV200,2026-08-25,1,EV200,Attesa prodotto,CAU-FDE4D75F56,,,,,07:30,11:30,4.0,,,,,,,,,,,,,,,,,,,,,,
20260825104752-3,20260825-1-EV200,2026-08-25,1,EV200,Produzione,,Prosecuzione lotto,m26/0128,MDRMRRVC0700000M,MARRUBIO bianco erba tagliata,11:30,14:00,2.5,,,,,,0.0,,,,,,,,,,,,,,m26/0128,,
20260825105058-1,20260825-1-Mescole,2026-08-25,1,Mescole,Attesa prodotto,CAU-FDE4D75F56,,,,,06:00,14:00,8.0,,,,,,,,,,,,,,,,,,,,,,
20260825112315-1,20260825-1-Spray_Dryer,2026-08-25,1,Spray Dryer,Produzione,,Prosecuzione lotto,S26/0178,WSDMRRVC10R0200A,Semilavorato Marrubio bianco parti aeree  estratto secco D/ 2:1,06:00,12:30,6.5,,,,,,0.0,,,,,,,,,,,,,,,,
20260825112315-2,20260825-1-Spray_Dryer,2026-08-25,1,Spray Dryer,Lavaggio,CAU-3935DB7D7E,,,,,12:30,13:30,1.0,,,,,,,,,,,,,,,,,,,,,,
20260825112315-3,20260825-1-Spray_Dryer,2026-08-25,1,Spray Dryer,Attesa prodotto,CAU-FDE4D75F56,,,,,13:30,14:00,0.5,,,,,,,,,,,,,,,,,,,,,,
20260825174808-1,20260825-2-Comber,2026-08-25,2,Comber,Produzione,,Prosecuzione lotto,m26/0128,MDRMRRVC0700000M,MARRUBIO bianco erba tagliata,14:00,15:00,1.0,8.0,In corso,Completata,Scarico completato,,0.0,,,129.0,800.0,2.0,,,,,,,,,,,
20260825174808-2,20260825-2-Comber,2026-08-25,2,Comber,Produzione,,Prosecuzione lotto,m26/0128,MDRMRRVC0700000M,MARRUBIO bianco erba tagliata,15:00,19:00,4.0,9.0,In corso,Completata,Scarico completato,,0.0,,,129.0,800.0,2.0,,,,,,,,,,,
20260825174808-3,20260825-2-Comber,2026-08-25,2,Comber,Produzione,,Prosecuzione lotto,m26/0128,MDRMRRVC0700000M,MARRUBIO bianco erba tagliata,19:00,22:00,3.0,9.0,In corso,Completata,Scarico completato,,0.0,,,129.0,800.0,1.9,,,,,,,,,,,
20260825184118-1,20260825-2-Mescole,2026-08-25,2,Mescole,Pulizia,CAU-B3C02737FF,,,,,14:00,15:15,1.25,,,,,,,,,,,,,,,,,,,,,,"sistemazione reparto, montaggio attrezzatura  per inizio ciclo produttivo"
20260825184118-2,20260825-2-Mescole,2026-08-25,2,Mescole,Produzione,,Chiusura lotto,E26/2188,SSDCRCLC15R0300A,Curcuma rizoma estratto secco,15:15,18:45,3.5,,Completato,,Mescola completata,1.0,,350.0,3.5,,,,,,,,,,,,,,
20260825184118-3,20260825-2-Mescole,2026-08-25,2,Mescole,Produzione,,Chiusura lotto,E26/2186,TSDSPRUC0700200A,"Spirea ulmaria erba estratto secco >= 0,2% acido salicilico",18:45,20:45,2.0,,Completato,,Mescola completata,1.0,,200.0,2.0,,,,,,,,,,,,,,
20260825184118-4,20260825-2-Mescole,2026-08-25,2,Mescole,Produzione,,Chiusura lotto,E26/2187,TSDMLSOC0802000A,"Melissa foglia estratto secco >=2,0% acido rosmarinico (HPLC); >= 4,0% tot. idross. come ac. rosmarinico (UV)",20:45,21:45,1.0,,Completato,,Mescola completata,1.0,,75.0,1.0,,,,,,,,,,,,,,
20260825184118-5,20260825-2-Mescole,2026-08-25,2,Mescole,Altro,CAU-12657F7B7C,,,,,21:45,22:00,0.25,,,,,,,,,,,,,,,,,,,,,,pulizia reparto per cambio turno successivo
20260825184123-1,20260825-2-Mescole,2026-08-25,2,Mescole,Pulizia,CAU-B3C02737FF,,,,,14:00,15:15,1.25,,,,,,,,,,,,,,,,,,,,,,"sistemazione reparto, montaggio attrezzatura  per inizio ciclo produttivo"
20260825184123-2,20260825-2-Mescole,2026-08-25,2,Mescole,Produzione,,Chiusura lotto,E26/2188,SSDCRCLC15R0300A,Curcuma rizoma estratto secco,15:15,18:45,3.5,,Completato,,Mescola completata,1.0,,350.0,3.5,,,,,,,,,,,,,,
20260825184123-3,20260825-2-Mescole,2026-08-25,2,Mescole,Produzione,,Chiusura lotto,E26/2186,TSDSPRUC0700200A,"Spirea ulmaria erba estratto secco >= 0,2% acido salicilico",18:45,20:45,2.0,,Completato,,Mescola completata,1.0,,200.0,2.0,,,,,,,,,,,,,,
20260825184123-4,20260825-2-Mescole,2026-08-25,2,Mescole,Produzione,,Chiusura lotto,E26/2187,TSDMLSOC0802000A,"Melissa foglia estratto secco >=2,0% acido rosmarinico (HPLC); >= 4,0% tot. idross. come ac. rosmarinico (UV)",20:45,21:45,1.0,,Completato,,Mescola completata,1.0,,75.0,1.0,,,,,,,,,,,,,,
20260825184123-5,20260825-2-Mescole,2026-08-25,2,Mescole,Altro,CAU-12657F7B7C,,,,,21:45,22:00,0.25,,,,,,,,,,,,,,,,,,,,,,pulizia reparto per cambio turno successivo
20260825222819-1,20260825-3-Mescole,2026-08-25,3,Mescole,Altro,CAU-12657F7B7C,,,,,22:00,06:00,8.0,,,,,,,,,,,,,,,,,,,,,,mancanza operatore
20260825222948-1,20260825-3-EV200,2026-08-25,3,EV200,Attesa prodotto,CAU-FDE4D75F56,,,,,22:00,02:00,4.0,,,,,,,,,,,,,,,,,,,,,,
20260825222948-2,20260825-3-EV200,2026-08-25,3,EV200,Produzione,,Prosecuzione lotto,m26/0128,MDRMRRVC0700000M,MARRUBIO bianco erba tagliata,02:00,06:00,4.0,,,,,,0.0,,,,,,,,,,,,,,m26/0128,,
20260825223024-1,20260825-2-Spray_Dryer,2026-08-25,2,Spray Dryer,Attesa prodotto,CAU-FDE4D75F56,,,,,14:00,16:30,2.5,,,,,,,,,,,,,,,,,,,,,,
20260825223024-2,20260825-2-Spray_Dryer,2026-08-25,2,Spray Dryer,Produzione,,Prosecuzione lotto,S26/0178,WSDMRRVC10R0200A,Semilavorato Marrubio bianco parti aeree  estratto secco D/ 2:1,16:30,22:00,5.5,,,,,,0.0,,,,,,,,,,,,,,,,
20260826030201-1,20260825-3-Spray_Dryer,2026-08-25,3,Spray Dryer,Produzione,,Prosecuzione lotto,S26/0178,WSDMRRVC10R0200A,Semilavorato Marrubio bianco parti aeree  estratto secco D/ 2:1,22:00,00:00,2.0,,,,,,0.0,,,,,,,,,,,,,,,,
20260826030201-2,20260825-3-Spray_Dryer,2026-08-25,3,Spray Dryer,Lavaggio,CAU-3935DB7D7E,,,,,00:00,01:00,1.0,,,,,,,,,,,,,,,,,,,,,,
20260826030201-3,20260825-3-Spray_Dryer,2026-08-25,3,Spray Dryer,Produzione,,Prosecuzione lotto,S26/0178,WSDMRRVC10R0200A,Semilavorato Marrubio bianco parti aeree  estratto secco D/ 2:1,01:00,06:00,5.0,,,,,,0.0,,,,,,,,,,,,,,,,
20260826030213-1,20260825-3-Comber,2026-08-25,3,Comber,Produzione,,Prosecuzione lotto,m26/0128,MDRMRRVC0700000M,MARRUBIO bianco erba tagliata,22:00,23:00,1.0,10.0,In corso,Completata,Scarico completato,,0.0,,,129.0,800.0,2.0,,,,,,,,,,,
20260826030213-2,20260825-3-Comber,2026-08-25,3,Comber,Produzione,,Prosecuzione lotto,m26/0128,MDRMRRVC0700000M,MARRUBIO bianco erba tagliata,23:00,03:00,4.0,11.0,In corso,Completata,Scarico completato,,0.0,,,129.0,800.0,2.0,,,,,,,,,,,
20260826030213-3,20260825-3-Comber,2026-08-25,3,Comber,Produzione,,Prosecuzione lotto,m26/0128,MDRMRRVC0700000M,MARRUBIO bianco erba tagliata,03:00,06:00,3.0,12.0,In corso,In corso,Lavorazione in corso,,0.0,,,129.0,0.0,0.0,,,,,,,,,,,
20260826103757-1,20260826-1-EV200,2026-08-26,1,EV200,Produzione,,Chiusura lotto,m26/0128,MDRMRRVC0700000M,MARRUBIO bianco erba tagliata,06:00,07:30,1.5,,,,,,0.0,,,,,,,,711.0,42.0,,,,,m26/0128,,
20260826103757-2,20260826-1-EV200,2026-08-26,1,EV200,Lavaggio,CAU-3935DB7D7E,,,,,07:30,08:00,0.5,,,,,,,,,,,,,,,,,,,,,,
20260826103757-3,20260826-1-EV200,2026-08-26,1,EV200,Attesa prodotto,CAU-FDE4D75F56,,,,,08:00,14:00,6.0,,,,,,,,,,,,,,,,,,,,,,
20260826103942-1,20260826-1-Comber,2026-08-26,1,Comber,Produzione,,Chiusura lotto,m26/0128,MDRMRRVC0700000M,MARRUBIO bianco erba tagliata,06:00,07:00,1.0,12.0,Completato,Completata,Scarico completato,,0.0,,,129.0,800.0,2.0,,,,,,,,,,,
20260826103942-2,20260826-1-Comber,2026-08-26,1,Comber,Lavaggio,CAU-3935DB7D7E,,,,,07:00,08:00,1.0,,,,,,,,,,,,,,,,,,,,,,
20260826103942-3,20260826-1-Comber,2026-08-26,1,Comber,Produzione,,Apertura lotto,m26/0127,MDRTRGFC1700000M,Fieno greco seme taglio estrazione,08:00,11:00,3.0,1.0,In corso,Completata,Scarico completato,,,,,200.0,650.0,1.8,,,,,,,,,,,
20260826103942-4,20260826-1-Comber,2026-08-26,1,Comber,Produzione,,Prosecuzione lotto,m26/0127,MDRTRGFC1700000M,Fieno greco seme taglio estrazione,11:00,14:00,3.0,2.0,In corso,Completata,Scarico completato,,0.0,,,200.0,650.0,1.8,,,,,,,,,,,
20260826113435-1,20260826-1-Spray_Dryer,2026-08-26,1,Spray Dryer,Produzione,,Prosecuzione lotto,S26/0178,WSDMRRVC10R0200A,Semilavorato Marrubio bianco parti aeree  estratto secco D/ 2:1,06:00,10:30,4.5,,,,,,0.0,,,,,,,,,,,,,,,,
20260826113435-2,20260826-1-Spray_Dryer,2026-08-26,1,Spray Dryer,Lavaggio,CAU-3935DB7D7E,,,,,10:30,11:30,1.0,,,,,,,,,,,,,,,,,,,,,,
20260826113435-3,20260826-1-Spray_Dryer,2026-08-26,1,Spray Dryer,Attesa prodotto,CAU-FDE4D75F56,,,,,11:30,13:00,1.5,,,,,,,,,,,,,,,,,,,,,,
20260826113435-4,20260826-1-Spray_Dryer,2026-08-26,1,Spray Dryer,Produzione,,Prosecuzione lotto,S26/0178,WSDMRRVC10R0200A,Semilavorato Marrubio bianco parti aeree  estratto secco D/ 2:1,13:00,14:00,1.0,,,,,,0.0,,,,,,,,,,,,,,,,
20260826113816-1,20260826-1-Mescole,2026-08-26,1,Mescole,Cambio lotto,CAU-5ED127B3F1,,,,,06:00,06:15,0.25,,,,,,,,,,,,,,,,,,,,,,
20260826113816-2,20260826-1-Mescole,2026-08-26,1,Mescole,Produzione,,Chiusura lotto,E26/2190,SSDTRXOC14R0400A,Tarassaco radice estratto secco D/E 4:1,06:15,06:30,0.25,,Completato,,Mescola completata,1.0,,5.0,0.25,,,,,,,,,,,,,,
20260826113816-3,20260826-1-Mescole,2026-08-26,1,Mescole,Cambio lotto,CAU-5ED127B3F1,,,,,06:30,06:45,0.25,,,,,,,,,,,,,,,,,,,,,,
20260826113816-4,20260826-1-Mescole,2026-08-26,1,Mescole,Produzione,,Chiusura lotto,E26/2189,SSDMLSOC08R0400A,Melissa foglia estratto secco D/E 4:1,06:45,08:30,1.75,,Completato,,Mescola completata,1.0,,50.0,1.75,,,,,,,,,,,,,,prodotto micronizzato
20260826113816-5,20260826-1-Mescole,2026-08-26,1,Mescole,Altro,CAU-12657F7B7C,,,,,08:30,14:00,5.5,,,,,,,,,,,,,,,,,,,,,,passaggio al reparto idroalcolico
20260826191747-1,20260826-2-Comber,2026-08-26,2,Comber,Produzione,,Prosecuzione lotto,m26/0127,MDRTRGFC1700000M,Fieno greco seme taglio estrazione,14:00,17:00,3.0,3.0,In corso,Completata,Scarico completato,,0.0,,,200.0,650.0,1.8,,,,,,,,,,,
20260826191747-2,20260826-2-Comber,2026-08-26,2,Comber,Produzione,,Prosecuzione lotto,m26/0127,MDRTRGFC1700000M,Fieno greco seme taglio estrazione,17:00,20:00,3.0,4.0,In corso,Completata,Scarico completato,,0.0,,,200.0,650.0,1.8,,,,,,,,,,,
20260826191747-3,20260826-2-Comber,2026-08-26,2,Comber,Produzione,,Prosecuzione lotto,m26/0127,MDRTRGFC1700000M,Fieno greco seme taglio estrazione,20:00,22:00,2.0,5.0,In corso,Completata,Scarico completato,,0.0,,,200.0,650.0,1.7,,,,,,,,,,,
20260826191834-1,20260826-2-EV200,2026-08-26,2,EV200,Attesa prodotto,CAU-FDE4D75F56,,,,,14:00,15:00,1.0,,,,,,,,,,,,,,,,,,,,,,
20260826191834-2,20260826-2-EV200,2026-08-26,2,EV200,Produzione,,Apertura lotto,m26/0127,MDRTRGFC1700000M,Fieno greco seme taglio estrazione,15:00,18:00,3.0,,,,,,,,,,,,,,,,,,,,m26/0127,,
20260826191834-3,20260826-2-EV200,2026-08-26,2,EV200,Attesa prodotto,CAU-FDE4D75F56,,,,,18:00,21:00,3.0,,,,,,,,,,,,,,,,,,,,,,
20260826191834-4,20260826-2-EV200,2026-08-26,2,EV200,Produzione,,Prosecuzione lotto,m26/0127,MDRTRGFC1700000M,Fieno greco seme taglio estrazione,21:00,22:00,1.0,,,,,,0.0,,,,,,,,,,,,,,m26/0127,,
20260826231937-1,20260826-3-Mescole,2026-08-26,3,Mescole,Attesa prodotto,CAU-FDE4D75F56,,,,,22:00,06:00,8.0,,,,,,,,,,,,,,,,,,,,,,
20260827032534-1,20260826-3-Comber,2026-08-26,3,Comber,Produzione,,Prosecuzione lotto,m26/0127,MDRTRGFC1700000M,Fieno greco seme taglio estrazione,22:00,23:00,1.0,5.0,In corso,Completata,Scarico completato,,0.0,,,200.0,650.0,1.7,,,,,,,,,,,
20260827032534-2,20260826-3-Comber,2026-08-26,3,Comber,Produzione,,Prosecuzione lotto,m26/0127,MDRTRGFC1700000M,Fieno greco seme taglio estrazione,23:00,02:00,3.0,6.0,In corso,Completata,Scarico completato,,0.0,,,200.0,650.0,1.8,,,,,,,,,,,
20260827032534-3,20260826-3-Comber,2026-08-26,3,Comber,Produzione,,Prosecuzione lotto,m26/0127,MDRTRGFC1700000M,Fieno greco seme taglio estrazione,02:00,05:00,3.0,7.0,In corso,Completata,Scarico completato,,0.0,,,200.0,650.0,1.8,,,,,,,,,,,
20260827032534-4,20260826-3-Comber,2026-08-26,3,Comber,Produzione,,Prosecuzione lotto,m26/0127,MDRTRGFC1700000M,Fieno greco seme taglio estrazione,05:00,06:00,1.0,8.0,In corso,In corso,Lavorazione in corso,,0.0,,,200.0,0.0,0.0,,,,,,,,,,,
20260827032554-1,20260826-3-EV200,2026-08-26,3,EV200,Produzione,,Prosecuzione lotto,m26/0127,MDRTRGFC1700000M,Fieno greco seme taglio estrazione,22:00,01:00,3.0,,,,,,0.0,,,,,,,,,,,,,,m26/0127,,
20260827032554-2,20260826-3-EV200,2026-08-26,3,EV200,Attesa prodotto,CAU-FDE4D75F56,,,,,01:00,05:00,4.0,,,,,,,,,,,,,,,,,,,,,,
20260827032554-3,20260826-3-EV200,2026-08-26,3,EV200,Produzione,,Prosecuzione lotto,m26/0127,MDRTRGFC1700000M,Fieno greco seme taglio estrazione,05:00,06:00,1.0,,,,,,0.0,,,,,,,,,,,,,,m26/0127,,
20260827032604-1,20260826-3-Spray_Dryer,2026-08-26,3,Spray Dryer,Produzione,,Chiusura lotto,S26/0178,WSDMRRVC10R0200A,Semilavorato Marrubio bianco parti aeree  estratto secco D/ 2:1,22:00,00:00,2.0,,,,,,0.0,,,,,,,,,,,,,492.0,,,
20260827032604-2,20260826-3-Spray_Dryer,2026-08-26,3,Spray Dryer,Lavaggio,CAU-3935DB7D7E,,,,,00:00,01:00,1.0,,,,,,,,,,,,,,,,,,,,,,
20260827032604-3,20260826-3-Spray_Dryer,2026-08-26,3,Spray Dryer,Produzione,,Apertura lotto,S26/0179,WSDPTRCC08R0400A,SEMILAVORATO PREZZEMOLO FOGLIE,01:00,03:00,2.0,,,,,,,,,,,,,,,,100.0,27.0,0.0,,,,
20260827032604-4,20260826-3-Spray_Dryer,2026-08-26,3,Spray Dryer,Lavaggio,CAU-3935DB7D7E,,,,,03:00,04:30,1.5,,,,,,,,,,,,,,,,,,,,,,
20260827032604-5,20260826-3-Spray_Dryer,2026-08-26,3,Spray Dryer,Attesa prodotto,CAU-FDE4D75F56,,,,,04:30,06:00,1.5,,,,,,,,,,,,,,,,,,,,,,
20260827090529-1,20260827-1-EV200,2026-08-27,1,EV200,Produzione,,Prosecuzione lotto,m26/0127,MDRTRGFC1700000M,Fieno greco seme taglio estrazione,06:00,08:30,2.5,,,,,,0.0,,,,,,,,,,,,,,m26/0127,,
20260827090529-2,20260827-1-EV200,2026-08-27,1,EV200,Attesa prodotto,CAU-FDE4D75F56,,,,,08:30,12:00,3.5,,,,,,,,,,,,,,,,,,,,,,
20260827090529-3,20260827-1-EV200,2026-08-27,1,EV200,Produzione,,Prosecuzione lotto,m26/0127,MDRTRGFC1700000M,Fieno greco seme taglio estrazione,12:00,14:00,2.0,,,,,,0.0,,,,,,,,,,,,,,m26/0127,,
20260827090533-1,20260827-1-EV200,2026-08-27,1,EV200,Produzione,,Prosecuzione lotto,m26/0127,MDRTRGFC1700000M,Fieno greco seme taglio estrazione,06:00,08:30,2.5,,,,,,0.0,,,,,,,,,,,,,,m26/0127,,
20260827090533-2,20260827-1-EV200,2026-08-27,1,EV200,Attesa prodotto,CAU-FDE4D75F56,,,,,08:30,12:00,3.5,,,,,,,,,,,,,,,,,,,,,,
20260827090533-3,20260827-1-EV200,2026-08-27,1,EV200,Produzione,,Prosecuzione lotto,m26/0127,MDRTRGFC1700000M,Fieno greco seme taglio estrazione,12:00,14:00,2.0,,,,,,0.0,,,,,,,,,,,,,,m26/0127,,
20260827112017-1,20260827-1-Spray_Dryer,2026-08-27,1,Spray Dryer,Attesa prodotto,CAU-FDE4D75F56,,,,,06:00,14:00,8.0,,,,,,,,,,,,,,,,,,,,,,
20260827114842-1,20260827-1-Comber,2026-08-27,1,Comber,Produzione,,Prosecuzione lotto,m26/0127,MDRTRGFC1700000M,Fieno greco seme taglio estrazione,06:00,08:00,2.0,8.0,In corso,Completata,Scarico completato,,0.0,,,200.0,650.0,1.8,,,,,,,,,,,
20260827114842-2,20260827-1-Comber,2026-08-27,1,Comber,Produzione,,Prosecuzione lotto,m26/0127,MDRTRGFC1700000M,Fieno greco seme taglio estrazione,08:00,11:00,3.0,9.0,In corso,Completata,Scarico completato,,0.0,,,200.0,650.0,1.8,,,,,,,,,,,
20260827114842-3,20260827-1-Comber,2026-08-27,1,Comber,Produzione,,Chiusura lotto,m26/0127,MDRTRGFC1700000M,Fieno greco seme taglio estrazione,11:00,14:00,3.0,10.0,Completato,Completata,Scarico completato,,0.0,,,200.0,650.0,1.8,,,,,,,,,,,
20260827115226-1,20260827-1-Mescole,2026-08-27,1,Mescole,Altro,CAU-12657F7B7C,,,,,06:00,14:00,8.0,,,,,,,,,,,,,,,,,,,,,,micronizzato lavorazioni di passiflora S26/0180 kg 375
20260827152019-1,20260826-2-Mescole,2026-08-26,2,Mescole,Produzione,,Chiusura lotto,E26/2191,SSDMTRCC04R0500A,Camomilla fiore estratto secco D/E 5:1,14:30,16:00,1.5,,Completato,,Mescola completata,1.0,,125.0,1.5,,,,,,,,,,,,,,
20260827152019-2,20260826-2-Mescole,2026-08-26,2,Mescole,Produzione,,Chiusura lotto,E26/2194,ASDOLERC08R0400A,Olivo foglia estratto secco D/E 4:1,16:00,17:00,1.0,,Completato,,Mescola completata,1.0,,60.0,1.0,,,,,,,,,,,,,,
20260827152019-3,20260826-2-Mescole,2026-08-26,2,Mescole,Produzione,,Chiusura lotto,E26/2192,ASDCCRMC17R1000A,Zucca seme estratto secco D/E 10:1,17:00,17:45,0.75,,Completato,,Mescola completata,1.0,,25.0,0.75,,,,,,,,,,,,,,
20260827152019-4,20260826-2-Mescole,2026-08-26,2,Mescole,Produzione,,Chiusura lotto,E26/2193,TSAGREC10R0400A,Agrimonia sommita' estratto secco 4:1,17:45,18:15,0.5,,Completato,,Mescola completata,1.0,,5.0,0.5,,,,,,,,,,,,,,
20260827152019-5,20260826-2-Mescole,2026-08-26,2,Mescole,Produzione,,Chiusura lotto,E26/2195,SSDTRXOC14R0400A,Tarassaco radice estratto secco D/E 4:1,18:15,20:30,2.25,,Completato,,Mescola completata,1.0,,200.0,2.25,,,,,,,,,,,,,,
20260827152019-6,20260826-2-Mescole,2026-08-26,2,Mescole,Altro,CAU-12657F7B7C,,,,,14:00,14:30,0.5,,,,,,,,,,,,,,,,,,,,,,
20260827152019-7,20260826-2-Mescole,2026-08-26,2,Mescole,Attesa prodotto,CAU-FDE4D75F56,,,,,20:30,22:00,1.5,,,,,,,,,,,,,,,,,,,,,,
20260827152025-1,20260826-2-Mescole,2026-08-26,2,Mescole,Produzione,,Chiusura lotto,E26/2191,SSDMTRCC04R0500A,Camomilla fiore estratto secco D/E 5:1,14:30,16:00,1.5,,Completato,,Mescola completata,1.0,,125.0,1.5,,,,,,,,,,,,,,
20260827152025-2,20260826-2-Mescole,2026-08-26,2,Mescole,Produzione,,Chiusura lotto,E26/2194,ASDOLERC08R0400A,Olivo foglia estratto secco D/E 4:1,16:00,17:00,1.0,,Completato,,Mescola completata,1.0,,60.0,1.0,,,,,,,,,,,,,,
20260827152025-3,20260826-2-Mescole,2026-08-26,2,Mescole,Produzione,,Chiusura lotto,E26/2192,ASDCCRMC17R1000A,Zucca seme estratto secco D/E 10:1,17:00,17:45,0.75,,Completato,,Mescola completata,1.0,,25.0,0.75,,,,,,,,,,,,,,
20260827152025-4,20260826-2-Mescole,2026-08-26,2,Mescole,Produzione,,Chiusura lotto,E26/2193,TSAGREC10R0400A,Agrimonia sommita' estratto secco 4:1,17:45,18:15,0.5,,Completato,,Mescola completata,1.0,,5.0,0.5,,,,,,,,,,,,,,
20260827152025-5,20260826-2-Mescole,2026-08-26,2,Mescole,Produzione,,Chiusura lotto,E26/2195,SSDTRXOC14R0400A,Tarassaco radice estratto secco D/E 4:1,18:15,20:30,2.25,,Completato,,Mescola completata,1.0,,200.0,2.25,,,,,,,,,,,,,,
20260827152025-6,20260826-2-Mescole,2026-08-26,2,Mescole,Altro,CAU-12657F7B7C,,,,,14:00,14:30,0.5,,,,,,,,,,,,,,,,,,,,,,
20260827152025-7,20260826-2-Mescole,2026-08-26,2,Mescole,Attesa prodotto,CAU-FDE4D75F56,,,,,20:30,22:00,1.5,,,,,,,,,,,,,,,,,,,,,,
20260827152026-1,20260826-2-Mescole,2026-08-26,2,Mescole,Produzione,,Chiusura lotto,E26/2191,SSDMTRCC04R0500A,Camomilla fiore estratto secco D/E 5:1,14:30,16:00,1.5,,Completato,,Mescola completata,1.0,,125.0,1.5,,,,,,,,,,,,,,
20260827152026-2,20260826-2-Mescole,2026-08-26,2,Mescole,Produzione,,Chiusura lotto,E26/2194,ASDOLERC08R0400A,Olivo foglia estratto secco D/E 4:1,16:00,17:00,1.0,,Completato,,Mescola completata,1.0,,60.0,1.0,,,,,,,,,,,,,,
20260827152026-3,20260826-2-Mescole,2026-08-26,2,Mescole,Produzione,,Chiusura lotto,E26/2192,ASDCCRMC17R1000A,Zucca seme estratto secco D/E 10:1,17:00,17:45,0.75,,Completato,,Mescola completata,1.0,,25.0,0.75,,,,,,,,,,,,,,
20260827152026-4,20260826-2-Mescole,2026-08-26,2,Mescole,Produzione,,Chiusura lotto,E26/2193,TSAGREC10R0400A,Agrimonia sommita' estratto secco 4:1,17:45,18:15,0.5,,Completato,,Mescola completata,1.0,,5.0,0.5,,,,,,,,,,,,,,
20260827152026-5,20260826-2-Mescole,2026-08-26,2,Mescole,Produzione,,Chiusura lotto,E26/2195,SSDTRXOC14R0400A,Tarassaco radice estratto secco D/E 4:1,18:15,20:30,2.25,,Completato,,Mescola completata,1.0,,200.0,2.25,,,,,,,,,,,,,,
20260827152026-6,20260826-2-Mescole,2026-08-26,2,Mescole,Altro,CAU-12657F7B7C,,,,,14:00,14:30,0.5,,,,,,,,,,,,,,,,,,,,,,
20260827152026-7,20260826-2-Mescole,2026-08-26,2,Mescole,Attesa prodotto,CAU-FDE4D75F56,,,,,20:30,22:00,1.5,,,,,,,,,,,,,,,,,,,,,,
20260827175640-1,20260827-2-Comber,2026-08-27,2,Comber,Lavaggio,CAU-3935DB7D7E,,,,,14:00,15:00,1.0,,,,,,,,,,,,,,,,,,,,,,
20260827175640-2,20260827-2-Comber,2026-08-27,2,Comber,Produzione,,Apertura lotto,m26/0131,MDRPRNAL05000,Peduncoli di ciliegia,15:00,19:00,4.0,1.0,In corso,Completata,Scarico completato,,,,,100.0,950.0,2.1,,,,,,,,,,,
20260827175640-3,20260827-2-Comber,2026-08-27,2,Comber,Produzione,,Prosecuzione lotto,m26/0131,MDRPRNAL05000,Peduncoli di ciliegia,19:00,22:00,3.0,2.0,In corso,Completata,Scarico completato,,0.0,,,100.0,950.0,2.0,,,,,,,,,,,
20260827175853-1,20260827-2-EV200,2026-08-27,2,EV200,Produzione,,Prosecuzione lotto,m26/0127,MDRTRGFC1700000M,Fieno greco seme taglio estrazione,14:00,14:30,0.5,,,,,,0.0,,,,,,,,,,,,,,m26/0127,,
20260827175853-2,20260827-2-EV200,2026-08-27,2,EV200,Attesa prodotto,CAU-FDE4D75F56,,,,,14:30,21:00,6.5,,,,,,,,,,,,,,,,,,,,,,
20260827175853-3,20260827-2-EV200,2026-08-27,2,EV200,Produzione,,Apertura lotto,m26/0131,MDRPRNAL05000,Peduncoli di ciliegia,21:00,22:00,1.0,,,,,,,,,,,,,,,,,,,,m26/0131,,
20260827193616-1,20260827-2-Spray_Dryer,2026-08-27,2,Spray Dryer,Attesa prodotto,CAU-FDE4D75F56,,,,,14:00,19:00,5.0,,,,,,,,,,,,,,,,,,,,,,
20260827193616-2,20260827-2-Spray_Dryer,2026-08-27,2,Spray Dryer,Produzione,,Apertura lotto,S26/0181,WSDTRGFC17R0400A,Semilavorato Fieno greco seme estratto secco D/E 4:1,19:00,22:00,3.0,,,,,,,,,,,,,,,,740.0,23.0,250.0,,,,
20260827195001-1,20260827-2-Mescole,2026-08-27,2,Mescole,Cambio lotto,CAU-5ED127B3F1,,,,,14:00,14:30,0.5,,,,,,,,,,,,,,,,,,,,,,
20260827195001-2,20260827-2-Mescole,2026-08-27,2,Mescole,Produzione,,Chiusura lotto,E2672202,AGLMPMAC05R1000A,Mela annurca e.s. frutto D/E 10:1,14:30,15:00,0.5,,Completato,,Mescola completata,1.0,,25.0,0.5,,,,,,,,,,,,,,
20260827195001-3,20260827-2-Mescole,2026-08-27,2,Mescole,Altro,CAU-12657F7B7C,,,,,15:00,20:30,5.5,,,,,,,,,,,,,,,,,,,,,,PASTORIZZAZIONE CON UHT + LAVAGGIO CON CIPTON + LAVAGGIO
20260827195001-4,20260827-2-Mescole,2026-08-27,2,Mescole,Produzione,,Chiusura lotto,E26/2202,SSDARCLC1400000A,Bardana radice estratto secco,20:30,22:00,1.5,,Completato,,Mescola completata,1.0,,200.0,1.5,,,,,,,,,,,,,,
20260828031510-1,20260827-3-EV200,2026-08-27,3,EV200,Produzione,,Prosecuzione lotto,m26/0131,MDRPRNAL05000,Peduncoli di ciliegia,05:00,06:00,1.0,,,,,,0.0,,,,,,,,,,,,,,m26/0131,,
20260828031510-2,20260827-3-EV200,2026-08-27,3,EV200,Produzione,,Prosecuzione lotto,m26/0131,MDRPRNAL05000,Peduncoli di ciliegia,22:00,01:00,3.0,,,,,,0.0,,,,,,,,,,,,,,m26/0131,,
20260828031510-3,20260827-3-EV200,2026-08-27,3,EV200,Attesa prodotto,CAU-FDE4D75F56,,,,,01:00,05:00,4.0,,,,,,,,,,,,,,,,,,,,,,
20260828031526-1,20260827-3-Mescole,2026-08-27,3,Mescole,Pulizia,CAU-B3C02737FF,,,,,22:00,22:30,0.5,,,,,,,,,,,,,,,,,,,,,,
20260828031526-2,20260827-3-Mescole,2026-08-27,3,Mescole,Produzione,,Chiusura lotto,E26/2205,SSDPTYOC02R0400A,Muira Puama corteccia estratto secco D/E 4:1,22:30,23:30,1.0,,Completato,,Mescola completata,1.0,,100.0,1.0,,,,,,,,,,,,,,
20260828031526-3,20260827-3-Mescole,2026-08-27,3,Mescole,Cambio lotto,CAU-5ED127B3F1,,,,,23:30,23:45,0.25,,,,,,,,,,,,,,,,,,,,,,
20260828031526-4,20260827-3-Mescole,2026-08-27,3,Mescole,Produzione,,Chiusura lotto,E26/2206,SSDURTDC08R0200A,Ortica foglia estratto secco,23:45,00:45,1.0,,Completato,,Mescola completata,1.0,,100.0,1.0,,,,,,,,,,,,,,
20260828031526-5,20260827-3-Mescole,2026-08-27,3,Mescole,Cambio lotto,CAU-5ED127B3F1,,,,,00:45,01:00,0.25,,,,,,,,,,,,,,,,,,,,,,
20260828031526-6,20260827-3-Mescole,2026-08-27,3,Mescole,Produzione,,Chiusura lotto,E26/2203,SSDMLLOC22R0400A,Meliloto sommità fiorita estratto secco acquoso D/E 4:1,01:00,03:00,2.0,,Completato,,Mescola completata,1.0,,200.0,2.0,,,,,,,,,,,,,,
20260828031526-7,20260827-3-Mescole,2026-08-27,3,Mescole,Cambio lotto,CAU-5ED127B3F1,,,,,03:00,03:15,0.25,,,,,,,,,,,,,,,,,,,,,,
20260828031526-8,20260827-3-Mescole,2026-08-27,3,Mescole,Produzione,,Chiusura lotto,E26/2204,SSDTHYVC07R0200A,Timo vulgare foglia estr.secco,03:15,05:15,2.0,,Completato,,Mescola completata,1.0,,200.0,2.0,,,,,,,,,,,,,,
20260828031526-9,20260827-3-Mescole,2026-08-27,3,Mescole,Lavaggio,CAU-3935DB7D7E,,,,,05:15,06:00,0.75,,,,,,,,,,,,,,,,,,,,,,
20260828031538-1,20260827-3-Comber,2026-08-27,3,Comber,Produzione,,Prosecuzione lotto,m26/0131,MDRPRNAL05000,Peduncoli di ciliegia,22:00,23:00,1.0,2.0,In corso,Completata,Scarico completato,,0.0,,,100.0,950.0,2.0,,,,,,,,,,,
20260828031538-2,20260827-3-Comber,2026-08-27,3,Comber,Produzione,,Prosecuzione lotto,m26/0131,MDRPRNAL05000,Peduncoli di ciliegia,23:00,03:00,4.0,3.0,In corso,Completata,Scarico completato,,0.0,,,100.0,950.0,2.1,,,,,,,,,,,
20260828031538-3,20260827-3-Comber,2026-08-27,3,Comber,Produzione,,Prosecuzione lotto,m26/0131,MDRPRNAL05000,Peduncoli di ciliegia,03:00,06:00,3.0,4.0,In corso,In corso,Lavorazione in corso,,0.0,,,100.0,0.0,0.0,,,,,,,,,,,
20260828092323-1,20260828-1-Comber,2026-08-28,1,Comber,Produzione,,Chiusura lotto,m26/0131,MDRPRNAL05000,Peduncoli di ciliegia,06:00,07:00,1.0,4.0,Completato,Completata,Scarico completato,,0.0,,,100.0,900.0,1.6,,,,,,,,,,,
20260828092323-2,20260828-1-Comber,2026-08-28,1,Comber,Lavaggio,CAU-3935DB7D7E,,,,,07:00,08:00,1.0,,,,,,,,,,,,,,,,,,,,,,
20260828092323-3,20260828-1-Comber,2026-08-28,1,Comber,Produzione,,Apertura lotto,m26/0132,MDRARMRC1400000M,Rafano radice,08:00,11:00,3.0,1.0,In corso,Completata,Scarico completato,,,,,118.26,600.0,4.2,,,,,,,,,,,
20260828092323-4,20260828-1-Comber,2026-08-28,1,Comber,Produzione,,Prosecuzione lotto,m26/0132,MDRARMRC1400000M,Rafano radice,11:00,14:00,3.0,2.0,In corso,Completata,Scarico completato,,0.0,,,118.26,600.0,4.2,,,,,,,,,,,
20260828094124-1,20260827-3-Spray_Dryer,2026-08-27,3,Spray Dryer,Produzione,,Prosecuzione lotto,S26/0181,WSDTRGFC17R0400A,Semilavorato Fieno greco seme estratto secco D/E 4:1,22:00,06:00,8.0,,,,,,0.0,,,,,,,,,,,,,,,,
20260828094127-1,20260827-3-Spray_Dryer,2026-08-27,3,Spray Dryer,Produzione,,Prosecuzione lotto,S26/0181,WSDTRGFC17R0400A,Semilavorato Fieno greco seme estratto secco D/E 4:1,22:00,06:00,8.0,,,,,,0.0,,,,,,,,,,,,,,,,
20260828111432-1,20260828-1-EV200,2026-08-28,1,EV200,Produzione,,Chiusura lotto,m26/0131,MDRPRNAL05000,Peduncoli di ciliegia,06:00,09:00,3.0,,,,,,0.0,,,,,,,,353.0,26.0,,,,,m26/0131,,
20260828111432-2,20260828-1-EV200,2026-08-28,1,EV200,Lavaggio,CAU-3935DB7D7E,,,,,09:00,09:30,0.5,,,,,,,,,,,,,,,,,,,,,,
20260828111432-3,20260828-1-EV200,2026-08-28,1,EV200,Attesa prodotto,CAU-FDE4D75F56,,,,,09:30,13:00,3.5,,,,,,,,,,,,,,,,,,,,,,
20260828111432-4,20260828-1-EV200,2026-08-28,1,EV200,Produzione,,Apertura lotto,m26/0132,MDRARMRC1400000M,Rafano radice,13:00,14:00,1.0,,,,,,,,,,,,,,,,,,,,m26/0132,,
20260828113040-1,20260828-1-Spray_Dryer,2026-08-28,1,Spray Dryer,Produzione,,Prosecuzione lotto,S26/0181,WSDTRGFC17R0400A,Semilavorato Fieno greco seme estratto secco D/E 4:1,06:00,14:00,8.0,,,,,,0.0,,,,,,,,,,,,,,,,
20260828183721-1,20260828-2-Comber,2026-08-28,2,Comber,Produzione,,Prosecuzione lotto,m26/0132,MDRARMRC1400000M,Rafano radice,14:00,17:00,3.0,3.0,In corso,Completata,Scarico completato,,0.0,,,118.26,600.0,4.1,,,,,,,,,,,
20260828183721-2,20260828-2-Comber,2026-08-28,2,Comber,Produzione,,Prosecuzione lotto,m26/0132,MDRARMRC1400000M,Rafano radice,17:00,20:00,3.0,4.0,In corso,Completata,Scarico completato,,0.0,,,118.26,600.0,4.2,,,,,,,,,,,
20260828183721-3,20260828-2-Comber,2026-08-28,2,Comber,Produzione,,Prosecuzione lotto,m26/0132,MDRARMRC1400000M,Rafano radice,20:00,22:00,2.0,5.0,In corso,Completata,Scarico completato,,0.0,,,118.26,600.0,4.2,,,,,,,,,,,
20260828184148-1,20260828-2-EV200,2026-08-28,2,EV200,Produzione,,Prosecuzione lotto,m26/0132,MDRARMRC1400000M,Rafano radice,14:00,15:00,1.0,,,,,,0.0,,,,,,,,,,,,,,m26/0132,,
20260828184148-2,20260828-2-EV200,2026-08-28,2,EV200,Attesa prodotto,CAU-FDE4D75F56,,,,,15:00,16:00,1.0,,,,,,,,,,,,,,,,,,,,,,
20260828184148-3,20260828-2-EV200,2026-08-28,2,EV200,Produzione,,Prosecuzione lotto,m26/0132,MDRARMRC1400000M,Rafano radice,16:00,18:00,2.0,,,,,,0.0,,,,,,,,,,,,,,m26/0132,,
20260828184148-4,20260828-2-EV200,2026-08-28,2,EV200,Attesa prodotto,CAU-FDE4D75F56,,,,,18:00,19:00,1.0,,,,,,,,,,,,,,,,,,,,,,
20260828184148-5,20260828-2-EV200,2026-08-28,2,EV200,Produzione,,Prosecuzione lotto,m26/0132,MDRARMRC1400000M,Rafano radice,19:00,21:00,2.0,,,,,,0.0,,,,,,,,,,,,,,m26/0132,,
20260829031538-1,20260828-3-Comber,2026-08-28,3,Comber,Scarico estrattore,,Scarico estrattore,m26/0132,MDRARMRC1400000M,Rafano radice,22:00,23:00,1.0,,In corso,,Scarico estrattore,,,,,,,,,,,,,,,,,,
20260829031538-2,20260828-3-Comber,2026-08-28,3,Comber,Lavaggio,CAU-3935DB7D7E,,,,,23:00,06:00,7.0,,,,,,,,,,,,,,,,,,,,,,
20260829031620-1,20260828-3-EV200,2026-08-28,3,EV200,Produzione,,Prosecuzione lotto,m26/0132,MDRARMRC1400000M,Rafano radice,22:00,00:00,2.0,,,,,,0.0,,,,,,,,,,,,,,m26/0132,,
20260829031620-2,20260828-3-EV200,2026-08-28,3,EV200,Lavaggio,CAU-3935DB7D7E,,,,,00:00,06:00,6.0,,,,,,,,,,,,,,,,,,,,,,
20260829031910-1,20260828-3-Spray_Dryer,2026-08-28,3,Spray Dryer,Pulizia,CAU-B3C02737FF,,,,,22:00,22:30,0.5,,,,,,,,,,,,,,,,,,,,,,
20260829031910-2,20260828-3-Spray_Dryer,2026-08-28,3,Spray Dryer,Produzione,,Chiusura lotto,S26/0181,WSDTRGFC17R0400A,Semilavorato Fieno greco seme estratto secco D/E 4:1,22:30,05:00,6.5,,,,,,0.0,,,,,,,,,,,,,358.0,,,
20260829031910-3,20260828-3-Spray_Dryer,2026-08-28,3,Spray Dryer,Lavaggio,CAU-3935DB7D7E,,,,,05:00,06:00,1.0,,,,,,,,,,,,,,,,,,,,,,
20260829031922-1,20260828-3-Mescole,2026-08-28,3,Mescole,Cambio lotto,CAU-5ED127B3F1,,,,,22:00,22:30,0.5,,,,,,,,,,,,,,,,,,,,,,
20260829031922-2,20260828-3-Mescole,2026-08-28,3,Mescole,Produzione,,Chiusura lotto,E26/2201,TSDLYCBC0500000A,Goji frutto estratto secco >= 50.0% polisaccaridi,22:30,04:00,5.5,,Completato,,Mescola completata,2.0,,650.0,11.0,,,,,,,,,,,,,,
20260829031922-3,20260828-3-Mescole,2026-08-28,3,Mescole,Lavaggio,CAU-3935DB7D7E,,,,,04:00,06:00,2.0,,,,,,,,,,,,,,,,,,,,,,
20260831114547-1,20260831-1-Comber,2026-08-31,1,Comber,Altro,CAU-12657F7B7C,,,,,06:00,06:30,0.5,,,,,,,,,,,,,,,,,,,,,,
20260831114547-2,20260831-1-Comber,2026-08-31,1,Comber,Produzione,,Apertura lotto,M26/0133,MDRORTSC1000000M,ORTHOSIPHON SOMMITA',06:30,11:30,5.0,1.0,In corso,Completata,Scarico completato,,,,,125.0,900.0,1.2,,,,,,,,,,,Fermo dalle 9:30 alle 10:30 perchè mancava lo scarrabbile
20260831114547-3,20260831-1-Comber,2026-08-31,1,Comber,Produzione,,Prosecuzione lotto,M26/0133,MDRORTSC1000000M,ORTHOSIPHON SOMMITA',11:30,14:00,2.5,2.0,In corso,Completata,Scarico completato,,0.0,,,125.0,900.0,1.2,,,,,,,,,,,
20260831115638-1,20260831-1-EV200,2026-08-31,1,EV200,Attesa prodotto,CAU-FDE4D75F56,,,,,06:00,14:00,8.0,,,,,,,,,,,,,,,,,,,,,,
20260831183338-1,20260831-2-Mescole,2026-08-31,2,Mescole,Altro,CAU-12657F7B7C,,,,,14:00,16:00,2.0,,,,,,,,,,,,,,,,,,,,,,pastorizzazione con UHT piu' lavaggio
20260831183338-10,20260831-2-Mescole,2026-08-31,2,Mescole,Cambio lotto,CAU-5ED127B3F1,,,,,21:00,21:15,0.25,,,,,,,,,,,,,,,,,,,,,,
20260831183338-11,20260831-2-Mescole,2026-08-31,2,Mescole,Produzione,,Apertura lotto,E26/2215,TSDVRBTC10R0400A,Verbasco parti aeree (erba fiorita) estratto secco D/E 4:1,21:15,22:00,0.75,,In corso,,Lavorazione in corso,1.0,,0.0,0.75,,,,,,,,,,,,,,
20260831183338-2,20260831-2-Mescole,2026-08-31,2,Mescole,Altro,CAU-12657F7B7C,,,,,16:00,16:30,0.5,,,,,,,,,,,,,,,,,,,,,,preparazione reparto
20260831183338-3,20260831-2-Mescole,2026-08-31,2,Mescole,Produzione,,Chiusura lotto,E26/2213,TSDCNNZC02R0400A,Cannella corteccia estratto secco D/E 4:1,16:30,18:00,1.5,,Completato,,Mescola completata,1.0,50.0,150.0,1.5,,,,,,,,,,,,,MIX-ORDCL-756-23-TSDCNNZC02R0400A,
20260831183338-4,20260831-2-Mescole,2026-08-31,2,Mescole,Cambio lotto,CAU-5ED127B3F1,,,,,18:00,18:15,0.25,,,,,,,,,,,,,,,,,,,,,,
20260831183338-5,20260831-2-Mescole,2026-08-31,2,Mescole,Produzione,,Chiusura lotto,E26/2199,ASDPLNLC0801000A,Piantaggine 1% verbascoside,18:15,19:00,0.75,,Completato,,Mescola completata,1.0,,50.0,0.75,,,,,,,,,,,,,,
20260831183338-6,20260831-2-Mescole,2026-08-31,2,Mescole,Cambio lotto,CAU-5ED127B3F1,,,,,19:00,19:15,0.25,,,,,,,,,,,,,,,,,,,,,,
20260831183338-7,20260831-2-Mescole,2026-08-31,2,Mescole,Produzione,,Chiusura lotto,E26/2200,TSDZMYSC30R0400A,Mais stigmi estratto secco D/E 4:1 (uso alimentare),19:15,20:00,0.75,,Completato,,Mescola completata,1.0,,25.0,0.75,,,,,,,,,,,,,,
20260831183338-8,20260831-2-Mescole,2026-08-31,2,Mescole,Cambio lotto,CAU-5ED127B3F1,,,,,20:00,20:15,0.25,,,,,,,,,,,,,,,,,,,,,,
20260831183338-9,20260831-2-Mescole,2026-08-31,2,Mescole,Produzione,,Chiusura lotto,E26/2214,TSDVTXAC0500500A,"Agnocasto frutto estratto secco >=0,5% agnusidi calc. come agnuside",20:15,21:00,0.75,,Completato,,Mescola completata,1.0,25.0,25.0,0.75,,,,,,,,,,,,,MIX-ORDCL-657-31-TSDVTXAC0500500A,
20260831183637-1,20260831-2-Spray_Dryer,2026-08-31,2,Spray Dryer,Produzione,,Apertura lotto,E26/0184,YSDMLSOC0805000A,"Semilavorato melissa foglia estratto secco >= 5,0% derivati idrossicinnamici tot. ",14:00,22:00,8.0,,,,,,,,,,,,,,,,569.0,13.0,5.0,,,,
20260831192356-1,20260831-2-Comber,2026-08-31,2,Comber,Produzione,,Prosecuzione lotto,M26/0133,MDRORTSC1000000M,ORTHOSIPHON SOMMITA',14:00,15:30,1.5,2.0,In corso,Completata,Scarico completato,,0.0,,,125.0,900.0,1.1,,,,,,,,,,,
20260831192356-2,20260831-2-Comber,2026-08-31,2,Comber,Produzione,,Prosecuzione lotto,M26/0133,MDRORTSC1000000M,ORTHOSIPHON SOMMITA',15:30,19:30,4.0,3.0,In corso,Completata,Scarico completato,,0.0,,,125.0,900.0,1.2,,,,,,,,,,,
20260831192356-3,20260831-2-Comber,2026-08-31,2,Comber,Produzione,,Prosecuzione lotto,M26/0133,MDRORTSC1000000M,ORTHOSIPHON SOMMITA',19:30,22:00,2.5,4.0,In corso,In corso,Lavorazione in corso,,0.0,,,125.0,0.0,0.0,,,,,,,,,,,
20260831192522-1,20260831-2-EV200,2026-08-31,2,EV200,Produzione,,Apertura lotto,M26/0133,MDRORTSC1000000M,ORTHOSIPHON SOMMITA',14:00,18:45,4.75,,,,,,,,,,,,,,,,,,,,M26/0133,,
20260831192522-2,20260831-2-EV200,2026-08-31,2,EV200,Attesa prodotto,CAU-FDE4D75F56,,,,,18:45,22:00,3.25,,,,,,,,,,,,,,,,,,,,,,
20260831192526-1,20260831-2-EV200,2026-08-31,2,EV200,Produzione,,Apertura lotto,M26/0133,MDRORTSC1000000M,ORTHOSIPHON SOMMITA',14:00,18:45,4.75,,,,,,,,,,,,,,,,,,,,M26/0133,,
20260831192526-2,20260831-2-EV200,2026-08-31,2,EV200,Attesa prodotto,CAU-FDE4D75F56,,,,,18:45,22:00,3.25,,,,,,,,,,,,,,,,,,,,,,
20260901021524-1,20260831-3-Comber,2026-08-31,3,Comber,Produzione,,Prosecuzione lotto,M26/0133,MDRORTSC1000000M,ORTHOSIPHON SOMMITA',22:00,23:30,1.5,4.0,In corso,Completata,Scarico completato,,0.0,,,125.0,900.0,1.2,,,,,,,,,,,
20260901021524-2,20260831-3-Comber,2026-08-31,3,Comber,Produzione,,Prosecuzione lotto,M26/0133,MDRORTSC1000000M,ORTHOSIPHON SOMMITA',23:30,03:30,4.0,5.0,In corso,Completata,Scarico completato,,0.0,,,125.0,900.0,1.2,,,,,,,,,,,
20260901021524-3,20260831-3-Comber,2026-08-31,3,Comber,Produzione,,Prosecuzione lotto,M26/0133,MDRORTSC1000000M,ORTHOSIPHON SOMMITA',03:30,06:00,2.5,6.0,In corso,In corso,Lavorazione in corso,,0.0,,,125.0,0.0,0.0,,,,,,,,,,,
20260901021633-1,20260831-3-EV200,2026-08-31,3,EV200,Attesa prodotto,CAU-FDE4D75F56,,,,,22:00,01:00,3.0,,,,,,,,,,,,,,,,,,,,,,
20260901021633-2,20260831-3-EV200,2026-08-31,3,EV200,Produzione,,Prosecuzione lotto,M26/0133,MDRORTSC1000000M,ORTHOSIPHON SOMMITA',01:00,06:00,5.0,,,,,,0.0,,,,,,,,,,,,,,M26/0133,,
20260901021746-1,20260831-3-Mescole,2026-08-31,3,Mescole,Altro,CAU-12657F7B7C,,,,,22:00,06:00,8.0,,,,,,,,,,,,,,,,,,,,,,
20260901024101-1,20260831-3-Spray_Dryer,2026-08-31,3,Spray Dryer,Produzione,,Chiusura lotto,E26/0184,YSDMLSOC0805000A,"Semilavorato melissa foglia estratto secco >= 5,0% derivati idrossicinnamici tot. ",22:00,02:00,4.0,,,,,,0.0,,,,,,,,,,,,,53.0,,,
20260901024101-2,20260831-3-Spray_Dryer,2026-08-31,3,Spray Dryer,Pulizia,CAU-B3C02737FF,,,,,02:00,02:30,0.5,,,,,,,,,,,,,,,,,,,,,,
20260901024101-3,20260831-3-Spray_Dryer,2026-08-31,3,Spray Dryer,Produzione,,Apertura lotto,S26/0183,WSDURTDC08R0200A,Semilavorato Ortica foglia estratto secc,02:30,06:00,3.5,,,,,,,,,,,,,,,,900.0,32.0,0.0,,,,
20260901111937-1,20260901-1-Spray_Dryer,2026-09-01,1,Spray Dryer,Produzione,,Prosecuzione lotto,S26/0183,WSDURTDC08R0200A,Semilavorato Ortica foglia estratto secc,06:00,14:00,8.0,,,,,,0.0,,,,,,,,,,,,,,,,
20260901111939-1,20260901-1-Spray_Dryer,2026-09-01,1,Spray Dryer,Produzione,,Prosecuzione lotto,S26/0183,WSDURTDC08R0200A,Semilavorato Ortica foglia estratto secc,06:00,14:00,8.0,,,,,,0.0,,,,,,,,,,,,,,,,
20260901113131-1,20260901-1-Comber,2026-09-01,1,Comber,Produzione,,Prosecuzione lotto,M26/0133,MDRORTSC1000000M,ORTHOSIPHON SOMMITA',06:00,07:30,1.5,6.0,In corso,Completata,Scarico completato,,0.0,,,125.0,900.0,1.2,,,,,,,,,,,
20260901113131-2,20260901-1-Comber,2026-09-01,1,Comber,Produzione,,Prosecuzione lotto,M26/0133,MDRORTSC1000000M,ORTHOSIPHON SOMMITA',07:30,11:30,4.0,7.0,In corso,Completata,Scarico completato,,0.0,,,125.0,900.0,1.2,,,,,,,,,,,
20260901113131-3,20260901-1-Comber,2026-09-01,1,Comber,Produzione,,Prosecuzione lotto,M26/0133,MDRORTSC1000000M,ORTHOSIPHON SOMMITA',11:30,14:00,2.5,8.0,In corso,Completata,Scarico completato,,0.0,,,125.0,900.0,1.2,,,,,,,,,,,
20260901113242-1,20260901-1-EV200,2026-09-01,1,EV200,Attesa prodotto,CAU-FDE4D75F56,,,,,06:00,11:00,5.0,,,,,,,,,,,,,,,,,,,,,,
20260901113242-2,20260901-1-EV200,2026-09-01,1,EV200,Produzione,,Prosecuzione lotto,M26/0133,MDRORTSC1000000M,ORTHOSIPHON SOMMITA',11:00,14:00,3.0,,,,,,0.0,,,,,,,,,,,,,,M26/0133,,
20260901183545-1,20260901-2-Spray_Dryer,2026-09-01,2,Spray Dryer,Produzione,,Chiusura lotto,S26/0183,WSDURTDC08R0200A,Semilavorato Ortica foglia estratto secc,14:00,18:30,4.5,,,,,,0.0,,,,,,,,,,,,,265.0,,,
20260901183545-2,20260901-2-Spray_Dryer,2026-09-01,2,Spray Dryer,Lavaggio,CAU-3935DB7D7E,,,,,18:30,19:30,1.0,,,,,,,,,,,,,,,,,,,,,,
20260901183545-3,20260901-2-Spray_Dryer,2026-09-01,2,Spray Dryer,Produzione,,Apertura lotto,S26/0182,WSDPRNAC29R0400A,Semilavorato Ciliegio peduncoli e.s. acquoso  D/E 4:1,19:30,22:00,2.5,,,,,,,,,,,,,,,,498.0,19.5,45.0,,,,
20260901183547-1,20260901-2-Spray_Dryer,2026-09-01,2,Spray Dryer,Produzione,,Chiusura lotto,S26/0183,WSDURTDC08R0200A,Semilavorato Ortica foglia estratto secc,14:00,18:30,4.5,,,,,,0.0,,,,,,,,,,,,,265.0,,,
20260901183547-2,20260901-2-Spray_Dryer,2026-09-01,2,Spray Dryer,Lavaggio,CAU-3935DB7D7E,,,,,18:30,19:30,1.0,,,,,,,,,,,,,,,,,,,,,,
20260901183547-3,20260901-2-Spray_Dryer,2026-09-01,2,Spray Dryer,Produzione,,Apertura lotto,S26/0182,WSDPRNAC29R0400A,Semilavorato Ciliegio peduncoli e.s. acquoso  D/E 4:1,19:30,22:00,2.5,,,,,,,,,,,,,,,,498.0,19.5,45.0,,,,
20260901183550-1,20260901-2-Spray_Dryer,2026-09-01,2,Spray Dryer,Produzione,,Chiusura lotto,S26/0183,WSDURTDC08R0200A,Semilavorato Ortica foglia estratto secc,14:00,18:30,4.5,,,,,,0.0,,,,,,,,,,,,,265.0,,,
20260901183550-2,20260901-2-Spray_Dryer,2026-09-01,2,Spray Dryer,Lavaggio,CAU-3935DB7D7E,,,,,18:30,19:30,1.0,,,,,,,,,,,,,,,,,,,,,,
20260901183550-3,20260901-2-Spray_Dryer,2026-09-01,2,Spray Dryer,Produzione,,Apertura lotto,S26/0182,WSDPRNAC29R0400A,Semilavorato Ciliegio peduncoli e.s. acquoso  D/E 4:1,19:30,22:00,2.5,,,,,,,,,,,,,,,,498.0,19.5,45.0,,,,
20260901190736-1,20260901-2-Mescole,2026-09-01,2,Mescole,Produzione,,Chiusura lotto,E26/2116,SSDMPMAC0500900A,Annurtrofil® mela annurca frutto estratto secco,14:00,15:00,1.0,,Completato,,Mescola completata,1.0,0.0,100.0,1.0,,,,,,,,,,,,,,
20260901190736-2,20260901-2-Mescole,2026-09-01,2,Mescole,Cambio lotto,CAU-5ED127B3F1,,,,,15:00,15:15,0.25,,,,,,,,,,,,,,,,,,,,,,
20260901190736-3,20260901-2-Mescole,2026-09-01,2,Mescole,Produzione,,Chiusura lotto,E26/2211,VGLGLUDC3200000A,GLUCOSAMINA D-SOLFATO DA CROSTACEI GRANULARE,15:15,16:30,1.25,,Completato,,Mescola completata,1.0,,125.0,1.25,,,,,,,,,,,,,,PASTORIZZAZIONE CON UHT  ORTICA
20260901190736-4,20260901-2-Mescole,2026-09-01,2,Mescole,Cambio lotto,CAU-5ED127B3F1,,,,,16:30,16:45,0.25,,,,,,,,,,,,,,,,,,,,,,
20260901190736-5,20260901-2-Mescole,2026-09-01,2,Mescole,Altro,CAU-12657F7B7C,,,,,16:45,18:00,1.25,,,,,,,,,,,,,,,,,,,,,,PASTORIZZAZIONE CON UHT
20260901190736-6,20260901-2-Mescole,2026-09-01,2,Mescole,Produzione,,Chiusura lotto,E26/2263,VLCCMRNC3200000A,Cumarina micronizzata 80%,18:00,19:30,1.5,,Completato,,Mescola completata,1.0,,200.0,1.5,,,,,,,,,,,,,,
20260901190736-7,20260901-2-Mescole,2026-09-01,2,Mescole,Altro,CAU-12657F7B7C,,,,,19:30,21:15,1.75,,,,,,,,,,,,,,,,,,,,,,PASTORIZZAZIONE CON UHT
20260901190736-8,20260901-2-Mescole,2026-09-01,2,Mescole,Produzione,,Chiusura lotto,E26/2230,VGLCACAC3235000N,Calcio corallo granulare,21:15,22:00,0.75,,Completato,,Mescola completata,1.0,,50.0,0.75,,,,,,,,,,,,,,
20260901194618-1,20260901-2-Comber,2026-09-01,2,Comber,Produzione,,Chiusura lotto,M26/0133,MDRORTSC1000000M,ORTHOSIPHON SOMMITA',14:00,15:30,1.5,8.0,Completato,Completata,Scarico completato,,0.0,,,125.0,900.0,1.1,,,,,,,,,,,
20260901194618-2,20260901-2-Comber,2026-09-01,2,Comber,Lavaggio,CAU-3935DB7D7E,,,,,15:30,16:30,1.0,,,,,,,,,,,,,,,,,,,,,,
20260901194618-3,20260901-2-Comber,2026-09-01,2,Comber,Produzione,,Apertura lotto,M26/0134T,MDRMLSOF0800000M,MELISSA FOGLIE DA Filiera certificata,16:30,20:30,4.0,1.0,In corso,Completata,Scarico completato,,,,,125.0,900.0,1.6,,,,,,,,,,,
20260901194618-4,20260901-2-Comber,2026-09-01,2,Comber,Produzione,,Prosecuzione lotto,M26/0134T,MDRMLSOF0800000M,MELISSA FOGLIE DA Filiera certificata,20:30,22:00,1.5,2.0,In corso,In corso,Lavorazione in corso,,0.0,,,125.0,0.0,0.0,,,,,,,,,,,
20260901194622-1,20260901-2-Comber,2026-09-01,2,Comber,Produzione,,Chiusura lotto,M26/0133,MDRORTSC1000000M,ORTHOSIPHON SOMMITA',14:00,15:30,1.5,8.0,Completato,Completata,Scarico completato,,0.0,,,125.0,900.0,1.1,,,,,,,,,,,
20260901194622-2,20260901-2-Comber,2026-09-01,2,Comber,Lavaggio,CAU-3935DB7D7E,,,,,15:30,16:30,1.0,,,,,,,,,,,,,,,,,,,,,,
20260901194622-3,20260901-2-Comber,2026-09-01,2,Comber,Produzione,,Apertura lotto,M26/0134T,MDRMLSOF0800000M,MELISSA FOGLIE DA Filiera certificata,16:30,20:30,4.0,1.0,In corso,Completata,Scarico completato,,,,,125.0,900.0,1.6,,,,,,,,,,,
20260901194622-4,20260901-2-Comber,2026-09-01,2,Comber,Produzione,,Prosecuzione lotto,M26/0134T,MDRMLSOF0800000M,MELISSA FOGLIE DA Filiera certificata,20:30,22:00,1.5,2.0,In corso,In corso,Lavorazione in corso,,0.0,,,125.0,0.0,0.0,,,,,,,,,,,
20260901194809-1,20260901-2-EV200,2026-09-01,2,EV200,Produzione,,Prosecuzione lotto,M26/0133,MDRORTSC1000000M,ORTHOSIPHON SOMMITA',14:00,16:00,2.0,,,,,,0.0,,,,,,,,,,,,,,M26/0133,,
20260901194809-2,20260901-2-EV200,2026-09-01,2,EV200,Lavaggio,CAU-3935DB7D7E,,,,,16:00,17:00,1.0,,,,,,,,,,,,,,,,,,,,,,
20260901194809-3,20260901-2-EV200,2026-09-01,2,EV200,Attesa prodotto,CAU-FDE4D75F56,,,,,17:00,22:00,5.0,,,,,,,,,,,,,,,,,,,,,,
20260902010000-1,20260901-3-Mescole,2026-09-01,3,Mescole,Altro,CAU-12657F7B7C,,,,,22:00,06:00,8.0,,,,,,,,,,,,,,,,,,,,,,Assenza operatore.
20260902010012-1,20260901-3-Spray_Dryer,2026-09-01,3,Spray Dryer,Produzione,,Prosecuzione lotto,S26/0182,WSDPRNAC29R0400A,Semilavorato Ciliegio peduncoli e.s. acquoso  D/E 4:1,22:00,06:00,8.0,,,,,,0.0,,,,,,,,,,,,,,,,
20260902030422-1,20260901-3-Comber,2026-09-01,3,Comber,Produzione,,Prosecuzione lotto,M26/0134T,MDRMLSOF0800000M,MELISSA FOGLIE DA Filiera certificata,22:00,00:30,2.5,2.0,In corso,Completata,Scarico completato,,0.0,,,125.0,900.0,1.7,,,,,,,,,,,
20260902030422-2,20260901-3-Comber,2026-09-01,3,Comber,Produzione,,Prosecuzione lotto,M26/0134T,MDRMLSOF0800000M,MELISSA FOGLIE DA Filiera certificata,00:30,04:30,4.0,3.0,In corso,Completata,Scarico completato,,0.0,,,125.0,900.0,1.7,,,,,,,,,,,
20260902030422-3,20260901-3-Comber,2026-09-01,3,Comber,Produzione,,Prosecuzione lotto,M26/0134T,MDRMLSOF0800000M,MELISSA FOGLIE DA Filiera certificata,04:30,06:00,1.5,4.0,In corso,In corso,Lavorazione in corso,,0.0,,,125.0,0.0,0.0,,,,,,,,,,,
20260902030546-1,20260901-3-EV200,2026-09-01,3,EV200,Produzione,,Apertura lotto,M26/0134T,MDRMLSOF0800000M,MELISSA FOGLIE DA Filiera certificata,22:00,04:30,6.5,,,,,,,,,,,,,,,,,,,,M26/0134T,,
20260902030546-2,20260901-3-EV200,2026-09-01,3,EV200,Attesa prodotto,CAU-FDE4D75F56,,,,,04:30,06:00,1.5,,,,,,,,,,,,,,,,,,,,,,
20260902115135-1,20260902-1-Comber,2026-09-02,1,Comber,Produzione,,Prosecuzione lotto,M26/0134T,MDRMLSOF0800000M,MELISSA FOGLIE DA Filiera certificata,06:00,08:30,2.5,4.0,In corso,Completata,Scarico completato,,0.0,,,125.0,900.0,1.7,,,,,,,,,,,
20260902115135-2,20260902-1-Comber,2026-09-02,1,Comber,Produzione,,Prosecuzione lotto,M26/0134T,MDRMLSOF0800000M,MELISSA FOGLIE DA Filiera certificata,08:30,12:30,4.0,5.0,In corso,Completata,Scarico completato,,0.0,,,125.0,900.0,1.7,,,,,,,,,,,
20260902115135-3,20260902-1-Comber,2026-09-02,1,Comber,Produzione,,Prosecuzione lotto,M26/0134T,MDRMLSOF0800000M,MELISSA FOGLIE DA Filiera certificata,12:30,14:00,1.5,6.0,In corso,Completata,Scarico completato,,0.0,,,125.0,900.0,1.7,,,,,,,,,,,
20260902115232-1,20260902-1-EV200,2026-09-02,1,EV200,Attesa prodotto,CAU-FDE4D75F56,,,,,06:00,10:30,4.5,,,,,,,,,,,,,,,,,,,,,,
20260902115232-2,20260902-1-EV200,2026-09-02,1,EV200,Produzione,,Prosecuzione lotto,M26/0134T,MDRMLSOF0800000M,MELISSA FOGLIE DA Filiera certificata,10:30,14:00,3.5,,,,,,0.0,,,,,,,,,,,,,,M26/0134T,,
20260902115639-1,20260902-1-Spray_Dryer,2026-09-02,1,Spray Dryer,Produzione,,Prosecuzione lotto,S26/0182,WSDPRNAC29R0400A,Semilavorato Ciliegio peduncoli e.s. acquoso  D/E 4:1,06:00,08:00,2.0,,,,,,0.0,,,,,,,,,,,,,,,,
20260902115639-2,20260902-1-Spray_Dryer,2026-09-02,1,Spray Dryer,Lavaggio,CAU-3935DB7D7E,,,,,08:00,09:00,1.0,,,,,,,,,,,,,,,,,,,,,,
20260902115639-3,20260902-1-Spray_Dryer,2026-09-02,1,Spray Dryer,Produzione,,Apertura lotto,S26/0186,WSDRPHNC14R0400A,SEMILAVORATO RAFANO NERO RADICE E.S.,09:00,14:00,5.0,,,,,,,,,,,,,,,,554.0,35.0,385.0,,,,
20260902115642-1,20260902-1-Spray_Dryer,2026-09-02,1,Spray Dryer,Produzione,,Prosecuzione lotto,S26/0182,WSDPRNAC29R0400A,Semilavorato Ciliegio peduncoli e.s. acquoso  D/E 4:1,06:00,08:00,2.0,,,,,,0.0,,,,,,,,,,,,,,,,
20260902115642-2,20260902-1-Spray_Dryer,2026-09-02,1,Spray Dryer,Lavaggio,CAU-3935DB7D7E,,,,,08:00,09:00,1.0,,,,,,,,,,,,,,,,,,,,,,
20260902115642-3,20260902-1-Spray_Dryer,2026-09-02,1,Spray Dryer,Produzione,,Apertura lotto,S26/0186,WSDRPHNC14R0400A,SEMILAVORATO RAFANO NERO RADICE E.S.,09:00,14:00,5.0,,,,,,,,,,,,,,,,554.0,35.0,385.0,,,,
20260902172326-1,20260902-2-Spray_Dryer,2026-09-02,2,Spray Dryer,Lavaggio,CAU-3935DB7D7E,,,,,18:00,19:00,1.0,,,,,,,,,,,,,,,,,,,,,,
20260902172326-2,20260902-2-Spray_Dryer,2026-09-02,2,Spray Dryer,Produzione,,Prosecuzione lotto,S26/0186,WSDRPHNC14R0400A,SEMILAVORATO RAFANO NERO RADICE E.S.,14:00,18:00,4.0,,,,,,0.0,,,,,,,,,,,,,,,,
20260902172326-3,20260902-2-Spray_Dryer,2026-09-02,2,Spray Dryer,Produzione,,Prosecuzione lotto,S26/0186,WSDRPHNC14R0400A,SEMILAVORATO RAFANO NERO RADICE E.S.,19:00,22:00,3.0,,,,,,0.0,,,,,,,,,,,,,,,,
20260902172331-1,20260902-2-Spray_Dryer,2026-09-02,2,Spray Dryer,Lavaggio,CAU-3935DB7D7E,,,,,18:00,19:00,1.0,,,,,,,,,,,,,,,,,,,,,,
20260902172331-2,20260902-2-Spray_Dryer,2026-09-02,2,Spray Dryer,Produzione,,Prosecuzione lotto,S26/0186,WSDRPHNC14R0400A,SEMILAVORATO RAFANO NERO RADICE E.S.,14:00,18:00,4.0,,,,,,0.0,,,,,,,,,,,,,,,,
20260902172331-3,20260902-2-Spray_Dryer,2026-09-02,2,Spray Dryer,Produzione,,Prosecuzione lotto,S26/0186,WSDRPHNC14R0400A,SEMILAVORATO RAFANO NERO RADICE E.S.,19:00,22:00,3.0,,,,,,0.0,,,,,,,,,,,,,,,,
20260902183058-1,20260902-2-Mescole,2026-09-02,2,Mescole,Cambio lotto,CAU-5ED127B3F1,,,,,14:00,14:30,0.5,,,,,,,,,,,,,,,,,,,,,,
20260902183058-2,20260902-2-Mescole,2026-09-02,2,Mescole,Produzione,,Chiusura lotto,E26/2255,SSDRBSNC08R0300A,Ribes nero foglia estratto secco,14:30,16:30,2.0,,Completato,,Mescola completata,1.0,,200.0,2.0,,,,,,,,,,,,,,
20260902183058-3,20260902-2-Mescole,2026-09-02,2,Mescole,Cambio lotto,CAU-5ED127B3F1,,,,,16:30,16:45,0.25,,,,,,,,,,,,,,,,,,,,,,
20260902183058-4,20260902-2-Mescole,2026-09-02,2,Mescole,Produzione,,Chiusura lotto,E26/2252,SSDVTSTC08R0200A,Vite rossa foglia e.s. D/E 4:1,16:45,18:45,2.0,,Completato,,Mescola completata,1.0,,200.0,2.0,,,,,,,,,,,,,,
20260902183058-5,20260902-2-Mescole,2026-09-02,2,Mescole,Cambio lotto,CAU-5ED127B3F1,,,,,18:45,19:00,0.25,,,,,,,,,,,,,,,,,,,,,,
20260902183058-6,20260902-2-Mescole,2026-09-02,2,Mescole,Produzione,,Chiusura lotto,E26/2254,SSDHMLLC09R0400A,Luppolo infiorescenze (strobili) estr. secco D/E 4:1,19:00,21:00,2.0,,Completato,,Mescola completata,1.0,,200.0,2.0,,,,,,,,,,,,,,
20260902183058-7,20260902-2-Mescole,2026-09-02,2,Mescole,Lavaggio,CAU-3935DB7D7E,,,,,21:00,22:00,1.0,,,,,,,,,,,,,,,,,,,,,,
20260902191513-1,20260902-2-Comber,2026-09-02,2,Comber,Produzione,,Prosecuzione lotto,M26/0134T,MDRMLSOF0800000M,MELISSA FOGLIE DA Filiera certificata,14:00,16:30,2.5,6.0,In corso,Completata,Scarico completato,,0.0,,,125.0,900.0,1.6,,,,,,,,,,,
20260902191513-2,20260902-2-Comber,2026-09-02,2,Comber,Produzione,,Prosecuzione lotto,M26/0134T,MDRMLSOF0800000M,MELISSA FOGLIE DA Filiera certificata,16:30,20:30,4.0,7.0,In corso,Completata,Scarico completato,,0.0,,,125.0,900.0,1.7,,,,,,,,,,,
20260902191513-3,20260902-2-Comber,2026-09-02,2,Comber,Produzione,,Prosecuzione lotto,M26/0134T,MDRMLSOF0800000M,MELISSA FOGLIE DA Filiera certificata,20:30,22:00,1.5,8.0,In corso,In corso,Lavorazione in corso,,0.0,,,125.0,0.0,0.0,,,,,,,,,,,
20260902191556-1,20260902-2-EV200,2026-09-02,2,EV200,Produzione,,Prosecuzione lotto,M26/0134T,MDRMLSOF0800000M,MELISSA FOGLIE DA Filiera certificata,14:00,14:45,0.75,,,,,,0.0,,,,,,,,,,,,,,M26/0134T,,
20260902191556-2,20260902-2-EV200,2026-09-02,2,EV200,Attesa prodotto,CAU-FDE4D75F56,,,,,14:45,22:00,7.25,,,,,,,,,,,,,,,,,,,,,,
20260902191600-1,20260902-2-EV200,2026-09-02,2,EV200,Produzione,,Prosecuzione lotto,M26/0134T,MDRMLSOF0800000M,MELISSA FOGLIE DA Filiera certificata,14:00,14:45,0.75,,,,,,0.0,,,,,,,,,,,,,,M26/0134T,,
20260902191600-2,20260902-2-EV200,2026-09-02,2,EV200,Attesa prodotto,CAU-FDE4D75F56,,,,,14:45,22:00,7.25,,,,,,,,,,,,,,,,,,,,,,
20260903021315-1,20260902-3-Spray_Dryer,2026-09-02,3,Spray Dryer,Produzione,,Prosecuzione lotto,S26/0186,WSDRPHNC14R0400A,SEMILAVORATO RAFANO NERO RADICE E.S.,22:00,06:00,8.0,,,,,,0.0,,,,,,,,,,,,,,,,
20260903021355-1,20260902-3-Mescole,2026-09-02,3,Mescole,Altro,CAU-12657F7B7C,,,,,22:00,06:00,8.0,,,,,,,,,,,,,,,,,,,,,,assenza operatore
20260903023424-1,20260902-3-Comber,2026-09-02,3,Comber,Produzione,,Prosecuzione lotto,M26/0134T,MDRMLSOF0800000M,MELISSA FOGLIE DA Filiera certificata,22:00,00:30,2.5,8.0,In corso,Completata,Scarico completato,,0.0,,,125.0,900.0,1.7,,,,,,,,,,,
20260903023424-2,20260902-3-Comber,2026-09-02,3,Comber,Produzione,,Prosecuzione lotto,M26/0134T,MDRMLSOF0800000M,MELISSA FOGLIE DA Filiera certificata,00:30,04:30,4.0,9.0,In corso,Completata,Scarico completato,,0.0,,,125.0,900.0,1.7,,,,,,,,,,,
20260903023424-3,20260902-3-Comber,2026-09-02,3,Comber,Produzione,,Prosecuzione lotto,M26/0134T,MDRMLSOF0800000M,MELISSA FOGLIE DA Filiera certificata,04:30,06:00,1.5,10.0,In corso,Completata,Scarico completato,,0.0,,,125.0,900.0,1.7,,,,,,,,,,,
20260903023521-1,20260902-3-EV200,2026-09-02,3,EV200,Produzione,,Prosecuzione lotto,M26/0134T,MDRMLSOF0800000M,MELISSA FOGLIE DA Filiera certificata,22:00,02:00,4.0,,,,,,0.0,,,,,,,,,,,,,,M26/0134T,,
20260903023521-2,20260902-3-EV200,2026-09-02,3,EV200,Produzione,,Prosecuzione lotto,M26/0134T,MDRMLSOF0800000M,MELISSA FOGLIE DA Filiera certificata,02:00,06:00,4.0,,,,,,0.0,,,,,,,,,,,,,,M26/0134T,,
20260903105836-1,20260903-1-Comber,2026-09-03,1,Comber,Produzione,,Prosecuzione lotto,M26/0134T,MDRMLSOF0800000M,MELISSA FOGLIE DA Filiera certificata,06:00,08:30,2.5,10.0,In corso,Completata,Scarico completato,,0.0,,,125.0,900.0,1.7,,,,,,,,,,,
20260903105836-2,20260903-1-Comber,2026-09-03,1,Comber,Produzione,,Prosecuzione lotto,M26/0134T,MDRMLSOF0800000M,MELISSA FOGLIE DA Filiera certificata,08:30,12:30,4.0,11.0,In corso,Completata,Scarico completato,,0.0,,,125.0,900.0,1.7,,,,,,,,,,,
20260903105836-3,20260903-1-Comber,2026-09-03,1,Comber,Produzione,,Prosecuzione lotto,M26/0134T,MDRMLSOF0800000M,MELISSA FOGLIE DA Filiera certificata,12:30,14:00,1.5,12.0,In corso,Completata,Scarico completato,,0.0,,,125.0,900.0,1.7,,,,,,,,,,,
20260903105933-1,20260903-1-EV200,2026-09-03,1,EV200,Attesa prodotto,CAU-FDE4D75F56,,,,,06:00,11:30,5.5,,,,,,,,,,,,,,,,,,,,,,
20260903105933-2,20260903-1-EV200,2026-09-03,1,EV200,Produzione,,Prosecuzione lotto,M26/0134T,MDRMLSOF0800000M,MELISSA FOGLIE DA Filiera certificata,11:30,14:00,2.5,,,,,,0.0,,,,,,,,,,,,,,M26/0134T,,
20260903114637-1,20260903-1-Spray_Dryer,2026-09-03,1,Spray Dryer,Produzione,,Prosecuzione lotto,S26/0186,WSDRPHNC14R0400A,SEMILAVORATO RAFANO NERO RADICE E.S.,06:00,09:00,3.0,,,,,,0.0,,,,,,,,,,,,,,,,
20260903114637-2,20260903-1-Spray_Dryer,2026-09-03,1,Spray Dryer,Lavaggio,CAU-3935DB7D7E,,,,,09:00,10:00,1.0,,,,,,,,,,,,,,,,,,,,,,
20260903114637-3,20260903-1-Spray_Dryer,2026-09-03,1,Spray Dryer,Produzione,,Prosecuzione lotto,S26/0186,WSDRPHNC14R0400A,SEMILAVORATO RAFANO NERO RADICE E.S.,10:00,14:00,4.0,,,,,,0.0,,,,,,,,,,,,,,,,
20260903165103-1,20260903-2-Spray_Dryer,2026-09-03,2,Spray Dryer,Produzione,,Prosecuzione lotto,S26/0186,WSDRPHNC14R0400A,SEMILAVORATO RAFANO NERO RADICE E.S.,14:00,22:00,8.0,,,,,,0.0,,,,,,,,,,,,,,,,
20260903185556-1,20260903-2-Mescole,2026-09-03,2,Mescole,Produzione,,Chiusura lotto,E26/2231,TSDVTXAC0500500A,"Agnocasto frutto estratto secco >=0,5% agnusidi calc. come agnuside",14:00,15:45,1.75,,Completato,,Mescola completata,1.0,,250.0,1.75,,,,,,,,,,,,,,
20260903185556-10,20260903-2-Mescole,2026-09-03,2,Mescole,Produzione,,Chiusura lotto,E26/2266,TGLSLNAL05R0500A,Solanred® - Melanzana Rossa Lucana frutto D/E 5/6:1,21:30,22:00,0.5,,Completato,,Mescola completata,1.0,,5.0,0.5,,,,,,,,,,,,,,
20260903185556-2,20260903-2-Mescole,2026-09-03,2,Mescole,Cambio lotto,CAU-5ED127B3F1,,,,,15:45,16:00,0.25,,,,,,,,,,,,,,,,,,,,,,
20260903185556-3,20260903-2-Mescole,2026-09-03,2,Mescole,Produzione,,Chiusura lotto,E26/2233,SSDTRNAC08R0400A,Damiana foglia estratto secco D/E 4:1,16:00,17:30,1.5,,Completato,,Mescola completata,1.0,,150.0,1.5,,,,,,,,,,,,,,
20260903185556-4,20260903-2-Mescole,2026-09-03,2,Mescole,Cambio lotto,CAU-5ED127B3F1,,,,,17:30,17:45,0.25,,,,,,,,,,,,,,,,,,,,,,
20260903185556-5,20260903-2-Mescole,2026-09-03,2,Mescole,Produzione,,Chiusura lotto,E26/2235,SSDCTRIC28R0400A,Lichene islandico tallo estratto secco D/E 4:1,17:45,18:30,0.75,,Completato,,Mescola completata,1.0,,50.0,0.75,,,,,,,,,,,,,,
20260903185556-6,20260903-2-Mescole,2026-09-03,2,Mescole,Altro,CAU-12657F7B7C,,,,,18:30,20:30,2.0,,,,,,,,,,,,,,,,,,,,,,PASTORIZZAZIONE CON UHT PIU' LAVAGGIO
20260903185556-7,20260903-2-Mescole,2026-09-03,2,Mescole,Cambio lotto,CAU-5ED127B3F1,,,,,20:30,20:45,0.25,,,,,,,,,,,,,,,,,,,,,,
20260903185556-8,20260903-2-Mescole,2026-09-03,2,Mescole,Produzione,,Chiusura lotto,E26/2265,TSDSRSRC22R0400A,Drosera erba fiorita estratto secco D/E 4:1,20:45,21:15,0.5,,Completato,,Mescola completata,1.0,,5.0,0.5,,,,,,,,,,,,,,
20260903185556-9,20260903-2-Mescole,2026-09-03,2,Mescole,Cambio lotto,CAU-5ED127B3F1,,,,,21:15,21:30,0.25,,,,,,,,,,,,,,,,,,,,,,
20260903185844-1,20260903-2-Comber,2026-09-03,2,Comber,Produzione,,Chiusura lotto,M26/0134T,MDRMLSOF0800000M,MELISSA FOGLIE DA Filiera certificata,14:00,16:30,2.5,12.0,Completato,Completata,Scarico completato,,0.0,,,125.0,900.0,1.6,,,,,,,,,,,
20260903185844-2,20260903-2-Comber,2026-09-03,2,Comber,Lavaggio,CAU-3935DB7D7E,,,,,16:30,17:30,1.0,,,,,,,,,,,,,,,,,,,,,,
20260903185844-3,20260903-2-Comber,2026-09-03,2,Comber,Produzione,,Apertura lotto,M26/0135,MDRTLSPC0400000M,Tiglio fiori e foglie t.t.,17:30,21:00,3.5,1.0,In corso,Completata,Scarico completato,,,,,100.0,850.0,0.6,,,,,,,,,,,
20260903185844-4,20260903-2-Comber,2026-09-03,2,Comber,Produzione,,Prosecuzione lotto,M26/0135,MDRTLSPC0400000M,Tiglio fiori e foglie t.t.,21:00,22:00,1.0,2.0,In corso,In corso,Lavorazione in corso,,0.0,,,100.0,0.0,0.0,,,,,,,,,,,
20260903185845-1,20260903-2-Comber,2026-09-03,2,Comber,Produzione,,Chiusura lotto,M26/0134T,MDRMLSOF0800000M,MELISSA FOGLIE DA Filiera certificata,14:00,16:30,2.5,12.0,Completato,Completata,Scarico completato,,0.0,,,125.0,900.0,1.6,,,,,,,,,,,
20260903185845-2,20260903-2-Comber,2026-09-03,2,Comber,Lavaggio,CAU-3935DB7D7E,,,,,16:30,17:30,1.0,,,,,,,,,,,,,,,,,,,,,,
20260903185845-3,20260903-2-Comber,2026-09-03,2,Comber,Produzione,,Apertura lotto,M26/0135,MDRTLSPC0400000M,Tiglio fiori e foglie t.t.,17:30,21:00,3.5,1.0,In corso,Completata,Scarico completato,,,,,100.0,850.0,0.6,,,,,,,,,,,
20260903185845-4,20260903-2-Comber,2026-09-03,2,Comber,Produzione,,Prosecuzione lotto,M26/0135,MDRTLSPC0400000M,Tiglio fiori e foglie t.t.,21:00,22:00,1.0,2.0,In corso,In corso,Lavorazione in corso,,0.0,,,100.0,0.0,0.0,,,,,,,,,,,
20260903185915-1,20260903-2-EV200,2026-09-03,2,EV200,Produzione,,Prosecuzione lotto,M26/0134T,MDRMLSOF0800000M,MELISSA FOGLIE DA Filiera certificata,14:00,15:30,1.5,,,,,,0.0,,,,,,,,,,,,,,M26/0134T,,
20260903185915-2,20260903-2-EV200,2026-09-03,2,EV200,Attesa prodotto,CAU-FDE4D75F56,,,,,15:30,22:00,6.5,,,,,,,,,,,,,,,,,,,,,,
20260903185919-1,20260903-2-EV200,2026-09-03,2,EV200,Produzione,,Prosecuzione lotto,M26/0134T,MDRMLSOF0800000M,MELISSA FOGLIE DA Filiera certificata,14:00,15:30,1.5,,,,,,0.0,,,,,,,,,,,,,,M26/0134T,,
20260903185919-2,20260903-2-EV200,2026-09-03,2,EV200,Attesa prodotto,CAU-FDE4D75F56,,,,,15:30,22:00,6.5,,,,,,,,,,,,,,,,,,,,,,
20260904015839-1,20260903-3-Comber,2026-09-03,3,Comber,Produzione,,Prosecuzione lotto,M26/0135,MDRTLSPC0400000M,Tiglio fiori e foglie t.t.,22:00,00:30,2.5,2.0,In corso,Completata,Scarico completato,,0.0,,,100.0,850.0,0.5,,,,,,,,,,,
20260904015839-2,20260903-3-Comber,2026-09-03,3,Comber,Produzione,,Chiusura lotto,M26/0135,MDRTLSPC0400000M,Tiglio fiori e foglie t.t.,00:30,04:00,3.5,3.0,Completato,Completata,Scarico completato,,0.0,,,100.0,850.0,0.5,,,,,,,,,,,
20260904015839-3,20260903-3-Comber,2026-09-03,3,Comber,Lavaggio,CAU-3935DB7D7E,,,,,04:00,06:00,2.0,,,,,,,,,,,,,,,,,,,,,,
20260904020218-1,20260903-3-EV200,2026-09-03,3,EV200,Produzione,,Apertura lotto,M26/0135,MDRTLSPC0400000M,Tiglio fiori e foglie t.t.,22:00,03:00,5.0,,,,,,,,,,,,,,,,,,,,M26/0135,,
20260904020218-2,20260903-3-EV200,2026-09-03,3,EV200,Produzione,,Chiusura lotto,M26/0135,MDRTLSPC0400000M,Tiglio fiori e foglie t.t.,03:00,05:00,2.0,,,,,,0.0,,,,,,,,160.0,27.7,,,,,M26/0135,,
20260904020218-3,20260903-3-EV200,2026-09-03,3,EV200,Lavaggio,CAU-3935DB7D7E,,,,,05:00,06:00,1.0,,,,,,,,,,,,,,,,,,,,,,
20260904020222-1,20260903-3-EV200,2026-09-03,3,EV200,Produzione,,Apertura lotto,M26/0135,MDRTLSPC0400000M,Tiglio fiori e foglie t.t.,22:00,03:00,5.0,,,,,,,,,,,,,,,,,,,,M26/0135,,
20260904020222-2,20260903-3-EV200,2026-09-03,3,EV200,Produzione,,Chiusura lotto,M26/0135,MDRTLSPC0400000M,Tiglio fiori e foglie t.t.,03:00,05:00,2.0,,,,,,0.0,,,,,,,,160.0,27.7,,,,,M26/0135,,
20260904020222-3,20260903-3-EV200,2026-09-03,3,EV200,Lavaggio,CAU-3935DB7D7E,,,,,05:00,06:00,1.0,,,,,,,,,,,,,,,,,,,,,,
20260904072847-1,20260903-3-Spray_Dryer,2026-09-03,3,Spray Dryer,Produzione,,Chiusura lotto,S26/0186,WSDRPHNC14R0400A,SEMILAVORATO RAFANO NERO RADICE E.S.,22:00,23:00,1.0,,,,,,0.0,,,,,,,,,,,,,505.0,,,
20260904072847-2,20260903-3-Spray_Dryer,2026-09-03,3,Spray Dryer,Lavaggio,CAU-3935DB7D7E,,,,,23:00,00:00,1.0,,,,,,,,,,,,,,,,,,,,,,
20260904072847-3,20260903-3-Spray_Dryer,2026-09-03,3,Spray Dryer,Cambio lotto,CAU-5ED127B3F1,,,,,00:00,01:00,1.0,,,,,,,,,,,,,,,,,,,,,,preparazione miscela 
20260904072847-4,20260903-3-Spray_Dryer,2026-09-03,3,Spray Dryer,Produzione,,Apertura lotto,S26/0188,YSDORTSC2200200A,"Semilavorato Ortosifon erba con fiori    estratto secco >=0,2% flavonoidi totali come sinensetina",01:00,06:00,5.0,,,,,,,,,,,,,,,,508.0,23.0,125.0,,,,
20260904103450-1,20260904-1-Comber,2026-09-04,1,Comber,Lavaggio,CAU-3935DB7D7E,,,,,06:00,08:00,2.0,,,,,,,,,,,,,,,,,,,,,,
20260904103450-2,20260904-1-Comber,2026-09-04,1,Comber,Pulizia,CAU-B3C02737FF,,,,,08:00,14:00,6.0,,,,,,,,,,,,,,,,,,,,,,
20260904103540-1,20260904-1-EV200,2026-09-04,1,EV200,Lavaggio,CAU-3935DB7D7E,,,,,06:00,08:30,2.5,,,,,,,,,,,,,,,,,,,,,,
20260904103540-2,20260904-1-EV200,2026-09-04,1,EV200,Pulizia,CAU-B3C02737FF,,,,,08:30,14:00,5.5,,,,,,,,,,,,,,,,,,,,,,
20260904114000-1,20260904-1-Spray_Dryer,2026-09-04,1,Spray Dryer,Produzione,,Prosecuzione lotto,S26/0188,YSDORTSC2200200A,"Semilavorato Ortosifon erba con fiori    estratto secco >=0,2% flavonoidi totali come sinensetina",06:00,14:00,8.0,,,,,,0.0,,,,,,,,,,,,,,,,
20260904115823-1,20260904-1-Mescole,2026-09-04,1,Mescole,Pulizia,CAU-B3C02737FF,,,,,06:00,08:00,2.0,,,,,,,,,,,,,,,,,,,,,,
20260904115823-2,20260904-1-Mescole,2026-09-04,1,Mescole,Produzione,,Chiusura lotto,S26/O187,VSDCTRBC32R0400A,Bergamotto succo del frutto e.s. D/E 4:1,08:00,14:00,6.0,,Completato,,Mescola completata,1.0,,160.0,6.0,,,,,,,,,,,,,,micronizzato contemporaneamente
20260904171606-1,20260904-2-Spray_Dryer,2026-09-04,2,Spray Dryer,Produzione,,Chiusura lotto,S26/0173 A,WSDILLVC05R0200A,Semilavorato Anice stellato frutto e.s.,14:00,19:00,5.0,,,,,,0.0,,,,,,,,,,,,,200.0,,,
20260904171606-2,20260904-2-Spray_Dryer,2026-09-04,2,Spray Dryer,Pulizia,CAU-B3C02737FF,,,,,19:00,20:00,1.0,,,,,,,,,,,,,,,,,,,,,,
20260904171606-3,20260904-2-Spray_Dryer,2026-09-04,2,Spray Dryer,Altro,CAU-12657F7B7C,,,,,20:00,22:00,2.0,,,,,,,,,,,,,,,,,,,,,,prova valeriana  glat
20260904172835-1,20260904-2-Mescole,2026-09-04,2,Mescole,Produzione,,Chiusura lotto,E26/2146,SSDECHUC07R0400A,Echinacea purpurea erba estratto secco D/E 4:1,14:00,18:30,4.5,,Completato,,Mescola completata,1.0,0.0,80.0,4.5,,,,,,,,,,,,,,micronizzazione ferma per guasto macchina
20260904172835-2,20260904-2-Mescole,2026-09-04,2,Mescole,Lavaggio,CAU-3935DB7D7E,,,,,18:30,22:00,3.5,,,,,,,,,,,,,,,,,,,,,,lavaggio biconico setaccio reparto + micronizzazione
20260905011725-1,20260904-3-Comber,2026-09-04,3,Comber,Altro,CAU-12657F7B7C,,,,,22:00,06:00,8.0,,,,,,,,,,,,,,,,,,,,,,
20260905011756-1,20260904-3-EV200,2026-09-04,3,EV200,Altro,CAU-12657F7B7C,,,,,22:00,06:00,8.0,,,,,,,,,,,,,,,,,,,,,,
20260905011832-1,20260904-3-Mescole,2026-09-04,3,Mescole,Altro,CAU-12657F7B7C,,,,,22:00,06:00,8.0,,,,,,,,,,,,,,,,,,,,,,
20260905012202-1,20260904-3-Spray_Dryer,2026-09-04,3,Spray Dryer,Altro,CAU-12657F7B7C,,,,,22:00,00:30,2.5,,,,,,,,,,,,,,,,,,,,,,prova valeriana
20260905012202-2,20260904-3-Spray_Dryer,2026-09-04,3,Spray Dryer,Lavaggio,CAU-3935DB7D7E,,,,,00:30,04:45,4.25,,,,,,,,,,,,,,,,,,,,,,
20260905012202-3,20260904-3-Spray_Dryer,2026-09-04,3,Spray Dryer,Altro,CAU-12657F7B7C,,,,,04:45,06:00,1.25,,,,,,,,,,,,,,,,,,,,,,
20260905012206-1,20260904-3-Spray_Dryer,2026-09-04,3,Spray Dryer,Altro,CAU-12657F7B7C,,,,,22:00,00:30,2.5,,,,,,,,,,,,,,,,,,,,,,prova valeriana
20260905012206-2,20260904-3-Spray_Dryer,2026-09-04,3,Spray Dryer,Lavaggio,CAU-3935DB7D7E,,,,,00:30,04:45,4.25,,,,,,,,,,,,,,,,,,,,,,
20260905012206-3,20260904-3-Spray_Dryer,2026-09-04,3,Spray Dryer,Altro,CAU-12657F7B7C,,,,,04:45,06:00,1.25,,,,,,,,,,,,,,,,,,,,,,
20260907095605-1,20260907-1-Spray_Dryer,2026-09-07,1,Spray Dryer,Produzione,,Apertura lotto,S26/0191T,WSDMLSOF0804000A,"Semilavorato Melissa foglia e.s.>= 4,0%   ac. rosmarinico (HPLC) da Filiera Certificata ISO 22005",11:30,14:00,2.5,,,,,,,,,,,,,,,,0.0,0.0,0.0,,,,
20260907095605-2,20260907-1-Spray_Dryer,2026-09-07,1,Spray Dryer,Attesa prodotto,CAU-FDE4D75F56,,,,,06:00,11:30,5.5,,,,,,,,,,,,,,,,,,,,,,
20260907095609-1,20260907-1-Spray_Dryer,2026-09-07,1,Spray Dryer,Produzione,,Apertura lotto,S26/0191T,WSDMLSOF0804000A,"Semilavorato Melissa foglia e.s.>= 4,0%   ac. rosmarinico (HPLC) da Filiera Certificata ISO 22005",11:30,14:00,2.5,,,,,,,,,,,,,,,,0.0,0.0,0.0,,,,
20260907095609-2,20260907-1-Spray_Dryer,2026-09-07,1,Spray Dryer,Attesa prodotto,CAU-FDE4D75F56,,,,,06:00,11:30,5.5,,,,,,,,,,,,,,,,,,,,,,
20260907095903-1,20260907-1-Mescole,2026-09-07,1,Mescole,Altro,CAU-12657F7B7C,,,,,06:00,14:00,8.0,,,,,,,,,,,,,,,,,,,,,,
20260907132839-1,20260907-1-Comber,2026-09-07,1,Comber,Guasto,CAU-183DD88448,,,,,06:00,07:30,1.5,,,,,,,,,,,,,,,,,,,,,,guasto al generatore di calore
20260907132839-2,20260907-1-Comber,2026-09-07,1,Comber,Produzione,,Apertura lotto,M26/0136,MDRTHYVC08000,TIMO VOLGARE FOGLIE,07:30,11:30,4.0,1.0,In corso,Completata,Scarico completato,,,,,121.25,850.0,1.6,,,,,,,,,,,
20260907132839-3,20260907-1-Comber,2026-09-07,1,Comber,Lavaggio,CAU-3935DB7D7E,,,,,11:30,12:00,0.5,,,,,,,,,,,,,,,,,,,,,,
20260907132839-4,20260907-1-Comber,2026-09-07,1,Comber,Produzione,,Apertura lotto,M26/0137,MDRFNCVC1700000M,Finocchio,12:00,14:00,2.0,1.0,In corso,In corso,Lavorazione in corso,,,,,199.0,0.0,0.0,,,,,,,,,,,
20260907133033-1,20260907-1-EV200,2026-09-07,1,EV200,Attesa prodotto,CAU-FDE4D75F56,,,,,06:00,10:30,4.5,,,,,,,,,,,,,,,,,,,,,,
20260907134635-1,20260907-1-EV200,2026-09-07,1,EV200,Produzione,,Apertura lotto,M26/0136,MDRTHYVC08000,TIMO VOLGARE FOGLIE,10:30,12:00,1.5,,,,,,,,,,,,,,,,,,,,M26/0136,,
20260907134635-2,20260907-1-EV200,2026-09-07,1,EV200,Attesa prodotto,CAU-FDE4D75F56,,,,,12:00,14:00,2.0,,,,,,,,,,,,,,,,,,,,,,
20260907192808-1,20260907-2-Comber,2026-09-07,2,Comber,Produzione,,Prosecuzione lotto,M26/0137,MDRFNCVC1700000M,Finocchio,14:00,15:30,1.5,1.0,In corso,Completata,Scarico completato,,0.0,,,199.0,950.0,1.8,,,,,,,,,,,
20260907192808-2,20260907-2-Comber,2026-09-07,2,Comber,Produzione,,Prosecuzione lotto,M26/0137,MDRFNCVC1700000M,Finocchio,15:30,20:00,4.5,2.0,In corso,Completata,Scarico completato,,0.0,,,199.0,950.0,1.8,,,,,,,,,,,ritardo x pastorizzazione ortica in uht
20260907192808-3,20260907-2-Comber,2026-09-07,2,Comber,Produzione,,Prosecuzione lotto,M26/0137,MDRFNCVC1700000M,Finocchio,20:00,22:00,2.0,3.0,In corso,Completata,Scarico completato,,0.0,,,199.0,950.0,1.8,,,,,,,,,,,
20260907192912-1,20260907-2-EV200,2026-09-07,2,EV200,Attesa prodotto,CAU-FDE4D75F56,,,,,14:00,16:30,2.5,,,,,,,,,,,,,,,,,,,,,,
20260907192912-2,20260907-2-EV200,2026-09-07,2,EV200,Produzione,,Apertura lotto,M26/0137,MDRFNCVC1700000M,Finocchio,16:30,22:00,5.5,,,,,,,,,,,,,,,,,,,,M26/0137,,
20260907192916-1,20260907-2-EV200,2026-09-07,2,EV200,Attesa prodotto,CAU-FDE4D75F56,,,,,14:00,16:30,2.5,,,,,,,,,,,,,,,,,,,,,,
20260907192916-2,20260907-2-EV200,2026-09-07,2,EV200,Produzione,,Apertura lotto,M26/0137,MDRFNCVC1700000M,Finocchio,16:30,22:00,5.5,,,,,,,,,,,,,,,,,,,,M26/0137,,
20260907192954-1,20260907-2-Spray_Dryer,2026-09-07,2,Spray Dryer,Produzione,,Prosecuzione lotto,S26/0191T,WSDMLSOF0804000A,"Semilavorato Melissa foglia e.s.>= 4,0%   ac. rosmarinico (HPLC) da Filiera Certificata ISO 22005",14:00,22:00,8.0,,,,,,0.0,,,,,,,,,,,,,,,,
20260908022203-1,20260907-3-Mescole,2026-09-07,3,Mescole,Produzione,,Chiusura lotto,E26/2267,SLRSCNC0570000A,Rosa canina frutto estratto secco >=70% acido ascorbico,22:00,05:00,7.0,,Completato,,Mescola completata,2.0,200.0,775.0,14.0,,,,,,,,,,,,,MIX-ORDCL-756-12-SLRSCNC0570000A,"1 mescola DI ROSA CANINA , MESCOLATA SETACCIATA E MICRONIZZATA + STOCCAGGIO"
20260908022203-2,20260907-3-Mescole,2026-09-07,3,Mescole,Altro,CAU-12657F7B7C,,,,,05:00,06:00,1.0,,,,,,,,,,,,,,,,,,,,,,CARICO SECONDA MESCOLA 775 KG NEL BICONICO  CANTISANI E ALAGIA
20260908032053-1,20260907-3-Comber,2026-09-07,3,Comber,Produzione,,Prosecuzione lotto,M26/0137,MDRFNCVC1700000M,Finocchio,22:00,23:30,1.5,3.0,In corso,Completata,Scarico completato,,0.0,,,199.0,950.0,1.8,,,,,,,,,,,
20260908032053-2,20260907-3-Comber,2026-09-07,3,Comber,Produzione,,Prosecuzione lotto,M26/0137,MDRFNCVC1700000M,Finocchio,23:30,03:00,3.5,4.0,In corso,Completata,Scarico completato,,0.0,,,199.0,950.0,1.8,,,,,,,,,,,
20260908032053-3,20260907-3-Comber,2026-09-07,3,Comber,Produzione,,Prosecuzione lotto,M26/0137,MDRFNCVC1700000M,Finocchio,03:00,06:00,3.0,5.0,In corso,Completata,Scarico completato,,0.0,,,199.0,950.0,1.8,,,,,,,,,,,
20260908032155-1,20260907-3-EV200,2026-09-07,3,EV200,Attesa prodotto,CAU-FDE4D75F56,,,,,22:00,03:00,5.0,,,,,,,,,,,,,,,,,,,,,,
20260908032155-2,20260907-3-EV200,2026-09-07,3,EV200,Produzione,,Prosecuzione lotto,M26/0137,MDRFNCVC1700000M,Finocchio,03:00,06:00,3.0,,,,,,0.0,,,,,,,,,,,,,,M26/0137,,
20260908032859-1,20260907-3-Spray_Dryer,2026-09-07,3,Spray Dryer,Produzione,,Prosecuzione lotto,S26/0191T,WSDMLSOF0804000A,"Semilavorato Melissa foglia e.s.>= 4,0%   ac. rosmarinico (HPLC) da Filiera Certificata ISO 22005",22:00,06:00,8.0,,,,,,0.0,,,,,,,,,,,,,,,,
20260908112802-1,20260908-1-Spray_Dryer,2026-09-08,1,Spray Dryer,Lavaggio,CAU-3935DB7D7E,,,,,06:00,07:30,1.5,,,,,,,,,,,,,,,,,,,,,,
20260908112802-2,20260908-1-Spray_Dryer,2026-09-08,1,Spray Dryer,Produzione,,Apertura lotto,S26/0189,WSDTLSPC04R0200A,Semilavorato Tiglio fiore estratto secco 2:1,07:30,14:00,6.5,,,,,,,,,,,,,,,,350.0,26.4,0.0,,,,
20260908112816-1,20260908-1-Comber,2026-09-08,1,Comber,Produzione,,Prosecuzione lotto,M26/0137,MDRFNCVC1700000M,Finocchio,06:00,06:30,0.5,5.0,In corso,Completata,Scarico completato,,0.0,,,199.0,950.0,1.8,,,,,,,,,,,
20260908112816-2,20260908-1-Comber,2026-09-08,1,Comber,Produzione,,Prosecuzione lotto,M26/0137,MDRFNCVC1700000M,Finocchio,06:30,10:00,3.5,6.0,In corso,Completata,Scarico completato,,0.0,,,199.0,950.0,1.7,,,,,,,,,,,
20260908112816-3,20260908-1-Comber,2026-09-08,1,Comber,Produzione,,Prosecuzione lotto,M26/0137,MDRFNCVC1700000M,Finocchio,10:00,13:30,3.5,7.0,In corso,Completata,Scarico completato,,0.0,,,199.0,950.0,1.8,,,,,,,,,,,
20260908112816-4,20260908-1-Comber,2026-09-08,1,Comber,Produzione,,Prosecuzione lotto,M26/0137,MDRFNCVC1700000M,Finocchio,13:30,14:00,0.5,8.0,In corso,In corso,Lavorazione in corso,,0.0,,,199.0,0.0,0.0,,,,,,,,,,,
20260908112820-1,20260908-1-Comber,2026-09-08,1,Comber,Produzione,,Prosecuzione lotto,M26/0137,MDRFNCVC1700000M,Finocchio,06:00,06:30,0.5,5.0,In corso,Completata,Scarico completato,,0.0,,,199.0,950.0,1.8,,,,,,,,,,,
20260908112820-2,20260908-1-Comber,2026-09-08,1,Comber,Produzione,,Prosecuzione lotto,M26/0137,MDRFNCVC1700000M,Finocchio,06:30,10:00,3.5,6.0,In corso,Completata,Scarico completato,,0.0,,,199.0,950.0,1.7,,,,,,,,,,,
20260908112820-3,20260908-1-Comber,2026-09-08,1,Comber,Produzione,,Prosecuzione lotto,M26/0137,MDRFNCVC1700000M,Finocchio,10:00,13:30,3.5,7.0,In corso,Completata,Scarico completato,,0.0,,,199.0,950.0,1.8,,,,,,,,,,,
20260908112820-4,20260908-1-Comber,2026-09-08,1,Comber,Produzione,,Prosecuzione lotto,M26/0137,MDRFNCVC1700000M,Finocchio,13:30,14:00,0.5,8.0,In corso,In corso,Lavorazione in corso,,0.0,,,199.0,0.0,0.0,,,,,,,,,,,
20260908112832-1,20260908-1-EV200,2026-09-08,1,EV200,Produzione,,Prosecuzione lotto,m26/0127,MDRTRGFC1700000M,Fieno greco seme taglio estrazione,06:00,07:00,1.0,,,,,,0.0,,,,,,,,,,,,,,m26/0127,,
20260908112832-2,20260908-1-EV200,2026-09-08,1,EV200,Attesa prodotto,CAU-FDE4D75F56,,,,,07:00,11:00,4.0,,,,,,,,,,,,,,,,,,,,,,
20260908112832-3,20260908-1-EV200,2026-09-08,1,EV200,Produzione,,Prosecuzione lotto,m26/0127,MDRTRGFC1700000M,Fieno greco seme taglio estrazione,11:00,13:00,2.0,,,,,,0.0,,,,,,,,,,,,,,m26/0127,,
20260908112832-4,20260908-1-EV200,2026-09-08,1,EV200,Attesa prodotto,CAU-FDE4D75F56,,,,,13:00,14:00,1.0,,,,,,,,,,,,,,,,,,,,,,
20260908112836-1,20260908-1-EV200,2026-09-08,1,EV200,Produzione,,Prosecuzione lotto,m26/0127,MDRTRGFC1700000M,Fieno greco seme taglio estrazione,06:00,07:00,1.0,,,,,,0.0,,,,,,,,,,,,,,m26/0127,,
20260908112836-2,20260908-1-EV200,2026-09-08,1,EV200,Attesa prodotto,CAU-FDE4D75F56,,,,,07:00,11:00,4.0,,,,,,,,,,,,,,,,,,,,,,
20260908112836-3,20260908-1-EV200,2026-09-08,1,EV200,Produzione,,Prosecuzione lotto,m26/0127,MDRTRGFC1700000M,Fieno greco seme taglio estrazione,11:00,13:00,2.0,,,,,,0.0,,,,,,,,,,,,,,m26/0127,,
20260908112836-4,20260908-1-EV200,2026-09-08,1,EV200,Attesa prodotto,CAU-FDE4D75F56,,,,,13:00,14:00,1.0,,,,,,,,,,,,,,,,,,,,,,
20260908180816-1,20260908-2-Comber,2026-09-08,2,Comber,Produzione,,Prosecuzione lotto,M26/0137,MDRFNCVC1700000M,Finocchio,14:00,17:00,3.0,8.0,In corso,Completata,Scarico completato,,0.0,,,199.0,950.0,1.8,,,,,,,,,,,
20260908180816-2,20260908-2-Comber,2026-09-08,2,Comber,Produzione,,Prosecuzione lotto,M26/0137,MDRFNCVC1700000M,Finocchio,17:00,20:30,3.5,9.0,In corso,Completata,Scarico completato,,0.0,,,199.0,950.0,1.8,,,,,,,,,,,
20260908180816-3,20260908-2-Comber,2026-09-08,2,Comber,Produzione,,Prosecuzione lotto,M26/0137,MDRFNCVC1700000M,Finocchio,20:30,22:00,1.5,10.0,In corso,Completata,Scarico completato,,0.0,,,199.0,950.0,1.8,,,,,,,,,,,
20260908181012-1,20260908-2-EV200,2026-09-08,2,EV200,Attesa prodotto,CAU-FDE4D75F56,,,,,14:00,16:00,2.0,,,,,,,,,,,,,,,,,,,,,,
20260908181012-2,20260908-2-EV200,2026-09-08,2,EV200,Produzione,,Prosecuzione lotto,M26/0137,MDRFNCVC1700000M,Finocchio,16:00,19:00,3.0,,,,,,0.0,,,,,,,,,,,,,,M26/0137,,
20260908181012-3,20260908-2-EV200,2026-09-08,2,EV200,Produzione,,Prosecuzione lotto,M26/0137,MDRFNCVC1700000M,Finocchio,19:00,20:30,1.5,,,,,,0.0,,,,,,,,,,,,,,M26/0137,,
20260908181012-4,20260908-2-EV200,2026-09-08,2,EV200,Produzione,,Prosecuzione lotto,M26/0137,MDRFNCVC1700000M,Finocchio,20:30,22:00,1.5,,,,,,0.0,,,,,,,,,,,,,,M26/0137,,
20260908181520-1,20260908-2-Mescole,2026-09-08,2,Mescole,Produzione,,Chiusura lotto,e26/2267,SLRSCNC0570000A,Rosa canina frutto estratto secco >=70% acido ascorbico,14:00,22:00,8.0,,Completato,,Mescola completata,1.0,,500.0,8.0,,,,,,,,,,,,,,"caricato,mescolato e micronizzato rosa canina "
20260908185934-1,20260908-2-Spray_Dryer,2026-09-08,2,Spray Dryer,Produzione,,Chiusura lotto,S26/0189,WSDTLSPC04R0200A,Semilavorato Tiglio fiore estratto secco 2:1,14:00,15:30,1.5,,,,,,0.0,,,,,,,,,,,,,90.0,,,
20260908185934-2,20260908-2-Spray_Dryer,2026-09-08,2,Spray Dryer,Lavaggio,CAU-3935DB7D7E,,,,,15:30,18:30,3.0,,,,,,,,,,,,,,,,,,,,,,lavaggio con soda 
20260908185934-3,20260908-2-Spray_Dryer,2026-09-08,2,Spray Dryer,Produzione,,Apertura lotto,S26/0190,WSDURTDC08R0200A,Semilavorato Ortica foglia estratto secc,18:30,22:00,3.5,,,,,,,,,,,,,,,,950.0,28.6,0.0,,,,
20260909030609-1,20260908-3-Mescole,2026-09-08,3,Mescole,Produzione,,Chiusura lotto,E26/2267,SLRSCNC0570000A,Rosa canina frutto estratto secco >=70% acido ascorbico,22:00,03:00,5.0,,Completato,,Mescola completata,2.0,,475.0,10.0,,,,,,,,,,,,,, ACIDO ASCORBICO mescolato settacciato e micronizzato
20260909030609-2,20260908-3-Mescole,2026-09-08,3,Mescole,Produzione,,Chiusura lotto,E26/2215,TSDVRBTC10R0400A,Verbasco parti aeree (erba fiorita) estratto secco D/E 4:1,03:00,06:00,3.0,,Completato,,Mescola completata,2.0,0.0,300.0,6.0,,,,,,,,,,,,,,
20260909031155-1,20260908-3-Comber,2026-09-08,3,Comber,Produzione,,Chiusura lotto,M26/0137,MDRFNCVC1700000M,Finocchio,22:00,00:00,2.0,10.0,Completato,Completata,Scarico completato,,0.0,,,199.0,950.0,1.8,,,,,,,,,,,
20260909031155-2,20260908-3-Comber,2026-09-08,3,Comber,Lavaggio,CAU-3935DB7D7E,,,,,00:00,01:00,1.0,,,,,,,,,,,,,,,,,,,,,,
20260909031155-3,20260908-3-Comber,2026-09-08,3,Comber,Produzione,,Apertura lotto,M26/0138,MDRPLLCC1700000M,Guaranà seme t.t.,01:00,04:00,3.0,1.0,In corso,Completata,Scarico completato,,,,,191.8,1100.0,2.3,,,,,,,,,,,
20260909031155-4,20260908-3-Comber,2026-09-08,3,Comber,Produzione,,Prosecuzione lotto,M26/0138,MDRPLLCC1700000M,Guaranà seme t.t.,04:00,05:30,1.5,1.0,In corso,Completata,Scarico completato,,0.0,,,191.8,200.0,2.8,,,,,,,,,,,
20260909031155-5,20260908-3-Comber,2026-09-08,3,Comber,Produzione,,Prosecuzione lotto,M26/0138,MDRPLLCC1700000M,Guaranà seme t.t.,05:30,06:00,0.5,2.0,In corso,Completata,Scarico completato,,0.0,,,191.8,1100.0,2.2,,,,,,,,,,,
20260909031445-1,20260908-3-EV200,2026-09-08,3,EV200,Produzione,,Prosecuzione lotto,M26/0137,MDRFNCVC1700000M,Finocchio,22:00,23:30,1.5,,,,,,0.0,,,,,,,,,,,,,,M26/0137,,
20260909031445-2,20260908-3-EV200,2026-09-08,3,EV200,Lavaggio,CAU-3935DB7D7E,,,,,23:30,00:30,1.0,,,,,,,,,,,,,,,,,,,,,,
20260909031445-3,20260908-3-EV200,2026-09-08,3,EV200,Attesa prodotto,CAU-FDE4D75F56,,,,,00:30,06:00,5.5,,,,,,,,,,,,,,,,,,,,,,
20260909032043-1,20260908-3-Spray_Dryer,2026-09-08,3,Spray Dryer,Produzione,,Prosecuzione lotto,S26/0190,WSDURTDC08R0200A,Semilavorato Ortica foglia estratto secc,22:00,06:00,8.0,,,,,,0.0,,,,,,,,,,,,,,,,
20260909100959-1,20260909-1-Comber,2026-09-09,1,Comber,Produzione,,Prosecuzione lotto,M26/0138,MDRPLLCC1700000M,Guaranà seme t.t.,06:00,08:30,2.5,2.0,In corso,Completata,Scarico completato,,0.0,,,191.8,1100.0,2.8,,,,,,,,,,,
20260909100959-2,20260909-1-Comber,2026-09-09,1,Comber,Produzione,,Prosecuzione lotto,M26/0138,MDRPLLCC1700000M,Guaranà seme t.t.,08:30,10:00,1.5,2.0,In corso,Completata,Scarico completato,,0.0,,,1.0,200.0,2.2,,,,,,,,,,,
20260909100959-3,20260909-1-Comber,2026-09-09,1,Comber,Produzione,,Prosecuzione lotto,M26/0138,MDRPLLCC1700000M,Guaranà seme t.t.,10:00,13:30,3.5,3.0,In corso,Completata,Scarico completato,,0.0,,,191.8,1100.0,2.2,,,,,,,,,,,
20260909100959-4,20260909-1-Comber,2026-09-09,1,Comber,Produzione,,Prosecuzione lotto,m26/0132,MDRARMRC1400000M,Rafano radice,13:30,14:00,0.5,3.0,In corso,In corso,Lavorazione in corso,,0.0,,,1.0,0.0,0.0,,,,,,,,,,,
20260909101332-1,20260909-1-EV200,2026-09-09,1,EV200,Attesa prodotto,CAU-FDE4D75F56,,,,,06:00,07:30,1.5,,,,,,,,,,,,,,,,,,,,,,
20260909101332-2,20260909-1-EV200,2026-09-09,1,EV200,Produzione,,Apertura lotto,M26/0138,MDRPLLCC1700000M,Guaranà seme t.t.,07:30,11:30,4.0,,,,,,,,,,,,,,,,,,,,M26/0138,,
20260909101332-3,20260909-1-EV200,2026-09-09,1,EV200,Attesa prodotto,CAU-FDE4D75F56,,,,,11:30,13:30,2.0,,,,,,,,,,,,,,,,,,,,,,
20260909101332-4,20260909-1-EV200,2026-09-09,1,EV200,Produzione,,Prosecuzione lotto,M26/0138,MDRPLLCC1700000M,Guaranà seme t.t.,13:30,14:00,0.5,,,,,,0.0,,,,,,,,,,,,,,M26/0138,,
20260909103240-1,20260909-1-Spray_Dryer,2026-09-09,1,Spray Dryer,Produzione,,Prosecuzione lotto,S26/0190,WSDURTDC08R0200A,Semilavorato Ortica foglia estratto secc,06:00,14:00,8.0,,,,,,0.0,,,,,,,,,,,,,,,,
20260909191854-1,20260909-2-Comber,2026-09-09,2,Comber,Produzione,,Prosecuzione lotto,M26/0138,MDRPLLCC1700000M,Guaranà seme t.t.,14:00,15:00,1.0,3.0,In corso,Completata,Scarico completato,,0.0,,,191.8,1300.0,2.0,,,,,,,,,,,
20260909191854-2,20260909-2-Comber,2026-09-09,2,Comber,Produzione,,Prosecuzione lotto,M26/0138,MDRPLLCC1700000M,Guaranà seme t.t.,15:00,19:30,4.5,4.0,In corso,Completata,Scarico completato,,0.0,,,191.8,1300.0,2.0,,,,,,,,,,,
20260909191854-3,20260909-2-Comber,2026-09-09,2,Comber,Produzione,,Prosecuzione lotto,M26/0138,MDRPLLCC1700000M,Guaranà seme t.t.,19:30,22:00,2.5,5.0,In corso,Completata,Scarico completato,,0.0,,,191.8,1300.0,2.0,,,,,,,,,,,
20260909192029-1,20260909-2-EV200,2026-09-09,2,EV200,Produzione,,Prosecuzione lotto,M26/0138,MDRPLLCC1700000M,Guaranà seme t.t.,14:00,16:30,2.5,,,,,,0.0,,,,,,,,,,,,,,M26/0138,,
20260909192029-2,20260909-2-EV200,2026-09-09,2,EV200,Produzione,,Prosecuzione lotto,M26/0138,MDRPLLCC1700000M,Guaranà seme t.t.,16:30,19:00,2.5,,,,,,0.0,,,,,,,,,,,,,,M26/0138,,
20260909192029-3,20260909-2-EV200,2026-09-09,2,EV200,Produzione,,Prosecuzione lotto,M26/0138,MDRPLLCC1700000M,Guaranà seme t.t.,19:00,22:00,3.0,,,,,,0.0,,,,,,,,,,,,,,M26/0138,,
20260909192158-1,20260909-2-Mescole,2026-09-09,2,Mescole,Lavaggio,CAU-3935DB7D7E,,,,,14:00,17:00,3.0,,,,,,,,,,,,,,,,,,,,,,
20260909192158-2,20260909-2-Mescole,2026-09-09,2,Mescole,Attesa prodotto,CAU-FDE4D75F56,,,,,17:00,22:00,5.0,,,,,,,,,,,,,,,,,,,,,,
20260909192206-1,20260909-2-Spray_Dryer,2026-09-09,2,Spray Dryer,Produzione,,Chiusura lotto,S26/0190,WSDURTDC08R0200A,Semilavorato Ortica foglia estratto secc,14:00,15:00,1.0,,,,,,0.0,,,,,,,,,,,,,227.0,,,
20260909192206-2,20260909-2-Spray_Dryer,2026-09-09,2,Spray Dryer,Lavaggio,CAU-3935DB7D7E,,,,,15:00,16:00,1.0,,,,,,,,,,,,,,,,,,,,,,lavaggio camera
20260909192206-3,20260909-2-Spray_Dryer,2026-09-09,2,Spray Dryer,Produzione,,Apertura lotto,S26/0194,YSDORTSC2200200A,"Semilavorato Ortosifon erba con fiori    estratto secco >=0,2% flavonoidi totali come sinensetina",16:00,22:00,6.0,,,,,,,,,,,,,,,,750.0,25.8,0.0,,,,
20260909192209-1,20260909-2-Spray_Dryer,2026-09-09,2,Spray Dryer,Produzione,,Chiusura lotto,S26/0190,WSDURTDC08R0200A,Semilavorato Ortica foglia estratto secc,14:00,15:00,1.0,,,,,,0.0,,,,,,,,,,,,,227.0,,,
20260909192209-2,20260909-2-Spray_Dryer,2026-09-09,2,Spray Dryer,Lavaggio,CAU-3935DB7D7E,,,,,15:00,16:00,1.0,,,,,,,,,,,,,,,,,,,,,,lavaggio camera
20260909192209-3,20260909-2-Spray_Dryer,2026-09-09,2,Spray Dryer,Produzione,,Apertura lotto,S26/0194,YSDORTSC2200200A,"Semilavorato Ortosifon erba con fiori    estratto secco >=0,2% flavonoidi totali come sinensetina",16:00,22:00,6.0,,,,,,,,,,,,,,,,750.0,25.8,0.0,,,,
20260910023100-1,20260909-3-Mescole,2026-09-09,3,Mescole,Pulizia,CAU-B3C02737FF,,,,,22:00,00:00,2.0,,,,,,,,,,,,,,,,,,,,,,"sistemazione reparto mescole , montaggio micronizzatore grande e lavaggio area lavaggio "
20260910023100-2,20260909-3-Mescole,2026-09-09,3,Mescole,Altro,CAU-12657F7B7C,,,,,00:00,04:00,4.0,,,,,,,,,,,,,,,,,,,,,,preparazione pesate e sistemazione resi dei semi lavorati per domani
20260910023100-3,20260909-3-Mescole,2026-09-09,3,Mescole,Altro,CAU-12657F7B7C,,,,,04:00,05:00,1.0,,,,,,,,,,,,,,,,,,,,,,preparazione prima base per spray dry di VALERIANA  88 KG TOTALI
20260910023100-4,20260909-3-Mescole,2026-09-09,3,Mescole,Attesa prodotto,CAU-FDE4D75F56,,,,,05:00,06:00,1.0,,,,,,,,,,,,,,,,,,,,,,
20260910025339-1,20260909-3-Comber,2026-09-09,3,Comber,Produzione,,Prosecuzione lotto,M26/0138,MDRPLLCC1700000M,Guaranà seme t.t.,22:00,23:30,1.5,5.0,In corso,Completata,Scarico completato,,0.0,,,191.8,200.0,1.6,,,,,,,,,,,
20260910025339-2,20260909-3-Comber,2026-09-09,3,Comber,Produzione,,Prosecuzione lotto,M26/0138,MDRPLLCC1700000M,Guaranà seme t.t.,23:30,02:30,3.0,6.0,In corso,Completata,Scarico completato,,0.0,,,191.8,1100.0,2.3,,,,,,,,,,,
20260910025339-3,20260909-3-Comber,2026-09-09,3,Comber,Produzione,,Chiusura lotto,M26/0138,MDRPLLCC1700000M,Guaranà seme t.t.,02:30,04:00,1.5,6.0,Completato,Completata,Scarico completato,,0.0,,,191.8,200.0,1.6,,,,,,,,,,,
20260910025339-4,20260909-3-Comber,2026-09-09,3,Comber,Produzione,,Apertura lotto,M26/0139,MDRPLLCC1700000M,Guaranà seme t.t.,04:00,06:00,2.0,1.0,In corso,Completata,Scarico completato,,,,,191.8,1100.0,2.2,,,,,,,,,,,
20260910025510-1,20260909-3-EV200,2026-09-09,3,EV200,Attesa prodotto,CAU-FDE4D75F56,,,,,22:00,01:00,3.0,,,,,,,,,,,,,,,,,,,,,,
20260910025510-2,20260909-3-EV200,2026-09-09,3,EV200,Produzione,,Prosecuzione lotto,M26/0138,MDRPLLCC1700000M,Guaranà seme t.t.,01:00,03:30,2.5,,,,,,0.0,,,,,,,,,,,,,,M26/0138,,
20260910025510-3,20260909-3-EV200,2026-09-09,3,EV200,Attesa prodotto,CAU-FDE4D75F56,,,,,03:30,06:00,2.5,,,,,,,,,,,,,,,,,,,,,,
20260910034438-1,20260909-3-Spray_Dryer,2026-09-09,3,Spray Dryer,Produzione,,Prosecuzione lotto,S26/0194,YSDORTSC2200200A,"Semilavorato Ortosifon erba con fiori    estratto secco >=0,2% flavonoidi totali come sinensetina",22:00,06:00,8.0,,,,,,0.0,,,,,,,,,,,,,,,,
20260910111857-1,20260910-1-Spray_Dryer,2026-09-10,1,Spray Dryer,Produzione,,Chiusura lotto,S26/0194,YSDORTSC2200200A,"Semilavorato Ortosifon erba con fiori    estratto secco >=0,2% flavonoidi totali come sinensetina",06:00,08:00,2.0,,,,,,0.0,,,,,,,,,,,,,175.0,,,
20260910111857-2,20260910-1-Spray_Dryer,2026-09-10,1,Spray Dryer,Manutenzione straordinaria,CAU-83CC50E016,,,,,08:00,09:30,1.5,,,,,,,,,,,,,,,,,,,,,,lavaggio scrabber è controllo turbina
20260910111857-3,20260910-1-Spray_Dryer,2026-09-10,1,Spray Dryer,Manutenzione straordinaria,CAU-83CC50E016,,,,,09:30,11:30,2.0,,,,,,,,,,,,,,,,,,,,,,CAMBIO CAVO SONDA TEMPERATURA
20260910111857-4,20260910-1-Spray_Dryer,2026-09-10,1,Spray Dryer,Altro,CAU-12657F7B7C,,,,,11:30,14:00,2.5,,,,,,,,,,,,,,,,,,,,,,SEMILAVORATO VALERIANA S26/0195
20260910112951-1,20260910-1-Comber,2026-09-10,1,Comber,Produzione,,Prosecuzione lotto,M26/0139,MDRPLLCC1700000M,Guaranà seme t.t.,06:00,07:00,1.0,2.0,In corso,Completata,Scarico completato,,0.0,,,191.8,1100.0,2.2,,,,,,,,,,,
20260910112951-2,20260910-1-Comber,2026-09-10,1,Comber,Produzione,,Prosecuzione lotto,M26/0139,MDRPLLCC1700000M,Guaranà seme t.t.,07:00,08:30,1.5,1.0,In corso,Completata,Scarico completato,,0.0,,,1.0,200.0,1.8,,,,,,,,,,,
20260910112951-3,20260910-1-Comber,2026-09-10,1,Comber,Produzione,,Prosecuzione lotto,M26/0139,MDRPLLCC1700000M,Guaranà seme t.t.,08:30,11:30,3.0,2.0,In corso,Completata,Scarico completato,,0.0,,,191.8,1100.0,2.1,,,,,,,,,,,
20260910112951-4,20260910-1-Comber,2026-09-10,1,Comber,Produzione,,Prosecuzione lotto,M26/0139,MDRPLLCC1700000M,Guaranà seme t.t.,11:30,13:00,1.5,2.0,In corso,Completata,Scarico completato,,0.0,,,1.0,200.0,1.7,,,,,,,,,,,
20260910112951-5,20260910-1-Comber,2026-09-10,1,Comber,Produzione,,Prosecuzione lotto,M26/0139,MDRPLLCC1700000M,Guaranà seme t.t.,13:00,14:00,1.0,3.0,In corso,In corso,Lavorazione in corso,,0.0,,,191.8,0.0,0.0,,,,,,,,,,,
20260910112955-1,20260910-1-Comber,2026-09-10,1,Comber,Produzione,,Prosecuzione lotto,M26/0139,MDRPLLCC1700000M,Guaranà seme t.t.,06:00,07:00,1.0,2.0,In corso,Completata,Scarico completato,,0.0,,,191.8,1100.0,2.2,,,,,,,,,,,
20260910112955-2,20260910-1-Comber,2026-09-10,1,Comber,Produzione,,Prosecuzione lotto,M26/0139,MDRPLLCC1700000M,Guaranà seme t.t.,07:00,08:30,1.5,1.0,In corso,Completata,Scarico completato,,0.0,,,1.0,200.0,1.8,,,,,,,,,,,
20260910112955-3,20260910-1-Comber,2026-09-10,1,Comber,Produzione,,Prosecuzione lotto,M26/0139,MDRPLLCC1700000M,Guaranà seme t.t.,08:30,11:30,3.0,2.0,In corso,Completata,Scarico completato,,0.0,,,191.8,1100.0,2.1,,,,,,,,,,,
20260910112955-4,20260910-1-Comber,2026-09-10,1,Comber,Produzione,,Prosecuzione lotto,M26/0139,MDRPLLCC1700000M,Guaranà seme t.t.,11:30,13:00,1.5,2.0,In corso,Completata,Scarico completato,,0.0,,,1.0,200.0,1.7,,,,,,,,,,,
20260910112955-5,20260910-1-Comber,2026-09-10,1,Comber,Produzione,,Prosecuzione lotto,M26/0139,MDRPLLCC1700000M,Guaranà seme t.t.,13:00,14:00,1.0,3.0,In corso,In corso,Lavorazione in corso,,0.0,,,191.8,0.0,0.0,,,,,,,,,,,
20260910113700-1,20260910-1-EV200,2026-09-10,1,EV200,Produzione,,Apertura lotto,M26/0139,MDRPLLCC1700000M,Guaranà seme t.t.,07:30,09:30,2.0,,,,,,,,,,,,,,,,,,,,M26/0139,,
20260910113700-2,20260910-1-EV200,2026-09-10,1,EV200,Attesa prodotto,CAU-FDE4D75F56,,,,,09:30,10:30,1.0,,,,,,,,,,,,,,,,,,,,,,
20260910113700-3,20260910-1-EV200,2026-09-10,1,EV200,Produzione,,Prosecuzione lotto,M26/0139,MDRPLLCC1700000M,Guaranà seme t.t.,10:30,12:30,2.0,,,,,,0.0,,,,,,,,,,,,,,M26/0139,,
20260910113700-4,20260910-1-EV200,2026-09-10,1,EV200,Attesa prodotto,CAU-FDE4D75F56,,,,,12:30,14:00,1.5,,,,,,,,,,,,,,,,,,,,,,
20260910113700-5,20260910-1-EV200,2026-09-10,1,EV200,Attesa prodotto,CAU-FDE4D75F56,,,,,06:00,07:30,1.5,,,,,,,,,,,,,,,,,,,,,,
20260910113703-1,20260910-1-EV200,2026-09-10,1,EV200,Produzione,,Apertura lotto,M26/0139,MDRPLLCC1700000M,Guaranà seme t.t.,07:30,09:30,2.0,,,,,,,,,,,,,,,,,,,,M26/0139,,
20260910113703-2,20260910-1-EV200,2026-09-10,1,EV200,Attesa prodotto,CAU-FDE4D75F56,,,,,09:30,10:30,1.0,,,,,,,,,,,,,,,,,,,,,,
20260910113703-3,20260910-1-EV200,2026-09-10,1,EV200,Produzione,,Prosecuzione lotto,M26/0139,MDRPLLCC1700000M,Guaranà seme t.t.,10:30,12:30,2.0,,,,,,0.0,,,,,,,,,,,,,,M26/0139,,
20260910113703-4,20260910-1-EV200,2026-09-10,1,EV200,Attesa prodotto,CAU-FDE4D75F56,,,,,12:30,14:00,1.5,,,,,,,,,,,,,,,,,,,,,,
20260910113703-5,20260910-1-EV200,2026-09-10,1,EV200,Attesa prodotto,CAU-FDE4D75F56,,,,,06:00,07:30,1.5,,,,,,,,,,,,,,,,,,,,,,
20260910113706-1,20260910-1-EV200,2026-09-10,1,EV200,Produzione,,Apertura lotto,M26/0139,MDRPLLCC1700000M,Guaranà seme t.t.,07:30,09:30,2.0,,,,,,,,,,,,,,,,,,,,M26/0139,,
20260910113706-2,20260910-1-EV200,2026-09-10,1,EV200,Attesa prodotto,CAU-FDE4D75F56,,,,,09:30,10:30,1.0,,,,,,,,,,,,,,,,,,,,,,
20260910113706-3,20260910-1-EV200,2026-09-10,1,EV200,Produzione,,Prosecuzione lotto,M26/0139,MDRPLLCC1700000M,Guaranà seme t.t.,10:30,12:30,2.0,,,,,,0.0,,,,,,,,,,,,,,M26/0139,,
20260910113706-4,20260910-1-EV200,2026-09-10,1,EV200,Attesa prodotto,CAU-FDE4D75F56,,,,,12:30,14:00,1.5,,,,,,,,,,,,,,,,,,,,,,
20260910113706-5,20260910-1-EV200,2026-09-10,1,EV200,Attesa prodotto,CAU-FDE4D75F56,,,,,06:00,07:30,1.5,,,,,,,,,,,,,,,,,,,,,,
20260910190024-1,20260910-2-Comber,2026-09-10,2,Comber,Produzione,,Prosecuzione lotto,M26/0139,MDRPLLCC1700000M,Guaranà seme t.t.,14:00,17:00,3.0,3.0,In corso,Completata,Scarico completato,,0.0,,,191.8,1300.0,2.0,,,,,,,,,,,
20260910190024-2,20260910-2-Comber,2026-09-10,2,Comber,Produzione,,Prosecuzione lotto,M26/0139,MDRPLLCC1700000M,Guaranà seme t.t.,17:00,21:00,4.0,4.0,In corso,Completata,Scarico completato,,0.0,,,191.8,1300.0,2.0,,,,,,,,,,,
20260910190024-3,20260910-2-Comber,2026-09-10,2,Comber,Produzione,,Prosecuzione lotto,M26/0139,MDRPLLCC1700000M,Guaranà seme t.t.,21:00,22:00,1.0,5.0,In corso,In corso,Lavorazione in corso,,0.0,,,191.8,0.0,0.0,,,,,,,,,,,
20260910190139-1,20260910-2-EV200,2026-09-10,2,EV200,Produzione,,Prosecuzione lotto,M26/0139,MDRPLLCC1700000M,Guaranà seme t.t.,14:00,16:00,2.0,,,,,,0.0,,,,,,,,,,,,,,M26/0139,,
20260910190139-2,20260910-2-EV200,2026-09-10,2,EV200,Attesa prodotto,CAU-FDE4D75F56,,,,,16:00,20:00,4.0,,,,,,,,,,,,,,,,,,,,,,
20260910190139-3,20260910-2-EV200,2026-09-10,2,EV200,Produzione,,Prosecuzione lotto,M26/0139,MDRPLLCC1700000M,Guaranà seme t.t.,20:00,22:00,2.0,,,,,,0.0,,,,,,,,,,,,,,M26/0139,,
20260910190406-1,20260910-2-Mescole,2026-09-10,2,Mescole,Altro,CAU-12657F7B7C,,,,,14:00,22:00,8.0,,,,,,,,,,,,,,,,,,,,,,operatore mancante 
20260910191215-1,20260910-2-Spray_Dryer,2026-09-10,2,Spray Dryer,Altro,CAU-12657F7B7C,,,,,14:00,15:00,1.0,,,,,,,,,,,,,,,,,,,,,,"valeriana S26/0195 PRODUZIONE 22,2 KG NET"
20260910191215-2,20260910-2-Spray_Dryer,2026-09-10,2,Spray Dryer,Lavaggio,CAU-3935DB7D7E,,,,,15:00,19:30,4.5,,,,,,,,,,,,,,,,,,,,,,
20260910191215-3,20260910-2-Spray_Dryer,2026-09-10,2,Spray Dryer,Produzione,,Apertura lotto,S26/0196,YSDPLLCC1722000N,"Semilavorato Guarana' seme               estratto secco 22,0%      caffeina naturale - >=3,0% caffeina nativa",19:30,22:00,2.5,,,,,,,,,,,,,,,,787.0,22.0,210.0,,,,
20260911031748-1,20260910-3-Mescole,2026-09-10,3,Mescole,Cambio lotto,CAU-5ED127B3F1,,,,,22:00,22:30,0.5,,,,,,,,,,,,,,,,,,,,,,
20260911031748-2,20260910-3-Mescole,2026-09-10,3,Mescole,Produzione,,Chiusura lotto,E26/2345,TSDMTRCC04R0400A,Camomilla fiore estratto secco D/E 4:1,22:30,23:00,0.5,,Completato,,Mescola completata,1.0,,25.0,0.5,,,,,,,,,,,,,,
20260911031748-3,20260910-3-Mescole,2026-09-10,3,Mescole,Produzione,,Chiusura lotto,E26/2234,TSDSRSRC22R0400A,Drosera erba fiorita estratto secco D/E 4:1,23:00,02:00,3.0,,Completato,,Mescola completata,2.0,,200.0,6.0,,,,,,,,,,,,,,MESCOLATO SETACCIATO E MICRONIZZATO!
20260911031748-4,20260910-3-Mescole,2026-09-10,3,Mescole,Produzione,,Chiusura lotto,E26/2313,SSDVLROC14R0600N,Valeriana radice estratto secco D/E 5-6:1,02:00,05:00,3.0,,Completato,,Mescola completata,2.0,,500.0,6.0,,,,,,,,,,,,,,
20260911031748-5,20260910-3-Mescole,2026-09-10,3,Mescole,Altro,CAU-12657F7B7C,,,,,05:00,06:00,1.0,,,,,,,,,,,,,,,,,,,,,,CARICO SECONDA MESCOLA VALERIANA  CONTINUAZIONE LOTTO PRECEDENTE  E APERTURA SCATOLI DI STOCCAGGIO 
20260911031754-1,20260910-3-Mescole,2026-09-10,3,Mescole,Cambio lotto,CAU-5ED127B3F1,,,,,22:00,22:30,0.5,,,,,,,,,,,,,,,,,,,,,,
20260911031754-2,20260910-3-Mescole,2026-09-10,3,Mescole,Produzione,,Chiusura lotto,E26/2345,TSDMTRCC04R0400A,Camomilla fiore estratto secco D/E 4:1,22:30,23:00,0.5,,Completato,,Mescola completata,1.0,,25.0,0.5,,,,,,,,,,,,,,
20260911031754-3,20260910-3-Mescole,2026-09-10,3,Mescole,Produzione,,Chiusura lotto,E26/2234,TSDSRSRC22R0400A,Drosera erba fiorita estratto secco D/E 4:1,23:00,02:00,3.0,,Completato,,Mescola completata,2.0,,200.0,6.0,,,,,,,,,,,,,,MESCOLATO SETACCIATO E MICRONIZZATO!
20260911031754-4,20260910-3-Mescole,2026-09-10,3,Mescole,Produzione,,Chiusura lotto,E26/2313,SSDVLROC14R0600N,Valeriana radice estratto secco D/E 5-6:1,02:00,05:00,3.0,,Completato,,Mescola completata,2.0,,500.0,6.0,,,,,,,,,,,,,,
20260911031754-5,20260910-3-Mescole,2026-09-10,3,Mescole,Altro,CAU-12657F7B7C,,,,,05:00,06:00,1.0,,,,,,,,,,,,,,,,,,,,,,CARICO SECONDA MESCOLA VALERIANA  CONTINUAZIONE LOTTO PRECEDENTE  E APERTURA SCATOLI DI STOCCAGGIO 
20260911031918-1,20260910-3-Spray_Dryer,2026-09-10,3,Spray Dryer,Produzione,,Prosecuzione lotto,S26/0196,YSDPLLCC1722000N,"Semilavorato Guarana' seme               estratto secco 22,0%      caffeina naturale - >=3,0% caffeina nativa",22:00,06:00,8.0,,,,,,0.0,,,,,,,,,,,,,,,,
20260911031920-1,20260910-3-Spray_Dryer,2026-09-10,3,Spray Dryer,Produzione,,Prosecuzione lotto,S26/0196,YSDPLLCC1722000N,"Semilavorato Guarana' seme               estratto secco 22,0%      caffeina naturale - >=3,0% caffeina nativa",22:00,06:00,8.0,,,,,,0.0,,,,,,,,,,,,,,,,
20260911032327-1,20260910-3-Comber,2026-09-10,3,Comber,Produzione,,Prosecuzione lotto,M26/0139,MDRPLLCC1700000M,Guaranà seme t.t.,22:00,00:00,2.0,5.0,In corso,Completata,Scarico completato,,0.0,,,191.8,1100.0,2.2,,,,,,,,,,,
20260911032327-2,20260910-3-Comber,2026-09-10,3,Comber,Produzione,,Prosecuzione lotto,M26/0139,MDRPLLCC1700000M,Guaranà seme t.t.,00:00,01:30,1.5,5.0,In corso,Completata,Scarico completato,,0.0,,,191.8,200.0,1.6,,,,,,,,,,,
20260911032327-3,20260910-3-Comber,2026-09-10,3,Comber,Produzione,,Prosecuzione lotto,M26/0139,MDRPLLCC1700000M,Guaranà seme t.t.,01:30,04:30,3.0,6.0,In corso,Completata,Scarico completato,,0.0,,,191.8,1100.0,2.2,,,,,,,,,,,
20260911032327-4,20260910-3-Comber,2026-09-10,3,Comber,Produzione,,Chiusura lotto,M26/0139,MDRPLLCC1700000M,Guaranà seme t.t.,04:30,06:00,1.5,6.0,Completato,Completata,Scarico completato,,0.0,,,191.8,200.0,1.7,,,,,,,,,,,
20260911032548-1,20260910-3-EV200,2026-09-10,3,EV200,Attesa prodotto,CAU-FDE4D75F56,,,,,22:00,00:00,2.0,,,,,,,,,,,,,,,,,,,,,,
20260911032548-2,20260910-3-EV200,2026-09-10,3,EV200,Produzione,,Prosecuzione lotto,M26/0139,MDRPLLCC1700000M,Guaranà seme t.t.,00:00,02:00,2.0,,,,,,0.0,,,,,,,,,,,,,,M26/0139,,
20260911032548-3,20260910-3-EV200,2026-09-10,3,EV200,Attesa prodotto,CAU-FDE4D75F56,,,,,02:00,04:00,2.0,,,,,,,,,,,,,,,,,,,,,,
20260911032548-4,20260910-3-EV200,2026-09-10,3,EV200,Produzione,,Chiusura lotto,M26/0139,MDRPLLCC1700000M,Guaranà seme t.t.,04:00,06:00,2.0,,,,,,0.0,,,,,,,,1010.0,26.0,,,,,M26/0139,,
20260911113340-1,20260911-1-Spray_Dryer,2026-09-11,1,Spray Dryer,Produzione,,Prosecuzione lotto,S26/0196,YSDPLLCC1722000N,"Semilavorato Guarana' seme               estratto secco 22,0%      caffeina naturale - >=3,0% caffeina nativa",06:00,11:00,5.0,,,,,,0.0,,,,,,,,,,,,,,,,
20260911113340-2,20260911-1-Spray_Dryer,2026-09-11,1,Spray Dryer,Altro,CAU-12657F7B7C,,,,,11:00,13:00,2.0,,,,,,,,,,,,,,,,,,,,,,FERMO PER RIUNIONE SINDACALE PROGRAMMATA
20260911113340-3,20260911-1-Spray_Dryer,2026-09-11,1,Spray Dryer,Produzione,,Prosecuzione lotto,S26/0196,YSDPLLCC1722000N,"Semilavorato Guarana' seme               estratto secco 22,0%      caffeina naturale - >=3,0% caffeina nativa",13:00,14:00,1.0,,,,,,0.0,,,,,,,,,,,,,,,,
20260911115512-1,20260911-1-Comber,2026-09-11,1,Comber,Lavaggio,CAU-3935DB7D7E,,,,,06:00,07:00,1.0,,,,,,,,,,,,,,,,,,,,,,
20260911115512-2,20260911-1-Comber,2026-09-11,1,Comber,Produzione,,Prosecuzione lotto,M26/0136,MDRTHYVC08000,TIMO VOLGARE FOGLIE,07:00,11:00,4.0,2.0,In corso,Completata,Scarico completato,,0.0,,,121.25,850.0,1.5,,,,,,,,,,,
20260911115512-3,20260911-1-Comber,2026-09-11,1,Comber,Lavaggio,CAU-3935DB7D7E,,,,,11:00,14:00,3.0,,,,,,,,,,,,,,,,,,,,,,
20260911115515-1,20260911-1-Comber,2026-09-11,1,Comber,Lavaggio,CAU-3935DB7D7E,,,,,06:00,07:00,1.0,,,,,,,,,,,,,,,,,,,,,,
20260911115515-2,20260911-1-Comber,2026-09-11,1,Comber,Produzione,,Prosecuzione lotto,M26/0136,MDRTHYVC08000,TIMO VOLGARE FOGLIE,07:00,11:00,4.0,2.0,In corso,Completata,Scarico completato,,0.0,,,121.25,850.0,1.5,,,,,,,,,,,
20260911115515-3,20260911-1-Comber,2026-09-11,1,Comber,Lavaggio,CAU-3935DB7D7E,,,,,11:00,14:00,3.0,,,,,,,,,,,,,,,,,,,,,,
20260911115800-1,20260911-1-EV200,2026-09-11,1,EV200,Attesa prodotto,CAU-FDE4D75F56,,,,,06:00,07:00,1.0,,,,,,,,,,,,,,,,,,,,,,
20260911115800-2,20260911-1-EV200,2026-09-11,1,EV200,Produzione,,Prosecuzione lotto,M26/0136,MDRTHYVC08000,TIMO VOLGARE FOGLIE,07:00,11:00,4.0,,,,,,0.0,,,,,,,,,,,,,,M26/0136,,
20260911115800-3,20260911-1-EV200,2026-09-11,1,EV200,Lavaggio,CAU-3935DB7D7E,,,,,11:00,14:00,3.0,,,,,,,,,,,,,,,,,,,,,,
20260911115804-1,20260911-1-EV200,2026-09-11,1,EV200,Attesa prodotto,CAU-FDE4D75F56,,,,,06:00,07:00,1.0,,,,,,,,,,,,,,,,,,,,,,
20260911115804-2,20260911-1-EV200,2026-09-11,1,EV200,Produzione,,Prosecuzione lotto,M26/0136,MDRTHYVC08000,TIMO VOLGARE FOGLIE,07:00,11:00,4.0,,,,,,0.0,,,,,,,,,,,,,,M26/0136,,
20260911115804-3,20260911-1-EV200,2026-09-11,1,EV200,Lavaggio,CAU-3935DB7D7E,,,,,11:00,14:00,3.0,,,,,,,,,,,,,,,,,,,,,,
20260911161018-1,20260911-2-EV200,2026-09-11,2,EV200,Attesa prodotto,CAU-FDE4D75F56,,,,,14:00,22:00,8.0,,,,,,,,,,,,,,,,,,,,,,
20260911161117-1,20260911-2-Comber,2026-09-11,2,Comber,Attesa prodotto,CAU-FDE4D75F56,,,,,14:00,22:00,8.0,,,,,,,,,,,,,,,,,,,,,,
20260911161121-1,20260911-2-Comber,2026-09-11,2,Comber,Attesa prodotto,CAU-FDE4D75F56,,,,,14:00,22:00,8.0,,,,,,,,,,,,,,,,,,,,,,
20260911201753-1,20260911-2-Spray_Dryer,2026-09-11,2,Spray Dryer,Produzione,,Prosecuzione lotto,S26/0196,YSDPLLCC1722000N,"Semilavorato Guarana' seme               estratto secco 22,0%      caffeina naturale - >=3,0% caffeina nativa",14:00,22:00,8.0,,,,,,0.0,,,,,,,,,,,,,,,,
20260912015517-1,20260911-3-Comber,2026-09-11,3,Comber,Altro,CAU-12657F7B7C,,,,,22:00,06:00,8.0,,,,,,,,,,,,,,,,,,,,,,Fermo per fine estrazione
20260912015550-1,20260911-3-EV200,2026-09-11,3,EV200,Attesa prodotto,CAU-FDE4D75F56,,,,,22:00,06:00,8.0,,,,,,,,,,,,,,,,,,,,,,
20260912020030-1,20260911-3-Spray_Dryer,2026-09-11,3,Spray Dryer,Produzione,,Prosecuzione lotto,S26/0196,YSDPLLCC1722000N,"Semilavorato Guarana' seme               estratto secco 22,0%      caffeina naturale - >=3,0% caffeina nativa",22:00,02:00,4.0,,,,,,0.0,,,,,,,,,,,,,,,,
20260912020030-2,20260911-3-Spray_Dryer,2026-09-11,3,Spray Dryer,Lavaggio,CAU-3935DB7D7E,,,,,02:00,06:00,4.0,,,,,,,,,,,,,,,,,,,,,,
20260914105145-1,20260914-1-EV200,2026-09-14,1,EV200,Attesa prodotto,CAU-FDE4D75F56,,,,,06:00,12:30,6.5,,,,,,,,,,,,,,,,,,,,,,
20260914105145-2,20260914-1-EV200,2026-09-14,1,EV200,Produzione,,Apertura lotto,m26/0140,MDREQSAC0700000M,EQUISETO ERBA,12:30,14:00,1.5,,,,,,,,,,,,,,,,,,,,,,
20260914105149-1,20260914-1-EV200,2026-09-14,1,EV200,Attesa prodotto,CAU-FDE4D75F56,,,,,06:00,12:30,6.5,,,,,,,,,,,,,,,,,,,,,,
20260914105149-2,20260914-1-EV200,2026-09-14,1,EV200,Produzione,,Apertura lotto,m26/0140,MDREQSAC0700000M,EQUISETO ERBA,12:30,14:00,1.5,,,,,,,,,,,,,,,,,,,,,,
20260914105341-1,20260914-1-Comber,2026-09-14,1,Comber,Cambio lotto,CAU-5ED127B3F1,,,,,06:00,07:00,1.0,,,,,,,,,,,,,,,,,,,,,,
20260914105341-2,20260914-1-Comber,2026-09-14,1,Comber,Produzione,,Apertura lotto,m26/0140,MDREQSAC0700000M,EQUISETO ERBA,07:00,11:30,4.5,1.0,In corso,Completata,Scarico completato,,,,,126.0,1200.0,3.1,,,,,,,,,,,estrazione con ripasso con differenza di acqua del primo passaggio
20260914105341-3,20260914-1-Comber,2026-09-14,1,Comber,Produzione,,Prosecuzione lotto,m26/0140,MDREQSAC0700000M,EQUISETO ERBA,11:30,14:00,2.5,2.0,In corso,Completata,Scarico completato,,0.0,,,126.0,800.0,3.2,,,,,,,,,,,scarico prima fase
20260914113621-1,20260914-1-Spray_Dryer,2026-09-14,1,Spray Dryer,Attesa prodotto,CAU-FDE4D75F56,,,,,06:00,10:00,4.0,,,,,,,,,,,,,,,,,,,,,,
20260914113621-2,20260914-1-Spray_Dryer,2026-09-14,1,Spray Dryer,Produzione,,Apertura lotto,S26/0198,YSDPLLCC1722000N,"Semilavorato Guarana' seme               estratto secco 22,0%      caffeina naturale - >=3,0% caffeina nativa",10:00,14:00,4.0,,,,,,,,,,,,,,,,1210.0,27.0,180.0,,,,molle compreso di acqua per base
20260914192128-1,20260914-2-Spray_Dryer,2026-09-14,2,Spray Dryer,Produzione,,Prosecuzione lotto,S26/0198,YSDPLLCC1722000N,"Semilavorato Guarana' seme               estratto secco 22,0%      caffeina naturale - >=3,0% caffeina nativa",14:00,22:00,8.0,,,,,,0.0,,,,,,,,,,,,,,,,
20260914192835-1,20260914-2-Comber,2026-09-14,2,Comber,Produzione,,Prosecuzione lotto,m26/0140,MDREQSAC0700000M,EQUISETO ERBA,14:00,16:00,2.0,2.0,In corso,Completata,Scarico completato,,0.0,,,126.0,400.0,1.1,,,,,,,,,,,
20260914192835-2,20260914-2-Comber,2026-09-14,2,Comber,Produzione,,Prosecuzione lotto,m26/0140,MDREQSAC0700000M,EQUISETO ERBA,16:00,18:30,2.5,3.0,In corso,Completata,Scarico completato,,0.0,,,126.0,800.0,2.9,,,,,,,,,,,
20260914192835-3,20260914-2-Comber,2026-09-14,2,Comber,Produzione,,Prosecuzione lotto,m26/0140,MDREQSAC0700000M,EQUISETO ERBA,18:30,20:30,2.0,3.0,In corso,Completata,Scarico completato,,0.0,,,126.0,400.0,1.2,,,,,,,,,,,
20260914192835-4,20260914-2-Comber,2026-09-14,2,Comber,Produzione,,Prosecuzione lotto,m26/0140,MDREQSAC0700000M,EQUISETO ERBA,20:30,22:00,1.5,4.0,In corso,Completata,Scarico completato,,0.0,,,126.0,800.0,2.9,,,,,,,,,,,
20260914192958-1,20260914-2-EV200,2026-09-14,2,EV200,Produzione,,Prosecuzione lotto,m26/0140,MDREQSAC0700000M,EQUISETO ERBA,14:00,18:00,4.0,,,,,,0.0,,,,,,,,,,,,,,,,
20260914192958-2,20260914-2-EV200,2026-09-14,2,EV200,Attesa prodotto,CAU-FDE4D75F56,,,,,18:00,21:00,3.0,,,,,,,,,,,,,,,,,,,,,,
20260914192958-3,20260914-2-EV200,2026-09-14,2,EV200,Produzione,,Prosecuzione lotto,m26/0140,MDREQSAC0700000M,EQUISETO ERBA,21:00,22:00,1.0,,,,,,0.0,,,,,,,,,,,,,,,,
20260915014907-1,20260915-3-Spray_Dryer,2026-09-15,3,Spray Dryer,Produzione,,Prosecuzione lotto,S26/0198,YSDPLLCC1722000N,"Semilavorato Guarana' seme               estratto secco 22,0%      caffeina naturale - >=3,0% caffeina nativa",22:00,06:00,8.0,,,,,,0.0,,,,,,,,,,,,,,,,
20260915025553-1,20260914-3-Comber,2026-09-14,3,Comber,Produzione,,Prosecuzione lotto,m26/0140,MDREQSAC0700000M,EQUISETO ERBA,22:00,23:00,1.0,4.0,In corso,Completata,Scarico completato,,0.0,,,126.0,800.0,2.9,,,,,,,,,,,
20260915025553-2,20260914-3-Comber,2026-09-14,3,Comber,Produzione,,Prosecuzione lotto,m26/0140,MDREQSAC0700000M,EQUISETO ERBA,23:00,01:00,2.0,4.0,In corso,Completata,Scarico completato,,0.0,,,1.0,400.0,1.2,,,,,,,,,,,
20260915025553-3,20260914-3-Comber,2026-09-14,3,Comber,Lavaggio,CAU-3935DB7D7E,,,,,01:00,02:00,1.0,,,,,,,,,,,,,,,,,,,,,,
20260915025553-4,20260914-3-Comber,2026-09-14,3,Comber,Produzione,,Apertura lotto,M26/0142,MDRPSSIC0800000M,PASSIFLORA Foglia,02:00,06:00,4.0,1.0,In corso,Completata,Scarico completato,,,,,127.2,1000.0,3.0,,,,,,,,,,,
20260915025600-1,20260914-3-Comber,2026-09-14,3,Comber,Produzione,,Prosecuzione lotto,m26/0140,MDREQSAC0700000M,EQUISETO ERBA,22:00,23:00,1.0,4.0,In corso,Completata,Scarico completato,,0.0,,,126.0,800.0,2.9,,,,,,,,,,,
20260915025600-2,20260914-3-Comber,2026-09-14,3,Comber,Produzione,,Prosecuzione lotto,m26/0140,MDREQSAC0700000M,EQUISETO ERBA,23:00,01:00,2.0,4.0,In corso,Completata,Scarico completato,,0.0,,,1.0,400.0,1.2,,,,,,,,,,,
20260915025600-3,20260914-3-Comber,2026-09-14,3,Comber,Lavaggio,CAU-3935DB7D7E,,,,,01:00,02:00,1.0,,,,,,,,,,,,,,,,,,,,,,
20260915025600-4,20260914-3-Comber,2026-09-14,3,Comber,Produzione,,Apertura lotto,M26/0142,MDRPSSIC0800000M,PASSIFLORA Foglia,02:00,06:00,4.0,1.0,In corso,Completata,Scarico completato,,,,,127.2,1000.0,3.0,,,,,,,,,,,
20260915025650-1,20260914-3-EV200,2026-09-14,3,EV200,Produzione,,Prosecuzione lotto,m26/0140,MDREQSAC0700000M,EQUISETO ERBA,22:00,02:00,4.0,,,,,,0.0,,,,,,,,,,,,,,,,
20260915025650-2,20260914-3-EV200,2026-09-14,3,EV200,Lavaggio,CAU-3935DB7D7E,,,,,02:00,03:00,1.0,,,,,,,,,,,,,,,,,,,,,,
20260915025650-3,20260914-3-EV200,2026-09-14,3,EV200,Attesa prodotto,CAU-FDE4D75F56,,,,,03:00,06:00,3.0,,,,,,,,,,,,,,,,,,,,,,
20260915025653-1,20260914-3-EV200,2026-09-14,3,EV200,Produzione,,Prosecuzione lotto,m26/0140,MDREQSAC0700000M,EQUISETO ERBA,22:00,02:00,4.0,,,,,,0.0,,,,,,,,,,,,,,,,
20260915025653-2,20260914-3-EV200,2026-09-14,3,EV200,Lavaggio,CAU-3935DB7D7E,,,,,02:00,03:00,1.0,,,,,,,,,,,,,,,,,,,,,,
20260915025653-3,20260914-3-EV200,2026-09-14,3,EV200,Attesa prodotto,CAU-FDE4D75F56,,,,,03:00,06:00,3.0,,,,,,,,,,,,,,,,,,,,,,
20260915031655-1,20260914-3-Mescole,2026-09-14,3,Mescole,Produzione,,Chiusura lotto,S26/0197,VLCCAFEC3260000A,"CAFFEINA 60,0% con Malt.Caramellata 40,%",22:00,06:00,8.0,,Completato,,Mescola completata,1.0,,780.0,8.0,,,,,,,,,,,,,,
20260915112042-1,20260915-1-EV200,2026-09-15,1,EV200,Produzione,,Apertura lotto,M26/0142,MDRPSSIC0800000M,PASSIFLORA Foglia,06:00,08:30,2.5,,,,,,,,,,,,,,,,,,,,M26/0142,,
20260915112042-2,20260915-1-EV200,2026-09-15,1,EV200,Manutenzione straordinaria,CAU-83CC50E016,,,,,08:30,11:30,3.0,,,,,,,,,,,,,,,,,,,,,,MANUTENZIONE  CONTALITRI E SOSTITUZIONE DELLA VALVOLA DI NON RITORNO
20260915112042-3,20260915-1-EV200,2026-09-15,1,EV200,Produzione,,Prosecuzione lotto,M26/0142,MDRPSSIC0800000M,PASSIFLORA Foglia,11:30,13:00,1.5,,,,,,0.0,,,,,,,,,,,,,,M26/0142,,
20260915112042-4,20260915-1-EV200,2026-09-15,1,EV200,Attesa prodotto,CAU-FDE4D75F56,,,,,13:00,14:00,1.0,,,,,,,,,,,,,,,,,,,,,,
20260915112046-1,20260915-1-EV200,2026-09-15,1,EV200,Produzione,,Apertura lotto,M26/0142,MDRPSSIC0800000M,PASSIFLORA Foglia,06:00,08:30,2.5,,,,,,,,,,,,,,,,,,,,M26/0142,,
20260915112046-2,20260915-1-EV200,2026-09-15,1,EV200,Manutenzione straordinaria,CAU-83CC50E016,,,,,08:30,11:30,3.0,,,,,,,,,,,,,,,,,,,,,,MANUTENZIONE  CONTALITRI E SOSTITUZIONE DELLA VALVOLA DI NON RITORNO
20260915112046-3,20260915-1-EV200,2026-09-15,1,EV200,Produzione,,Prosecuzione lotto,M26/0142,MDRPSSIC0800000M,PASSIFLORA Foglia,11:30,13:00,1.5,,,,,,0.0,,,,,,,,,,,,,,M26/0142,,
20260915112046-4,20260915-1-EV200,2026-09-15,1,EV200,Attesa prodotto,CAU-FDE4D75F56,,,,,13:00,14:00,1.0,,,,,,,,,,,,,,,,,,,,,,
20260915114035-1,20260915-1-Spray_Dryer,2026-09-15,1,Spray Dryer,Produzione,,Chiusura lotto,S26/0198,YSDPLLCC1722000N,"Semilavorato Guarana' seme               estratto secco 22,0%      caffeina naturale - >=3,0% caffeina nativa",06:00,12:00,6.0,,,,,,0.0,,,,,,,,,,,,,298.0,,,
20260915114035-2,20260915-1-Spray_Dryer,2026-09-15,1,Spray Dryer,Lavaggio,CAU-3935DB7D7E,,,,,12:00,13:00,1.0,,,,,,,,,,,,,,,,,,,,,,
20260915114035-3,20260915-1-Spray_Dryer,2026-09-15,1,Spray Dryer,Produzione,,Apertura lotto,S26/0199,WSDURTDC08R0200A,Semilavorato Ortica foglia estratto secc,13:00,14:00,1.0,,,,,,,,,,,,,,,,392.0,24.6,0.0,,,,
20260915114559-1,20260915-1-Comber,2026-09-15,1,Comber,Produzione,,Prosecuzione lotto,M26/0142,MDRPSSIC0800000M,PASSIFLORA Foglia,06:00,10:00,4.0,2.0,In corso,Completata,Scarico completato,,0.0,,,127.2,1000.0,2.4,,,,,,,,,,,
20260915114559-2,20260915-1-Comber,2026-09-15,1,Comber,Produzione,,Prosecuzione lotto,M26/0142,MDRPSSIC0800000M,PASSIFLORA Foglia,10:00,14:00,4.0,3.0,In corso,Completata,Scarico completato,,0.0,,,127.2,1000.0,2.7,,,,,,,,,,,
20260915184633-1,20260915-2-Mescole,2026-09-15,2,Mescole,Altro,CAU-12657F7B7C,,,,,14:00,22:00,8.0,,,,,,,,,,,,,,,,,,,,,,micronizzazione e stoccaggio caffeina
20260915190752-1,20260915-2-Comber,2026-09-15,2,Comber,Produzione,,Prosecuzione lotto,M26/0142,MDRPSSIC0800000M,PASSIFLORA Foglia,14:00,18:00,4.0,4.0,In corso,Completata,Scarico completato,,0.0,,,127.2,1000.0,2.6,,,,,,,,,,,
20260915190752-2,20260915-2-Comber,2026-09-15,2,Comber,Produzione,,Prosecuzione lotto,M26/0142,MDRPSSIC0800000M,PASSIFLORA Foglia,18:00,22:00,4.0,5.0,In corso,Completata,Scarico completato,,0.0,,,127.2,1000.0,2.6,,,,,,,,,,,
20260915190856-1,20260915-2-EV200,2026-09-15,2,EV200,Attesa prodotto,CAU-FDE4D75F56,,,,,14:00,16:00,2.0,,,,,,,,,,,,,,,,,,,,,,
20260915190856-2,20260915-2-EV200,2026-09-15,2,EV200,Produzione,,Prosecuzione lotto,M26/0142,MDRPSSIC0800000M,PASSIFLORA Foglia,16:00,21:30,5.5,,,,,,0.0,,,,,,,,,,,,,,M26/0142,,
20260915190856-3,20260915-2-EV200,2026-09-15,2,EV200,Attesa prodotto,CAU-FDE4D75F56,,,,,21:30,22:00,0.5,,,,,,,,,,,,,,,,,,,,,,
20260915195850-1,20260915-2-Spray_Dryer,2026-09-15,2,Spray Dryer,Produzione,,Prosecuzione lotto,S26/0199,WSDURTDC08R0200A,Semilavorato Ortica foglia estratto secc,14:00,22:00,8.0,,,,,,0.0,,,,,,,,,,,,,,,,
20260916023800-1,20260915-3-Comber,2026-09-15,3,Comber,Produzione,,Prosecuzione lotto,M26/0142,MDRPSSIC0800000M,PASSIFLORA Foglia,22:00,02:00,4.0,6.0,In corso,Completata,Scarico completato,,0.0,,,127.2,1000.0,2.49,,,,,,,,,,,
20260916023800-2,20260915-3-Comber,2026-09-15,3,Comber,Produzione,,Prosecuzione lotto,M26/0142,MDRPSSIC0800000M,PASSIFLORA Foglia,02:00,06:00,4.0,7.0,In corso,Completata,Scarico completato,,0.0,,,127.2,1000.0,2.6,,,,,,,,,,,
20260916023803-1,20260915-3-Comber,2026-09-15,3,Comber,Produzione,,Prosecuzione lotto,M26/0142,MDRPSSIC0800000M,PASSIFLORA Foglia,22:00,02:00,4.0,6.0,In corso,Completata,Scarico completato,,0.0,,,127.2,1000.0,2.49,,,,,,,,,,,
20260916023803-2,20260915-3-Comber,2026-09-15,3,Comber,Produzione,,Prosecuzione lotto,M26/0142,MDRPSSIC0800000M,PASSIFLORA Foglia,02:00,06:00,4.0,7.0,In corso,Completata,Scarico completato,,0.0,,,127.2,1000.0,2.6,,,,,,,,,,,
20260916023806-1,20260915-3-Comber,2026-09-15,3,Comber,Produzione,,Prosecuzione lotto,M26/0142,MDRPSSIC0800000M,PASSIFLORA Foglia,22:00,02:00,4.0,6.0,In corso,Completata,Scarico completato,,0.0,,,127.2,1000.0,2.49,,,,,,,,,,,
20260916023806-2,20260915-3-Comber,2026-09-15,3,Comber,Produzione,,Prosecuzione lotto,M26/0142,MDRPSSIC0800000M,PASSIFLORA Foglia,02:00,06:00,4.0,7.0,In corso,Completata,Scarico completato,,0.0,,,127.2,1000.0,2.6,,,,,,,,,,,
20260916023948-1,20260915-3-EV200,2026-09-15,3,EV200,Attesa prodotto,CAU-FDE4D75F56,,,,,22:00,00:00,2.0,,,,,,,,,,,,,,,,,,,,,,
20260916023948-2,20260915-3-EV200,2026-09-15,3,EV200,Produzione,,Prosecuzione lotto,M26/0142,MDRPSSIC0800000M,PASSIFLORA Foglia,00:00,06:00,6.0,,,,,,0.0,,,,,,,,,,,,,,M26/0142,,
20260916023950-1,20260915-3-EV200,2026-09-15,3,EV200,Attesa prodotto,CAU-FDE4D75F56,,,,,22:00,00:00,2.0,,,,,,,,,,,,,,,,,,,,,,
20260916023950-2,20260915-3-EV200,2026-09-15,3,EV200,Produzione,,Prosecuzione lotto,M26/0142,MDRPSSIC0800000M,PASSIFLORA Foglia,00:00,06:00,6.0,,,,,,0.0,,,,,,,,,,,,,,M26/0142,,
20260916023953-1,20260915-3-EV200,2026-09-15,3,EV200,Attesa prodotto,CAU-FDE4D75F56,,,,,22:00,00:00,2.0,,,,,,,,,,,,,,,,,,,,,,
20260916023953-2,20260915-3-EV200,2026-09-15,3,EV200,Produzione,,Prosecuzione lotto,M26/0142,MDRPSSIC0800000M,PASSIFLORA Foglia,00:00,06:00,6.0,,,,,,0.0,,,,,,,,,,,,,,M26/0142,,
20260916031717-1,20260915-3-Spray_Dryer,2026-09-15,3,Spray Dryer,Produzione,,Chiusura lotto,S26/0199,WSDURTDC08R0200A,Semilavorato Ortica foglia estratto secc,22:00,22:30,0.5,,,,,,0.0,,,,,,,,,,,,,88.8,,,
20260916031717-2,20260915-3-Spray_Dryer,2026-09-15,3,Spray Dryer,Lavaggio,CAU-3935DB7D7E,,,,,22:30,23:30,1.0,,,,,,,,,,,,,,,,,,,,,,
20260916031717-3,20260915-3-Spray_Dryer,2026-09-15,3,Spray Dryer,Produzione,,Apertura lotto,S26/0200,WSDFNCOC17R0200A,Semilavorato Finocchio dolce seme e.s.,23:30,06:00,6.5,,,,,,,,,,,,,,,,975.0,18.0,260.0,,,,
20260916031723-1,20260915-3-Spray_Dryer,2026-09-15,3,Spray Dryer,Produzione,,Chiusura lotto,S26/0199,WSDURTDC08R0200A,Semilavorato Ortica foglia estratto secc,22:00,22:30,0.5,,,,,,0.0,,,,,,,,,,,,,88.8,,,
20260916031723-2,20260915-3-Spray_Dryer,2026-09-15,3,Spray Dryer,Lavaggio,CAU-3935DB7D7E,,,,,22:30,23:30,1.0,,,,,,,,,,,,,,,,,,,,,,
20260916031723-3,20260915-3-Spray_Dryer,2026-09-15,3,Spray Dryer,Produzione,,Apertura lotto,S26/0200,WSDFNCOC17R0200A,Semilavorato Finocchio dolce seme e.s.,23:30,06:00,6.5,,,,,,,,,,,,,,,,975.0,18.0,260.0,,,,
20260916032347-1,20260915-3-Mescole,2026-09-15,3,Mescole,Altro,CAU-12657F7B7C,,,,,22:00,00:00,2.0,,,,,,,,,,,,,,,,,,,,,,MANCANZA OPERATORE PER LAVAGGIO E CAMBIO PRODOTTO SPRAY DRYER
20260916032347-2,20260915-3-Mescole,2026-09-15,3,Mescole,Produzione,,Chiusura lotto,S26/0197,VLCCAFEC3260000A,"CAFFEINA 60,0% con Malt.Caramellata 40,%",00:00,06:00,6.0,,Completato,,Mescola completata,1.0,,210.0,6.0,,,,,,,,,,,,,,MICRONIZZAZIONE MESCOLA
20260916111658-1,20260916-1-Comber,2026-09-16,1,Comber,Produzione,,Prosecuzione lotto,M26/0142,MDRPSSIC0800000M,PASSIFLORA Foglia,06:00,10:00,4.0,8.0,In corso,Completata,Scarico completato,,0.0,,,127.2,1000.0,2.6,,,,,,,,,,,
20260916111658-2,20260916-1-Comber,2026-09-16,1,Comber,Produzione,,Chiusura lotto,M26/0142,MDRPSSIC0800000M,PASSIFLORA Foglia,10:00,14:00,4.0,9.0,Completato,Completata,Scarico completato,,0.0,,,127.2,1000.0,2.6,,,,,,,,,,,
20260916112751-1,20260916-1-Spray_Dryer,2026-09-16,1,Spray Dryer,Produzione,,Prosecuzione lotto,S26/0200,WSDFNCOC17R0200A,Semilavorato Finocchio dolce seme e.s.,06:00,14:00,8.0,,,,,,0.0,,,,,,,,,,,,,,,,
20260916115653-1,20260916-1-Mescole,2026-09-16,1,Mescole,Altro,CAU-12657F7B7C,,,,,06:00,14:00,8.0,,,,,,,,,,,,,,,,,,,,,,micronizzati 510 kg caffeina
20260916185234-1,20260916-2-Spray_Dryer,2026-09-16,2,Spray Dryer,Produzione,,Prosecuzione lotto,S26/0200,WSDFNCOC17R0200A,Semilavorato Finocchio dolce seme e.s.,14:00,18:30,4.5,,,,,,0.0,,,,,,,,,,,,,,,,
20260916185234-2,20260916-2-Spray_Dryer,2026-09-16,2,Spray Dryer,Lavaggio,CAU-3935DB7D7E,,,,,18:30,19:30,1.0,,,,,,,,,,,,,,,,,,,,,,
20260916185234-3,20260916-2-Spray_Dryer,2026-09-16,2,Spray Dryer,Produzione,,Prosecuzione lotto,S26/0200,WSDFNCOC17R0200A,Semilavorato Finocchio dolce seme e.s.,19:30,22:00,2.5,,,,,,0.0,,,,,,,,,,,,,,,,
20260916190749-1,20260916-2-Comber,2026-09-16,2,Comber,Lavaggio,CAU-3935DB7D7E,,,,,14:00,15:00,1.0,,,,,,,,,,,,,,,,,,,,,,
20260916190749-2,20260916-2-Comber,2026-09-16,2,Comber,Produzione,,Apertura lotto,M26/0143,MDRALTOC1400000M,Altea radice t.t.,15:00,18:00,3.0,1.0,In corso,Completata,Scarico completato,,,,,126.6,900.0,0.8,,,,,,,,,,,
20260916190749-3,20260916-2-Comber,2026-09-16,2,Comber,Produzione,,Prosecuzione lotto,M26/0143,MDRALTOC1400000M,Altea radice t.t.,18:00,21:00,3.0,2.0,In corso,Completata,Scarico completato,,0.0,,,126.6,900.0,0.9,,,,,,,,,,,
20260916190749-4,20260916-2-Comber,2026-09-16,2,Comber,Produzione,,Prosecuzione lotto,M26/0143,MDRALTOC1400000M,Altea radice t.t.,21:00,22:00,1.0,3.0,In corso,Completata,Scarico completato,,0.0,,,126.6,900.0,0.8,,,,,,,,,,,
20260916191015-1,20260916-2-EV200,2026-09-16,2,EV200,Produzione,,Prosecuzione lotto,M26/0142,MDRPSSIC0800000M,PASSIFLORA Foglia,14:00,16:00,2.0,,,,,,0.0,,,,,,,,,,,,,,M26/0142,,
20260916191015-2,20260916-2-EV200,2026-09-16,2,EV200,Lavaggio,CAU-3935DB7D7E,,,,,16:00,17:00,1.0,,,,,,,,,,,,,,,,,,,,,,
20260916191015-3,20260916-2-EV200,2026-09-16,2,EV200,Attesa prodotto,CAU-FDE4D75F56,,,,,17:00,20:00,3.0,,,,,,,,,,,,,,,,,,,,,,
20260916191015-4,20260916-2-EV200,2026-09-16,2,EV200,Produzione,,Apertura lotto,M26/0143,MDRALTOC1400000M,Altea radice t.t.,20:00,22:00,2.0,,,,,,,,,,,,,,,,,,,,M26/0143,,
20260916192106-1,20260916-2-Mescole,2026-09-16,2,Mescole,Altro,CAU-12657F7B7C,,,,,14:00,22:00,8.0,,,,,,,,,,,,,,,,,,,,,,fine micronizzazione caffeina e lavaggio attrezzatura e reparto
20260917025941-1,20260916-3-Comber,2026-09-16,3,Comber,Produzione,,Prosecuzione lotto,M26/0143,MDRALTOC1400000M,Altea radice t.t.,22:00,00:00,2.0,3.0,In corso,Completata,Scarico completato,,0.0,,,126.6,900.0,0.8,,,,,,,,,,,
20260917025941-2,20260916-3-Comber,2026-09-16,3,Comber,Produzione,,Prosecuzione lotto,M26/0143,MDRALTOC1400000M,Altea radice t.t.,00:00,03:00,3.0,4.0,In corso,Completata,Scarico completato,,0.0,,,126.6,900.0,0.8,,,,,,,,,,,
20260917025941-3,20260916-3-Comber,2026-09-16,3,Comber,Produzione,,Prosecuzione lotto,M26/0143,MDRALTOC1400000M,Altea radice t.t.,03:00,06:00,3.0,5.0,In corso,Completata,Scarico completato,,0.0,,,126.6,900.0,0.9,,,,,,,,,,,
20260917025943-1,20260916-3-Comber,2026-09-16,3,Comber,Produzione,,Prosecuzione lotto,M26/0143,MDRALTOC1400000M,Altea radice t.t.,22:00,00:00,2.0,3.0,In corso,Completata,Scarico completato,,0.0,,,126.6,900.0,0.8,,,,,,,,,,,
20260917025943-2,20260916-3-Comber,2026-09-16,3,Comber,Produzione,,Prosecuzione lotto,M26/0143,MDRALTOC1400000M,Altea radice t.t.,00:00,03:00,3.0,4.0,In corso,Completata,Scarico completato,,0.0,,,126.6,900.0,0.8,,,,,,,,,,,
20260917025943-3,20260916-3-Comber,2026-09-16,3,Comber,Produzione,,Prosecuzione lotto,M26/0143,MDRALTOC1400000M,Altea radice t.t.,03:00,06:00,3.0,5.0,In corso,Completata,Scarico completato,,0.0,,,126.6,900.0,0.9,,,,,,,,,,,
20260917025947-1,20260916-3-Comber,2026-09-16,3,Comber,Produzione,,Prosecuzione lotto,M26/0143,MDRALTOC1400000M,Altea radice t.t.,22:00,00:00,2.0,3.0,In corso,Completata,Scarico completato,,0.0,,,126.6,900.0,0.8,,,,,,,,,,,
20260917025947-2,20260916-3-Comber,2026-09-16,3,Comber,Produzione,,Prosecuzione lotto,M26/0143,MDRALTOC1400000M,Altea radice t.t.,00:00,03:00,3.0,4.0,In corso,Completata,Scarico completato,,0.0,,,126.6,900.0,0.8,,,,,,,,,,,
20260917025947-3,20260916-3-Comber,2026-09-16,3,Comber,Produzione,,Prosecuzione lotto,M26/0143,MDRALTOC1400000M,Altea radice t.t.,03:00,06:00,3.0,5.0,In corso,Completata,Scarico completato,,0.0,,,126.6,900.0,0.9,,,,,,,,,,,
20260917025958-1,20260916-3-EV200,2026-09-16,3,EV200,Produzione,,Prosecuzione lotto,M26/0143,MDRALTOC1400000M,Altea radice t.t.,22:00,00:00,2.0,,,,,,0.0,,,,,,,,,,,,,,M26/0143,,
20260917025958-2,20260916-3-EV200,2026-09-16,3,EV200,Guasto,CAU-183DD88448,,,,,00:00,06:00,6.0,,,,,,,,,,,,,,,,,,,,,,avaria generatore di vapore  (il vapore restante nell? impianto fino ad esaurimento e' stato sfruttato per estrazione comber)
20260917030000-1,20260916-3-EV200,2026-09-16,3,EV200,Produzione,,Prosecuzione lotto,M26/0143,MDRALTOC1400000M,Altea radice t.t.,22:00,00:00,2.0,,,,,,0.0,,,,,,,,,,,,,,M26/0143,,
20260917030000-2,20260916-3-EV200,2026-09-16,3,EV200,Guasto,CAU-183DD88448,,,,,00:00,06:00,6.0,,,,,,,,,,,,,,,,,,,,,,avaria generatore di vapore  (il vapore restante nell? impianto fino ad esaurimento e' stato sfruttato per estrazione comber)
20260917030845-1,20260916-3-Mescole,2026-09-16,3,Mescole,Produzione,,Chiusura lotto,E26/2325,SLRSCNC0570000A,Rosa canina frutto estratto secco >=70% acido ascorbico,22:00,00:15,2.25,,Completato,,Mescola completata,2.0,,500.0,4.5,,,,,,,,,,,,,,
20260917030845-2,20260916-3-Mescole,2026-09-16,3,Mescole,Cambio lotto,CAU-5ED127B3F1,,,,,00:15,00:30,0.25,,,,,,,,,,,,,,,,,,,,,,
20260917030845-3,20260916-3-Mescole,2026-09-16,3,Mescole,Produzione,,Chiusura lotto,E26/2326,TSDGRNRC22R0400A,Grindelia erba fiorita estratto secco D/E 4:1,00:30,02:45,2.25,,Completato,,Mescola completata,2.0,,500.0,4.5,,,,,,,,,,,,,,
20260917030845-4,20260916-3-Mescole,2026-09-16,3,Mescole,Cambio lotto,CAU-5ED127B3F1,,,,,02:45,03:00,0.25,,,,,,,,,,,,,,,,,,,,,,
20260917030845-5,20260916-3-Mescole,2026-09-16,3,Mescole,Produzione,,Chiusura lotto,E26/2332,SSDTRNAC08R0400A,Damiana foglia estratto secco D/E 4:1,03:00,04:00,1.0,,Completato,,Mescola completata,2.0,,150.0,2.0,,,,,,,,,,,,,,
20260917030845-6,20260916-3-Mescole,2026-09-16,3,Mescole,Cambio lotto,CAU-5ED127B3F1,,,,,04:00,04:15,0.25,,,,,,,,,,,,,,,,,,,,,,
20260917030845-7,20260916-3-Mescole,2026-09-16,3,Mescole,Produzione,,Chiusura lotto,E26/2331,SSDTRGFC17R0400A,Fieno greco seme estratto secco D/E 4:1,04:15,05:15,1.0,,Completato,,Mescola completata,2.0,100.0,200.0,2.0,,,,,,,,,,,,,MIX-ORDCL-756-18-SSDTRGFC17R0400A,
20260917030845-8,20260916-3-Mescole,2026-09-16,3,Mescole,Cambio lotto,CAU-5ED127B3F1,,,,,05:15,05:30,0.25,,,,,,,,,,,,,,,,,,,,,,
20260917030845-9,20260916-3-Mescole,2026-09-16,3,Mescole,Produzione,,Chiusura lotto,E26/2335,SSDONNSC14R0400A,Ononide radice estratto secco D/E 4:1,05:30,06:00,0.5,,Completato,,Mescola completata,2.0,,50.0,1.0,,,,,,,,,,,,,,
20260917030848-1,20260916-3-Mescole,2026-09-16,3,Mescole,Produzione,,Chiusura lotto,E26/2325,SLRSCNC0570000A,Rosa canina frutto estratto secco >=70% acido ascorbico,22:00,00:15,2.25,,Completato,,Mescola completata,2.0,,500.0,4.5,,,,,,,,,,,,,,
20260917030848-2,20260916-3-Mescole,2026-09-16,3,Mescole,Cambio lotto,CAU-5ED127B3F1,,,,,00:15,00:30,0.25,,,,,,,,,,,,,,,,,,,,,,
20260917030848-3,20260916-3-Mescole,2026-09-16,3,Mescole,Produzione,,Chiusura lotto,E26/2326,TSDGRNRC22R0400A,Grindelia erba fiorita estratto secco D/E 4:1,00:30,02:45,2.25,,Completato,,Mescola completata,2.0,,500.0,4.5,,,,,,,,,,,,,,
20260917030848-4,20260916-3-Mescole,2026-09-16,3,Mescole,Cambio lotto,CAU-5ED127B3F1,,,,,02:45,03:00,0.25,,,,,,,,,,,,,,,,,,,,,,
20260917030848-5,20260916-3-Mescole,2026-09-16,3,Mescole,Produzione,,Chiusura lotto,E26/2332,SSDTRNAC08R0400A,Damiana foglia estratto secco D/E 4:1,03:00,04:00,1.0,,Completato,,Mescola completata,2.0,,150.0,2.0,,,,,,,,,,,,,,
20260917030848-6,20260916-3-Mescole,2026-09-16,3,Mescole,Cambio lotto,CAU-5ED127B3F1,,,,,04:00,04:15,0.25,,,,,,,,,,,,,,,,,,,,,,
20260917030848-7,20260916-3-Mescole,2026-09-16,3,Mescole,Produzione,,Chiusura lotto,E26/2331,SSDTRGFC17R0400A,Fieno greco seme estratto secco D/E 4:1,04:15,05:15,1.0,,Completato,,Mescola completata,2.0,100.0,200.0,2.0,,,,,,,,,,,,,MIX-ORDCL-756-18-SSDTRGFC17R0400A,
20260917030848-8,20260916-3-Mescole,2026-09-16,3,Mescole,Cambio lotto,CAU-5ED127B3F1,,,,,05:15,05:30,0.25,,,,,,,,,,,,,,,,,,,,,,
20260917030848-9,20260916-3-Mescole,2026-09-16,3,Mescole,Produzione,,Chiusura lotto,E26/2335,SSDONNSC14R0400A,Ononide radice estratto secco D/E 4:1,05:30,06:00,0.5,,Completato,,Mescola completata,2.0,,50.0,1.0,,,,,,,,,,,,,,
20260917030851-1,20260916-3-Mescole,2026-09-16,3,Mescole,Produzione,,Chiusura lotto,E26/2325,SLRSCNC0570000A,Rosa canina frutto estratto secco >=70% acido ascorbico,22:00,00:15,2.25,,Completato,,Mescola completata,2.0,,500.0,4.5,,,,,,,,,,,,,,
20260917030851-2,20260916-3-Mescole,2026-09-16,3,Mescole,Cambio lotto,CAU-5ED127B3F1,,,,,00:15,00:30,0.25,,,,,,,,,,,,,,,,,,,,,,
20260917030851-3,20260916-3-Mescole,2026-09-16,3,Mescole,Produzione,,Chiusura lotto,E26/2326,TSDGRNRC22R0400A,Grindelia erba fiorita estratto secco D/E 4:1,00:30,02:45,2.25,,Completato,,Mescola completata,2.0,,500.0,4.5,,,,,,,,,,,,,,
20260917030851-4,20260916-3-Mescole,2026-09-16,3,Mescole,Cambio lotto,CAU-5ED127B3F1,,,,,02:45,03:00,0.25,,,,,,,,,,,,,,,,,,,,,,
20260917030851-5,20260916-3-Mescole,2026-09-16,3,Mescole,Produzione,,Chiusura lotto,E26/2332,SSDTRNAC08R0400A,Damiana foglia estratto secco D/E 4:1,03:00,04:00,1.0,,Completato,,Mescola completata,2.0,,150.0,2.0,,,,,,,,,,,,,,
20260917030851-6,20260916-3-Mescole,2026-09-16,3,Mescole,Cambio lotto,CAU-5ED127B3F1,,,,,04:00,04:15,0.25,,,,,,,,,,,,,,,,,,,,,,
20260917030851-7,20260916-3-Mescole,2026-09-16,3,Mescole,Produzione,,Chiusura lotto,E26/2331,SSDTRGFC17R0400A,Fieno greco seme estratto secco D/E 4:1,04:15,05:15,1.0,,Completato,,Mescola completata,2.0,100.0,200.0,2.0,,,,,,,,,,,,,MIX-ORDCL-756-18-SSDTRGFC17R0400A,
20260917030851-8,20260916-3-Mescole,2026-09-16,3,Mescole,Cambio lotto,CAU-5ED127B3F1,,,,,05:15,05:30,0.25,,,,,,,,,,,,,,,,,,,,,,
20260917030851-9,20260916-3-Mescole,2026-09-16,3,Mescole,Produzione,,Chiusura lotto,E26/2335,SSDONNSC14R0400A,Ononide radice estratto secco D/E 4:1,05:30,06:00,0.5,,Completato,,Mescola completata,2.0,,50.0,1.0,,,,,,,,,,,,,,
20260917065658-1,20260917-3-Spray_Dryer,2026-09-17,3,Spray Dryer,Produzione,,Prosecuzione lotto,S26/0200,WSDFNCOC17R0200A,Semilavorato Finocchio dolce seme e.s.,22:00,06:00,8.0,,,,,,0.0,,,,,,,,,,,,,,,,
20260917105223-1,20260917-1-Spray_Dryer,2026-09-17,1,Spray Dryer,Produzione,,Prosecuzione lotto,S26/0200,WSDFNCOC17R0200A,Semilavorato Finocchio dolce seme e.s.,06:00,08:00,2.0,,,,,,0.0,,,,,,,,,,,,,,,,
20260917105223-2,20260917-1-Spray_Dryer,2026-09-17,1,Spray Dryer,Cambio lotto,CAU-5ED127B3F1,,,,,08:00,09:30,1.5,,,,,,,,,,,,,,,,,,,,,,
20260917105223-3,20260917-1-Spray_Dryer,2026-09-17,1,Spray Dryer,Produzione,,Apertura lotto,s26/0201,WSDEQSAC07R0300A,Semilavorato Equiseto erba e.s.,09:30,14:00,4.5,,,,,,,,,,,,,,,,364.0,32.7,120.0,,,,
20260917105659-1,20260917-1-Comber,2026-09-17,1,Comber,Altro,CAU-12657F7B7C,,,,,06:00,09:00,3.0,,,,,,,,,,,,,,,,,,,,,,fermo per blocco caldaia
20260917105659-2,20260917-1-Comber,2026-09-17,1,Comber,Produzione,,Chiusura lotto,M26/0143,MDRALTOC1400000M,Altea radice t.t.,09:00,12:00,3.0,6.0,Completato,Completata,Scarico completato,,0.0,,,126.6,900.0,0.9,,,,,,,,,,,
20260917105659-3,20260917-1-Comber,2026-09-17,1,Comber,Attesa prodotto,CAU-FDE4D75F56,,,,,12:00,14:00,2.0,,,,,,,,,,,,,,,,,,,,,,
20260917105828-1,20260917-1-EV200,2026-09-17,1,EV200,Altro,CAU-12657F7B7C,,,,,06:00,09:00,3.0,,,,,,,,,,,,,,,,,,,,,,fermo x blocco caldaia
20260917105828-2,20260917-1-EV200,2026-09-17,1,EV200,Produzione,,Prosecuzione lotto,M26/0143,MDRALTOC1400000M,Altea radice t.t.,09:00,13:00,4.0,,,,,,0.0,,,,,,,,,,,,,,M26/0143,,
20260917105828-3,20260917-1-EV200,2026-09-17,1,EV200,Attesa prodotto,CAU-FDE4D75F56,,,,,13:00,14:00,1.0,,,,,,,,,,,,,,,,,,,,,,
20260917105832-1,20260917-1-EV200,2026-09-17,1,EV200,Altro,CAU-12657F7B7C,,,,,06:00,09:00,3.0,,,,,,,,,,,,,,,,,,,,,,fermo x blocco caldaia
20260917105832-2,20260917-1-EV200,2026-09-17,1,EV200,Produzione,,Prosecuzione lotto,M26/0143,MDRALTOC1400000M,Altea radice t.t.,09:00,13:00,4.0,,,,,,0.0,,,,,,,,,,,,,,M26/0143,,
20260917105832-3,20260917-1-EV200,2026-09-17,1,EV200,Attesa prodotto,CAU-FDE4D75F56,,,,,13:00,14:00,1.0,,,,,,,,,,,,,,,,,,,,,,
20260917183141-1,20260917-2-Mescole,2026-09-17,2,Mescole,Produzione,,Chiusura lotto,E26/2371,TSDURTDC08R0400A,Ortica foglia estratto secco D/E 4:1,14:00,16:00,2.0,,Completato,,Mescola completata,2.0,50.0,300.0,4.0,,,,,,,,,,,,,MIX-ORDCL-756-29-TSDURTDC08R0400A,
20260917183141-2,20260917-2-Mescole,2026-09-17,2,Mescole,Produzione,,Chiusura lotto,E26/2374,TSDURTDC08R0400A,Ortica foglia estratto secco D/E 4:1,16:00,19:00,3.0,,Completato,,Mescola completata,1.0,50.0,300.0,3.0,,,,,,,,,,,,,MIX-ORDCL-756-29-TSDURTDC08R0400A,
20260917183141-3,20260917-2-Mescole,2026-09-17,2,Mescole,Cambio lotto,CAU-5ED127B3F1,,,,,19:00,19:15,0.25,,,,,,,,,,,,,,,,,,,,,,
20260917183141-4,20260917-2-Mescole,2026-09-17,2,Mescole,Produzione,,Chiusura lotto,E26/2334,SSDARMRC13R0400A,Rafano radice estratto secco D/E 4:1,19:15,20:00,0.75,,Completato,,Mescola completata,1.0,,25.0,0.75,,,,,,,,,,,,,,
20260917183141-5,20260917-2-Mescole,2026-09-17,2,Mescole,Produzione,,Chiusura lotto,E26/2337,SSDLVNAC34R0400N,Lavanda sommità fiorite estratto secco acquoso D/E 4:1,20:00,21:00,1.0,,Completato,,Mescola completata,1.0,,25.0,1.0,,,,,,,,,,,,,,
20260917183141-6,20260917-2-Mescole,2026-09-17,2,Mescole,Produzione,,Chiusura lotto,E26/2338,TSDPTYOC02R0400A,Muira Puama corteccia estratto secco D/E 4:1,21:00,22:00,1.0,,Completato,,Mescola completata,1.0,,50.0,1.0,,,,,,,,,,,,,,
20260917183145-1,20260917-2-Mescole,2026-09-17,2,Mescole,Produzione,,Chiusura lotto,E26/2371,TSDURTDC08R0400A,Ortica foglia estratto secco D/E 4:1,14:00,16:00,2.0,,Completato,,Mescola completata,2.0,50.0,300.0,4.0,,,,,,,,,,,,,MIX-ORDCL-756-29-TSDURTDC08R0400A,
20260917183145-2,20260917-2-Mescole,2026-09-17,2,Mescole,Produzione,,Chiusura lotto,E26/2374,TSDURTDC08R0400A,Ortica foglia estratto secco D/E 4:1,16:00,19:00,3.0,,Completato,,Mescola completata,1.0,50.0,300.0,3.0,,,,,,,,,,,,,MIX-ORDCL-756-29-TSDURTDC08R0400A,
20260917183145-3,20260917-2-Mescole,2026-09-17,2,Mescole,Cambio lotto,CAU-5ED127B3F1,,,,,19:00,19:15,0.25,,,,,,,,,,,,,,,,,,,,,,
20260917183145-4,20260917-2-Mescole,2026-09-17,2,Mescole,Produzione,,Chiusura lotto,E26/2334,SSDARMRC13R0400A,Rafano radice estratto secco D/E 4:1,19:15,20:00,0.75,,Completato,,Mescola completata,1.0,,25.0,0.75,,,,,,,,,,,,,,
20260917183145-5,20260917-2-Mescole,2026-09-17,2,Mescole,Produzione,,Chiusura lotto,E26/2337,SSDLVNAC34R0400N,Lavanda sommità fiorite estratto secco acquoso D/E 4:1,20:00,21:00,1.0,,Completato,,Mescola completata,1.0,,25.0,1.0,,,,,,,,,,,,,,
20260917183145-6,20260917-2-Mescole,2026-09-17,2,Mescole,Produzione,,Chiusura lotto,E26/2338,TSDPTYOC02R0400A,Muira Puama corteccia estratto secco D/E 4:1,21:00,22:00,1.0,,Completato,,Mescola completata,1.0,,50.0,1.0,,,,,,,,,,,,,,
20260917191841-1,20260917-2-EV200,2026-09-17,2,EV200,Produzione,,Prosecuzione lotto,M26/0143,MDRALTOC1400000M,Altea radice t.t.,14:00,22:00,8.0,,,,,,0.0,,,,,,,,,,,,,,M26/0143,,
20260917192756-1,20260917-2-Spray_Dryer,2026-09-17,2,Spray Dryer,Produzione,,Prosecuzione lotto,s26/0201,WSDEQSAC07R0300A,Semilavorato Equiseto erba e.s.,14:00,22:00,8.0,,,,,,0.0,,,,,,,,,,,,,,,,
20260917193015-1,20260917-2-EV200,2026-09-17,2,EV200,Produzione,,Prosecuzione lotto,M26/0143,MDRALTOC1400000M,Altea radice t.t.,14:00,18:00,4.0,,,,,,0.0,,,,,,,,,,,,,,M26/0143,,
20260917193015-2,20260917-2-EV200,2026-09-17,2,EV200,Lavaggio,CAU-3935DB7D7E,,,,,18:00,19:00,1.0,,,,,,,,,,,,,,,,,,,,,,
20260917193015-3,20260917-2-EV200,2026-09-17,2,EV200,Attesa prodotto,CAU-FDE4D75F56,,,,,19:00,22:00,3.0,,,,,,,,,,,,,,,,,,,,,,
20260917193332-1,20260917-2-Comber,2026-09-17,2,Comber,Attesa prodotto,CAU-FDE4D75F56,,,,,14:00,16:30,2.5,,,,,,,,,,,,,,,,,,,,,,
20260917193332-2,20260917-2-Comber,2026-09-17,2,Comber,Produzione,,Apertura lotto,m26/0144,MDRCRTOC08000,HARPAGO RADICE FETTE,16:30,19:00,2.5,1.0,In corso,Completata,Scarico completato,,,,,125.0,850.0,5.0,,,,,,,,,,,
20260917193332-3,20260917-2-Comber,2026-09-17,2,Comber,Produzione,,Prosecuzione lotto,m26/0144,MDRCRTOC08000,HARPAGO RADICE FETTE,19:00,21:00,2.0,1.0,In corso,Completata,Scarico completato,,0.0,,,125.0,400.0,1.2,,,,,,,,,,,
20260917193332-4,20260917-2-Comber,2026-09-17,2,Comber,Produzione,,Prosecuzione lotto,m26/0144,MDRCRTOC08000,HARPAGO RADICE FETTE,21:00,22:00,1.0,2.0,In corso,Completata,Scarico completato,,0.0,,,125.0,850.0,1.2,,,,,,,,,,,
20260917221219-1,20260917-3-Spray_Dryer,2026-09-17,3,Spray Dryer,Produzione,,Chiusura lotto,s26/0201,WSDEQSAC07R0300A,Semilavorato Equiseto erba e.s.,22:00,00:00,2.0,,,,,,0.0,,,,,,,,,,,,,211.0,,,
20260917221219-2,20260917-3-Spray_Dryer,2026-09-17,3,Spray Dryer,Lavaggio,CAU-3935DB7D7E,,,,,00:00,01:00,1.0,,,,,,,,,,,,,,,,,,,,,,
20260917221219-3,20260917-3-Spray_Dryer,2026-09-17,3,Spray Dryer,Produzione,,Apertura lotto,S26/0201,WSDPSSIC07R0400A,Semilavorato Passiflora erba fiorita e.s D/E 4:1,01:00,06:00,5.0,,,,,,,,,,,,,,,,799.0,28.0,162.0,,,,
20260918015035-1,20260917-3-Comber,2026-09-17,3,Comber,Produzione,,Prosecuzione lotto,m26/0144,MDRCRTOC08000,HARPAGO RADICE FETTE,22:00,23:30,1.5,2.0,In corso,Completata,Scarico completato,,0.0,,,125.0,850.0,4.8,,,,,,,,,,,
20260918015035-2,20260917-3-Comber,2026-09-17,3,Comber,Produzione,,Prosecuzione lotto,m26/0144,MDRCRTOC08000,HARPAGO RADICE FETTE,23:30,01:30,2.0,2.0,In corso,Completata,Scarico completato,,0.0,,,1.0,400.0,1.0,,,,,,,,,,,ripasso
20260918015035-3,20260917-3-Comber,2026-09-17,3,Comber,Produzione,,Prosecuzione lotto,m26/0144,MDRCRTOC08000,HARPAGO RADICE FETTE,01:30,04:00,2.5,3.0,In corso,Completata,Scarico completato,,0.0,,,125.0,850.0,4.7,,,,,,,,,,,
20260918015035-4,20260917-3-Comber,2026-09-17,3,Comber,Produzione,,Prosecuzione lotto,m26/0144,MDRCRTOC08000,HARPAGO RADICE FETTE,04:00,06:00,2.0,3.0,In corso,Completata,Scarico completato,,0.0,,,1.0,400.0,1.1,,,,,,,,,,,
20260918021156-1,20260917-3-EV200,2026-09-17,3,EV200,Produzione,,Apertura lotto,m26/0144,MDRCRTOC08000,HARPAGO RADICE FETTE,22:00,00:30,2.5,,,,,,,,,,,,,,,,,,,,m26/0144,,
20260918021156-2,20260917-3-EV200,2026-09-17,3,EV200,Attesa prodotto,CAU-FDE4D75F56,,,,,00:30,04:00,3.5,,,,,,,,,,,,,,,,,,,,,,
20260918021156-3,20260917-3-EV200,2026-09-17,3,EV200,Produzione,,Prosecuzione lotto,m26/0144,MDRCRTOC08000,HARPAGO RADICE FETTE,04:00,06:00,2.0,,,,,,0.0,,,,,,,,,,,,,,m26/0144,,
20260918022854-1,20260917-3-Mescole,2026-09-17,3,Mescole,Produzione,,Chiusura lotto,E26/2339,SSDGNTNC14R0400A,Genziana radice estratto secco D/E 4:1,22:00,22:45,0.75,,Completato,,Mescola completata,1.0,,75.0,0.75,,,,,,,,,,,,,,
20260918022854-2,20260917-3-Mescole,2026-09-17,3,Mescole,Cambio lotto,CAU-5ED127B3F1,,,,,22:45,23:00,0.25,,,,,,,,,,,,,,,,,,,,,,
20260918022854-3,20260917-3-Mescole,2026-09-17,3,Mescole,Produzione,,Chiusura lotto,E26/2354,ASDPSSIC0902000N,Passiflora erba fiorita estratto secco >=2.0% flavonoidi totali calc.come vitexina,23:00,06:00,7.0,,Completato,,Mescola completata,2.0,,1400.0,14.0,,,,,,,,,,,,,,
20260918104526-1,20260918-1-Mescole,2026-09-18,1,Mescole,Produzione,,Chiusura lotto,e26/2321,TSDACHMC07R0400A,Achillea sommità (erba) fiorita estratto secco D/E 4:1,06:00,07:00,1.0,,Completato,,Mescola completata,1.0,,75.0,1.0,,,,,,,,,,,,,,
20260918104526-2,20260918-1-Mescole,2026-09-18,1,Mescole,Produzione,,Chiusura lotto,e26/2327,SSDTRXOC14R0200A,Tarassaco radice estratto secco,07:00,08:00,1.0,,Completato,,Mescola completata,2.0,,150.0,2.0,,,,,,,,,,,,,,
20260918104526-3,20260918-1-Mescole,2026-09-18,1,Mescole,Produzione,,Chiusura lotto,e26/2334,SSDSLVOC08R0400A,Salvia foglia estratto secco D/E 4:1,08:00,09:00,1.0,,Completato,,Mescola completata,2.0,,125.0,2.0,,,,,,,,,,,,,,
20260918104526-4,20260918-1-Mescole,2026-09-18,1,Mescole,Produzione,,Chiusura lotto,e26/2333,SSDSLDVC22R0400A,Verga d' oro parti aeree (erba fiorita) estratto secco D/E 4:1,09:00,10:00,1.0,,Completato,,Mescola completata,1.0,,100.0,1.0,,,,,,,,,,,,,,
20260918104526-5,20260918-1-Mescole,2026-09-18,1,Mescole,Produzione,,Chiusura lotto,e26/2343,ASDHDRHC0801000A,"Edera foglia estratto secco >=1,0% ederacoside C",10:00,11:30,1.5,,Completato,,Mescola completata,1.0,,25.0,1.5,,,,,,,,,,,,,,mescolata + micronizzata
20260918104526-6,20260918-1-Mescole,2026-09-18,1,Mescole,Produzione,,Chiusura lotto,e26/2328,TSDSPRUC0700200A,"Spirea ulmaria erba estratto secco >= 0,2% acido salicilico",11:30,12:15,0.75,,Completato,,Mescola completata,2.0,75.0,50.0,1.5,,,,,,,,,,,,,MIX-ORDCL-756-27-TSDSPRUC0700200A,
20260918104526-7,20260918-1-Mescole,2026-09-18,1,Mescole,Produzione,,Chiusura lotto,e26/2330,TSDSRSRC22R0400A,Drosera erba fiorita estratto secco D/E 4:1,12:15,13:15,1.0,,Completato,,Mescola completata,2.0,,25.0,2.0,,,,,,,,,,,,,,
20260918104526-8,20260918-1-Mescole,2026-09-18,1,Mescole,Produzione,,Chiusura lotto,e26/2320,TSDORGMC10R0400A,Maggiorana parti aeree estratto secco D/E 4:1,13:15,14:00,0.75,,Completato,,Mescola completata,1.0,,50.0,0.75,,,,,,,,,,,,,,
20260918115124-1,20260918-1-Comber,2026-09-18,1,Comber,Produzione,,Prosecuzione lotto,m26/0144,MDRCRTOC08000,HARPAGO RADICE FETTE,06:00,10:00,4.0,4.0,In corso,Completata,Scarico completato,,0.0,,,125.0,1250.0,3.5,,,,,,,,,,,
20260918115124-2,20260918-1-Comber,2026-09-18,1,Comber,Produzione,,Prosecuzione lotto,m26/0144,MDRCRTOC08000,HARPAGO RADICE FETTE,10:00,14:00,4.0,5.0,In corso,Completata,Scarico completato,,0.0,,,125.0,1250.0,3.5,,,,,,,,,,,
20260918115129-1,20260918-1-Comber,2026-09-18,1,Comber,Produzione,,Prosecuzione lotto,m26/0144,MDRCRTOC08000,HARPAGO RADICE FETTE,06:00,10:00,4.0,4.0,In corso,Completata,Scarico completato,,0.0,,,125.0,1250.0,3.5,,,,,,,,,,,
20260918115129-2,20260918-1-Comber,2026-09-18,1,Comber,Produzione,,Prosecuzione lotto,m26/0144,MDRCRTOC08000,HARPAGO RADICE FETTE,10:00,14:00,4.0,5.0,In corso,Completata,Scarico completato,,0.0,,,125.0,1250.0,3.5,,,,,,,,,,,
20260918115235-1,20260918-1-EV200,2026-09-18,1,EV200,Produzione,,Prosecuzione lotto,m26/0144,MDRCRTOC08000,HARPAGO RADICE FETTE,06:00,07:30,1.5,,,,,,0.0,,,,,,,,,,,,,,m26/0144,,
20260918115235-2,20260918-1-EV200,2026-09-18,1,EV200,Attesa prodotto,CAU-FDE4D75F56,,,,,07:30,10:00,2.5,,,,,,,,,,,,,,,,,,,,,,
20260918115235-3,20260918-1-EV200,2026-09-18,1,EV200,Produzione,,Prosecuzione lotto,m26/0144,MDRCRTOC08000,HARPAGO RADICE FETTE,10:00,14:00,4.0,,,,,,0.0,,,,,,,,,,,,,,m26/0144,,
20260918115237-1,20260918-1-EV200,2026-09-18,1,EV200,Produzione,,Prosecuzione lotto,m26/0144,MDRCRTOC08000,HARPAGO RADICE FETTE,06:00,07:30,1.5,,,,,,0.0,,,,,,,,,,,,,,m26/0144,,
20260918115237-2,20260918-1-EV200,2026-09-18,1,EV200,Attesa prodotto,CAU-FDE4D75F56,,,,,07:30,10:00,2.5,,,,,,,,,,,,,,,,,,,,,,
20260918115237-3,20260918-1-EV200,2026-09-18,1,EV200,Produzione,,Prosecuzione lotto,m26/0144,MDRCRTOC08000,HARPAGO RADICE FETTE,10:00,14:00,4.0,,,,,,0.0,,,,,,,,,,,,,,m26/0144,,
20260918120112-1,20260918-1-Spray_Dryer,2026-09-18,1,Spray Dryer,Produzione,,Prosecuzione lotto,S26/0201,WSDPSSIC07R0400A,Semilavorato Passiflora erba fiorita e.s D/E 4:1,06:00,14:00,8.0,,,,,,0.0,,,,,,,,,,,,,,,,
20260918184534-1,20260918-2-Spray_Dryer,2026-09-18,2,Spray Dryer,Produzione,,Apertura lotto,S26/0204,WSDHRPPC1400500A,Semilavorato Artiglio del diavolo radice e.s. >= 2.5% arpagodside,14:00,22:00,8.0,,,,,,,,,,,,,,,,398.0,58.0,65.0,,,,
20260919004945-1,20260919-3-Spray_Dryer,2026-09-19,3,Spray Dryer,Produzione,,Prosecuzione lotto,S26/0204,WSDHRPPC1400500A,Semilavorato Artiglio del diavolo radice e.s. >= 2.5% arpagodside,22:00,03:00,5.0,,,,,,0.0,,,,,,,,,,,,,,,,
20260919004945-2,20260919-3-Spray_Dryer,2026-09-19,3,Spray Dryer,Lavaggio,CAU-3935DB7D7E,,,,,03:00,06:00,3.0,,,,,,,,,,,,,,,,,,,,,,lavaggio con cipto
20260919010546-1,20260918-3-Mescole,2026-09-18,3,Mescole,Lavaggio,CAU-3935DB7D7E,,,,,22:00,00:00,2.0,,,,,,,,,,,,,,,,,,,,,,
20260919010546-2,20260918-3-Mescole,2026-09-18,3,Mescole,Altro,CAU-12657F7B7C,,,,,00:00,06:00,6.0,,,,,,,,,,,,,,,,,,,,,,lavaggio glatt micronizzatore e spray dryer e tutti gli ambienti e attrezzature
20260921114211-1,20260921-1-Spray_Dryer,2026-09-21,1,Spray Dryer,Attesa prodotto,CAU-FDE4D75F56,,,,,06:00,09:00,3.0,,,,,,,,,,,,,,,,,,,,,,
20260921114211-2,20260921-1-Spray_Dryer,2026-09-21,1,Spray Dryer,Produzione,,Apertura lotto,s26/0203,WSDPSSIC07R0400A,Semilavorato Passiflora erba fiorita e.s D/E 4:1,09:00,14:00,5.0,,,,,,,,,,,,,,,,270.0,42.0,162.0,,,,
20260921114214-1,20260921-1-Spray_Dryer,2026-09-21,1,Spray Dryer,Attesa prodotto,CAU-FDE4D75F56,,,,,06:00,09:00,3.0,,,,,,,,,,,,,,,,,,,,,,
20260921114214-2,20260921-1-Spray_Dryer,2026-09-21,1,Spray Dryer,Produzione,,Apertura lotto,s26/0203,WSDPSSIC07R0400A,Semilavorato Passiflora erba fiorita e.s D/E 4:1,09:00,14:00,5.0,,,,,,,,,,,,,,,,270.0,42.0,162.0,,,,
20260921114331-1,20260921-1-Mescole,2026-09-21,1,Mescole,Attesa prodotto,CAU-FDE4D75F56,,,,,06:00,14:00,8.0,,,,,,,,,,,,,,,,,,,,,,
20260921114647-1,20260921-1-Comber,2026-09-21,1,Comber,Altro,CAU-12657F7B7C,,,,,06:00,07:00,1.0,,,,,,,,,,,,,,,,,,,,,,attesa riscaldamento caldaia
20260921114647-2,20260921-1-Comber,2026-09-21,1,Comber,Produzione,,Prosecuzione lotto,m26/0144,MDRCRTOC08000,HARPAGO RADICE FETTE,07:00,11:30,4.5,6.0,In corso,Completata,Scarico completato,,0.0,,,125.0,1250.0,3.5,,,,,,,,,,,
20260921114647-3,20260921-1-Comber,2026-09-21,1,Comber,Produzione,,Prosecuzione lotto,m26/0144,MDRCRTOC08000,HARPAGO RADICE FETTE,11:30,14:00,2.5,7.0,In corso,Completata,Scarico completato,,0.0,,,125.0,850.0,5.0,,,,,,,,,,,fermo dalle 12:00 alle 13:00 per corso di formazione
20260921114841-1,20260921-1-EV200,2026-09-21,1,EV200,Attesa prodotto,CAU-FDE4D75F56,,,,,06:00,14:00,8.0,,,,,,,,,,,,,,,,,,,,,,
20260921175626-1,20260921-2-Spray_Dryer,2026-09-21,2,Spray Dryer,Produzione,,Prosecuzione lotto,s26/0203,WSDPSSIC07R0400A,Semilavorato Passiflora erba fiorita e.s D/E 4:1,14:00,22:00,8.0,,,,,,0.0,,,,,,,,,,,,,,,,
20260921182632-1,20260921-2-Mescole,2026-09-21,2,Mescole,Produzione,,Chiusura lotto,E26/2392,SLRSCNC0570000A,Rosa canina frutto estratto secco >=70% acido ascorbico,14:00,20:30,6.5,,Completato,,Mescola completata,1.0,,500.0,6.5,,,,,,,,,,,,,,MESCOLAZIONE + MICRONIZZAZIONE
20260921182632-2,20260921-2-Mescole,2026-09-21,2,Mescole,Pulizia,CAU-B3C02737FF,,,,,20:30,21:00,0.5,,,,,,,,,,,,,,,,,,,,,,
20260921182632-3,20260921-2-Mescole,2026-09-21,2,Mescole,Altro,CAU-12657F7B7C,,,,,21:00,22:00,1.0,,,,,,,,,,,,,,,,,,,,,,MANCANZA OPERATORE
20260921193652-1,20260921-2-EV200,2026-09-21,2,EV200,Attesa prodotto,CAU-FDE4D75F56,,,,,14:00,15:00,1.0,,,,,,,,,,,,,,,,,,,,,,
20260921193652-2,20260921-2-EV200,2026-09-21,2,EV200,Produzione,,Prosecuzione lotto,m26/0144,MDRCRTOC08000,HARPAGO RADICE FETTE,15:00,18:00,3.0,,,,,,0.0,,,,,,,,,,,,,,m26/0144,,
20260921193652-3,20260921-2-EV200,2026-09-21,2,EV200,Produzione,,Prosecuzione lotto,m26/0144,MDRCRTOC08000,HARPAGO RADICE FETTE,18:00,21:00,3.0,,,,,,0.0,,,,,,,,,,,,,,m26/0144,,
20260921193652-4,20260921-2-EV200,2026-09-21,2,EV200,Lavaggio,CAU-3935DB7D7E,,,,,21:00,22:00,1.0,,,,,,,,,,,,,,,,,,,,,,
20260921195322-1,20260921-2-Comber,2026-09-21,2,Comber,Produzione,,Prosecuzione lotto,m26/0144,MDRCRTOC08000,HARPAGO RADICE FETTE,14:00,16:00,2.0,8.0,In corso,Completata,Scarico completato,,0.0,,,125.0,400.0,1.5,,,,,,,,,,,
20260921195322-2,20260921-2-Comber,2026-09-21,2,Comber,Produzione,,Prosecuzione lotto,m26/0144,MDRCRTOC08000,HARPAGO RADICE FETTE,16:00,20:30,4.5,8.0,In corso,Completata,Scarico completato,,0.0,,,125.0,1250.0,5.0,,,,,,,,,,,
20260921195322-3,20260921-2-Comber,2026-09-21,2,Comber,Lavaggio,CAU-3935DB7D7E,,,,,20:30,21:30,1.0,,,,,,,,,,,,,,,,,,,,,,
20260921195322-4,20260921-2-Comber,2026-09-21,2,Comber,Produzione,,Apertura lotto,m26/0145,MDRCHCIC1400000M,Cicoria radice,21:30,22:00,0.5,1.0,In corso,In corso,Lavorazione in corso,,,,,125.0,0.0,0.0,,,,,,,,,,,
20260922025441-1,20260921-3-Spray_Dryer,2026-09-21,3,Spray Dryer,Produzione,,Prosecuzione lotto,s26/0203,WSDPSSIC07R0400A,Semilavorato Passiflora erba fiorita e.s D/E 4:1,22:00,06:00,8.0,,,,,,0.0,,,,,,,,,,,,,,,,
20260922030958-1,20260921-3-Mescole,2026-09-21,3,Mescole,Cambio lotto,CAU-5ED127B3F1,,,,,22:00,22:15,0.25,,,,,,,,,,,,,,,,,,,,,,
20260922030958-10,20260921-3-Mescole,2026-09-21,3,Mescole,Produzione,,Chiusura lotto,E26/2388,TSDHDRHC0801000A,"Edera foglia estratto secco >=1,0% ederagenina",04:00,06:00,2.0,,Completato,,Mescola completata,1.0,,100.0,2.0,,,,,,,,,,,,,,prodotto micronizzato.
20260922030958-2,20260921-3-Mescole,2026-09-21,3,Mescole,Produzione,,Chiusura lotto,E26/2386,SSDMTRCC04R0500A,Camomilla fiore estratto secco D/E 5:1,22:15,22:30,0.25,,Completato,,Mescola completata,1.0,,25.0,0.25,,,,,,,,,,,,,,
20260922030958-3,20260921-3-Mescole,2026-09-21,3,Mescole,Cambio lotto,CAU-5ED127B3F1,,,,,22:30,22:45,0.25,,,,,,,,,,,,,,,,,,,,,,
20260922030958-4,20260921-3-Mescole,2026-09-21,3,Mescole,Produzione,,Chiusura lotto,E26/2387,SSDMTRCC04R0500A,Camomilla fiore estratto secco D/E 5:1,22:45,23:15,0.5,,Completato,,Mescola completata,1.0,,75.0,0.5,,,,,,,,,,,,,,
20260922030958-5,20260921-3-Mescole,2026-09-21,3,Mescole,Cambio lotto,CAU-5ED127B3F1,,,,,23:15,23:30,0.25,,,,,,,,,,,,,,,,,,,,,,
20260922030958-6,20260921-3-Mescole,2026-09-21,3,Mescole,Produzione,,Chiusura lotto,E26/2391,SSDPRNAL29R0400A,Ciliegio peduncoli e. s. 4:1 da Filiera Locale,23:30,01:15,1.75,,Completato,,Mescola completata,1.0,,200.0,1.75,,,,,,,,,,,,,,
20260922030958-7,20260921-3-Mescole,2026-09-21,3,Mescole,Cambio lotto,CAU-5ED127B3F1,,,,,01:15,01:30,0.25,,,,,,,,,,,,,,,,,,,,,,
20260922030958-8,20260921-3-Mescole,2026-09-21,3,Mescole,Produzione,,Chiusura lotto,e26/2414,SSDMLLOC22R0400A,Meliloto sommità fiorita estratto secco acquoso D/E 4:1,01:30,03:45,2.25,,Completato,,Mescola completata,1.0,,200.0,2.25,,,,,,,,,,,,,,"prodotto molto voluminoso, difficile da chiudere nelle scatole."
20260922030958-9,20260921-3-Mescole,2026-09-21,3,Mescole,Cambio lotto,CAU-5ED127B3F1,,,,,03:45,04:00,0.25,,,,,,,,,,,,,,,,,,,,,,
20260922032448-1,20260921-3-Comber,2026-09-21,3,Comber,Produzione,,Prosecuzione lotto,m26/0145,MDRCHCIC1400000M,Cicoria radice,22:00,01:30,3.5,1.0,In corso,Completata,Scarico completato,,0.0,,,125.0,850.0,6.0,,,,,,,,,,,
20260922032448-2,20260921-3-Comber,2026-09-21,3,Comber,Produzione,,Prosecuzione lotto,m26/0145,MDRCHCIC1400000M,Cicoria radice,01:30,04:30,3.0,2.0,In corso,Completata,Scarico completato,,0.0,,,125.0,850.0,6.0,,,,,,,,,,,
20260922032448-3,20260921-3-Comber,2026-09-21,3,Comber,Produzione,,Prosecuzione lotto,m26/0145,MDRCHCIC1400000M,Cicoria radice,04:30,06:00,1.5,3.0,In corso,In corso,Lavorazione in corso,,0.0,,,125.0,0.0,0.0,,,,,,,,,,,
20260922032721-1,20260921-3-EV200,2026-09-21,3,EV200,Attesa prodotto,CAU-FDE4D75F56,,,,,22:00,00:30,2.5,,,,,,,,,,,,,,,,,,,,,,
20260922032721-2,20260921-3-EV200,2026-09-21,3,EV200,Produzione,,Apertura lotto,m26/0145,MDRCHCIC1400000M,Cicoria radice,00:30,03:30,3.0,,,,,,,,,,,,,,,,,,,,m26/0145,,
20260922032721-3,20260921-3-EV200,2026-09-21,3,EV200,Attesa prodotto,CAU-FDE4D75F56,,,,,03:30,05:30,2.0,,,,,,,,,,,,,,,,,,,,,,
20260922032721-4,20260921-3-EV200,2026-09-21,3,EV200,Produzione,,Prosecuzione lotto,m26/0145,MDRCHCIC1400000M,Cicoria radice,05:30,06:00,0.5,,,,,,0.0,,,,,,,,,,,,,,m26/0145,,
20260922111138-1,20260922-1-EV200,2026-09-22,1,EV200,Produzione,,Prosecuzione lotto,m26/0145,MDRCHCIC1400000M,Cicoria radice,06:00,08:00,2.0,,,,,,0.0,,,,,,,,,,,,,,m26/0145,,
20260922111138-2,20260922-1-EV200,2026-09-22,1,EV200,Attesa prodotto,CAU-FDE4D75F56,,,,,08:00,14:00,6.0,,,,,,,,,,,,,,,,,,,,,,fermo per prova mela annurca
20260922111314-1,20260922-1-Comber,2026-09-22,1,Comber,Produzione,,Prosecuzione lotto,m26/0145,MDRCHCIC1400000M,Cicoria radice,06:00,07:30,1.5,3.0,In corso,Completata,Scarico completato,,0.0,,,125.0,850.0,5.9,,,,,,,,,,,
20260922111314-2,20260922-1-Comber,2026-09-22,1,Comber,Altro,CAU-12657F7B7C,,,,,07:30,14:00,6.5,,,,,,,,,,,,,,,,,,,,,,fermo estrazione per prova mela annurca
20260922112056-1,20260922-1-Spray_Dryer,2026-09-22,1,Spray Dryer,Produzione,,Prosecuzione lotto,s26/0203,WSDPSSIC07R0400A,Semilavorato Passiflora erba fiorita e.s D/E 4:1,06:00,09:00,3.0,,,,,,0.0,,,,,,,,,,,,,,,,
20260922112056-2,20260922-1-Spray_Dryer,2026-09-22,1,Spray Dryer,Lavaggio,CAU-3935DB7D7E,,,,,09:00,12:00,3.0,,,,,,,,,,,,,,,,,,,,,,
20260922112056-3,20260922-1-Spray_Dryer,2026-09-22,1,Spray Dryer,Attesa prodotto,CAU-FDE4D75F56,,,,,12:00,14:00,2.0,,,,,,,,,,,,,,,,,,,,,,
20260922190108-1,20260922-2-Spray_Dryer,2026-09-22,2,Spray Dryer,Attesa prodotto,CAU-FDE4D75F56,,,,,14:00,15:30,1.5,,,,,,,,,,,,,,,,,,,,,,
20260922190108-2,20260922-2-Spray_Dryer,2026-09-22,2,Spray Dryer,Produzione,,Apertura lotto,S26/0205,WSDMPMAC0500900A,SEMILAVORATO ANNURTROFIL® MELA ANNURCA FRUTTO E.S.,15:30,22:00,6.5,,,,,,,,,,,,,,,,695.0,28.4,0.0,,,,
20260922190121-1,20260922-2-Comber,2026-09-22,2,Comber,Altro,CAU-12657F7B7C,,,,,14:00,16:30,2.5,,,,,,,,,,,,,,,,,,,,,,pastorizzazione con uht e lavaggio
20260922190121-2,20260922-2-Comber,2026-09-22,2,Comber,Produzione,,Prosecuzione lotto,m26/0145,MDRCHCIC1400000M,Cicoria radice,16:30,19:30,3.0,4.0,In corso,Completata,Scarico completato,,0.0,,,125.0,850.0,6.1,,,,,,,,,,,
20260922190121-3,20260922-2-Comber,2026-09-22,2,Comber,Produzione,,Prosecuzione lotto,m26/0145,MDRCHCIC1400000M,Cicoria radice,19:30,22:00,2.5,5.0,In corso,In corso,Lavorazione in corso,,0.0,,,125.0,0.0,0.0,,,,,,,,,,,
20260922190134-1,20260922-2-EV200,2026-09-22,2,EV200,Attesa prodotto,CAU-FDE4D75F56,,,,,14:00,18:30,4.5,,,,,,,,,,,,,,,,,,,,,,
20260922190134-2,20260922-2-EV200,2026-09-22,2,EV200,Produzione,,Prosecuzione lotto,m26/0145,MDRCHCIC1400000M,Cicoria radice,18:30,20:00,1.5,,,,,,0.0,,,,,,,,,,,,,,m26/0145,,
20260922190134-3,20260922-2-EV200,2026-09-22,2,EV200,Attesa prodotto,CAU-FDE4D75F56,,,,,20:00,21:30,1.5,,,,,,,,,,,,,,,,,,,,,,
20260922190134-4,20260922-2-EV200,2026-09-22,2,EV200,Produzione,,Prosecuzione lotto,m26/0145,MDRCHCIC1400000M,Cicoria radice,21:30,22:00,0.5,,,,,,0.0,,,,,,,,,,,,,,m26/0145,,
20260923000646-1,20260922-3-Comber,2026-09-22,3,Comber,Produzione,,Prosecuzione lotto,m26/0145,MDRCHCIC1400000M,Cicoria radice,22:00,22:30,0.5,5.0,In corso,Completata,Scarico completato,,0.0,,,125.0,850.0,5.8,,,,,,,,,,,
20260923000646-2,20260922-3-Comber,2026-09-22,3,Comber,Produzione,,Chiusura lotto,m26/0145,MDRCHCIC1400000M,Cicoria radice,22:30,01:30,3.0,6.0,Completato,Completata,Scarico completato,,0.0,,,125.0,850.0,5.9,,,,,,,,,,,
20260923000646-3,20260922-3-Comber,2026-09-22,3,Comber,Lavaggio,CAU-3935DB7D7E,,,,,01:30,02:30,1.0,,,,,,,,,,,,,,,,,,,,,,
20260923000646-4,20260922-3-Comber,2026-09-22,3,Comber,Produzione,,Apertura lotto,m26/0146,MDRMLVSC0800000M,Malva,02:30,06:00,3.5,1.0,In corso,In corso,Lavorazione in corso,,,,,131.25,0.0,0.0,,,,,,,,,,,
20260923011736-1,20260922-3-Mescole,2026-09-22,3,Mescole,Produzione,,Chiusura lotto,E26/2428,SSDPLLCC1710000H,"Guaranà seme estratto secco solubile >= 10,0% caffeina (natural)",22:00,06:00,8.0,,Completato,,Mescola completata,2.0,,1000.0,16.0,,,,,,,,,,,,,,
20260923032024-1,20260922-3-Spray_Dryer,2026-09-22,3,Spray Dryer,Produzione,,Chiusura lotto,S26/0205,WSDMPMAC0500900A,SEMILAVORATO ANNURTROFIL® MELA ANNURCA FRUTTO E.S.,22:00,05:30,7.5,,,,,,0.0,,,,,,,,,,,,,171.0,,,
20260923032024-2,20260922-3-Spray_Dryer,2026-09-22,3,Spray Dryer,Pulizia,CAU-B3C02737FF,,,,,05:30,06:00,0.5,,,,,,,,,,,,,,,,,,,,,,
20260923105529-1,20260923-1-Mescole,2026-09-23,1,Mescole,Produzione,,Chiusura lotto,E26/2428,SSDPLLCC1710000H,"Guaranà seme estratto secco solubile >= 10,0% caffeina (natural)",06:00,10:00,4.0,,Completato,,Mescola completata,2.0,,500.0,8.0,,,,,,,,,,,,,,CONTINUAZIONE LOTTO GUARANA' 3 mescola
20260923105529-2,20260923-1-Mescole,2026-09-23,1,Mescole,Produzione,,Chiusura lotto,S26/2428,SSDPLLCC1710000H,"Guaranà seme estratto secco solubile >= 10,0% caffeina (natural)",10:00,14:00,4.0,,Completato,,Mescola completata,2.0,,500.0,8.0,,,,,,,,,,,,,,4 MESCOLA GUARANà
20260923112406-1,20260923-1-Comber,2026-09-23,1,Comber,Produzione,,Prosecuzione lotto,m26/0146,MDRMLVSC0800000M,Malva,06:00,06:30,0.5,1.0,In corso,Completata,Scarico completato,,0.0,,,131.25,950.0,2.5,,,,,,,,,,,
20260923112406-2,20260923-1-Comber,2026-09-23,1,Comber,Produzione,,Prosecuzione lotto,m26/0146,MDRMLVSC0800000M,Malva,06:30,10:30,4.0,2.0,In corso,Completata,Scarico completato,,0.0,,,131.25,950.0,2.5,,,,,,,,,,,
20260923112406-3,20260923-1-Comber,2026-09-23,1,Comber,Produzione,,Prosecuzione lotto,m26/0146,MDRMLVSC0800000M,Malva,10:30,14:00,3.5,3.0,In corso,Completata,Scarico completato,,0.0,,,131.25,950.0,2.7,,,,,,,,,,,
20260923112509-1,20260922-3-EV200,2026-09-22,3,EV200,Produzione,,Prosecuzione lotto,m26/0145,MDRCHCIC1400000M,Cicoria radice,22:00,23:00,1.0,,,,,,0.0,,,,,,,,,,,,,,m26/0145,,
20260923112509-2,20260922-3-EV200,2026-09-22,3,EV200,Attesa prodotto,CAU-FDE4D75F56,,,,,23:00,01:30,2.5,,,,,,,,,,,,,,,,,,,,,,
20260923112509-3,20260922-3-EV200,2026-09-22,3,EV200,Produzione,,Chiusura lotto,m26/0145,MDRCHCIC1400000M,Cicoria radice,01:30,03:00,1.5,,,,,,0.0,,,,,,,,1013.0,45.0,,,,,m26/0145,,
20260923112509-4,20260922-3-EV200,2026-09-22,3,EV200,Lavaggio,CAU-3935DB7D7E,,,,,03:00,03:30,0.5,,,,,,,,,,,,,,,,,,,,,,
20260923112509-5,20260922-3-EV200,2026-09-22,3,EV200,Attesa prodotto,CAU-FDE4D75F56,,,,,03:30,06:00,2.5,,,,,,,,,,,,,,,,,,,,,,
20260923112740-1,20260923-1-EV200,2026-09-23,1,EV200,Attesa prodotto,CAU-FDE4D75F56,,,,,06:00,09:00,3.0,,,,,,,,,,,,,,,,,,,,,,
20260923112740-2,20260923-1-EV200,2026-09-23,1,EV200,Produzione,,Apertura lotto,m26/0146,MDRMLVSC0800000M,Malva,09:00,12:30,3.5,,,,,,,,,,,,,,,,,,,,m26/0146,,
20260923112740-3,20260923-1-EV200,2026-09-23,1,EV200,Attesa prodotto,CAU-FDE4D75F56,,,,,12:30,14:00,1.5,,,,,,,,,,,,,,,,,,,,,,
20260923114635-1,20260923-1-Spray_Dryer,2026-09-23,1,Spray Dryer,Lavaggio,CAU-3935DB7D7E,,,,,06:00,07:00,1.0,,,,,,,,,,,,,,,,,,,,,,
20260923114635-2,20260923-1-Spray_Dryer,2026-09-23,1,Spray Dryer,Produzione,,Prosecuzione lotto,s26/0203,WSDPSSIC07R0400A,Semilavorato Passiflora erba fiorita e.s D/E 4:1,07:00,13:00,6.0,,,,,,0.0,,,,,,,,,,,,,,,,
20260923114635-3,20260923-1-Spray_Dryer,2026-09-23,1,Spray Dryer,Lavaggio,CAU-3935DB7D7E,,,,,13:00,14:00,1.0,,,,,,,,,,,,,,,,,,,,,,
20260923180154-1,20260923-2-Mescole,2026-09-23,2,Mescole,Altro,CAU-12657F7B7C,,,,,14:00,14:30,0.5,,,,,,,,,,,,,,,,,,,,,,MANCANZA OPERATORE
20260923180154-2,20260923-2-Mescole,2026-09-23,2,Mescole,Produzione,,Chiusura lotto,E26/2428,SSDPLLCC1710S00A,"Guaranà seme estr. sec. solubile >=10,0% caffeina (naturale)",14:30,22:00,7.5,,Completato,,Mescola completata,1.0,,1000.0,7.5,,,,,,,,,,,,,,
20260923180211-1,20260923-2-Comber,2026-09-23,2,Comber,Produzione,,Prosecuzione lotto,m26/0146,MDRMLVSC0800000M,Malva,14:00,14:30,0.5,3.0,In corso,Completata,Scarico completato,,0.0,,,131.25,950.0,2.7,,,,,,,,,,,
20260923180211-2,20260923-2-Comber,2026-09-23,2,Comber,Altro,CAU-12657F7B7C,,,,,14:30,22:00,7.5,,,,,,,,,,,,,,,,,,,,,,mancanza operatore
20260923180224-1,20260923-2-EV200,2026-09-23,2,EV200,Attesa prodotto,CAU-FDE4D75F56,,,,,14:00,22:00,8.0,,,,,,,,,,,,,,,,,,,,,,
20260923181427-1,20260923-2-Spray_Dryer,2026-09-23,2,Spray Dryer,Attesa prodotto,CAU-FDE4D75F56,,,,,14:00,15:30,1.5,,,,,,,,,,,,,,,,,,,,,,
20260923181427-2,20260923-2-Spray_Dryer,2026-09-23,2,Spray Dryer,Produzione,,Prosecuzione lotto,S26/0204,WSDHRPPC1400500A,Semilavorato Artiglio del diavolo radice e.s. >= 2.5% arpagodside,15:30,22:00,6.5,,,,,,0.0,,,,,,,,,,,,,,,,
20260924003205-1,20260923-2-Comber,2026-09-23,2,Comber,Altro,CAU-12657F7B7C,,,,,14:00,22:00,8.0,,,,,,,,,,,,,,,,,,,,,,FERMO X MANCANZA PERSONALE
20260924003413-1,20260923-3-Comber,2026-09-23,3,Comber,Produzione,,Prosecuzione lotto,m26/0146,MDRMLVSC0800000M,Malva,22:00,02:00,4.0,4.0,In corso,Completata,Scarico completato,,0.0,,,131.25,950.0,2.5,,,,,,,,,,,
20260924003413-2,20260923-3-Comber,2026-09-23,3,Comber,Produzione,,Prosecuzione lotto,m26/0146,MDRMLVSC0800000M,Malva,02:00,06:00,4.0,5.0,In corso,Completata,Scarico completato,,0.0,,,131.25,950.0,2.5,,,,,,,,,,,
20260924003522-1,20260923-3-EV200,2026-09-23,3,EV200,Produzione,,Prosecuzione lotto,m26/0146,MDRMLVSC0800000M,Malva,22:00,01:30,3.5,,,,,,0.0,,,,,,,,,,,,,,m26/0146,,
20260924003522-2,20260923-3-EV200,2026-09-23,3,EV200,Attesa prodotto,CAU-FDE4D75F56,,,,,01:30,06:00,4.5,,,,,,,,,,,,,,,,,,,,,,
20260924005149-1,20260923-3-Mescole,2026-09-23,3,Mescole,Produzione,,Chiusura lotto,E26/2428,SSDPLLCC1710000H,"Guaranà seme estratto secco solubile >= 10,0% caffeina (natural)",22:00,06:00,8.0,,Completato,,Mescola completata,2.0,,1000.0,16.0,,,,,,,,,,,,,,
20260924005235-1,20260923-3-Spray_Dryer,2026-09-23,3,Spray Dryer,Produzione,,Prosecuzione lotto,S26/0204,WSDHRPPC1400500A,Semilavorato Artiglio del diavolo radice e.s. >= 2.5% arpagodside,22:00,06:00,8.0,,,,,,0.0,,,,,,,,,,,,,,,,
20260924112857-1,20260924-1-Mescole,2026-09-24,1,Mescole,Altro,CAU-12657F7B7C,,,,,06:00,12:00,6.0,,,,,,,,,,,,,,,,,,,,,,mescolazione 9' mescola guaranà        Cantisani samuele
20260924112857-2,20260924-1-Mescole,2026-09-24,1,Mescole,Pulizia,CAU-B3C02737FF,,,,,12:00,13:00,1.0,,,,,,,,,,,,,,,,,,,,,,"pulizia biconico , setaccio , reparto"
20260924112857-3,20260924-1-Mescole,2026-09-24,1,Mescole,Produzione,,Apertura lotto,E26/2435,SSDEQSAC0703000N,Equiseto erba estratto secco 2-3% silice,13:00,14:00,1.0,,In corso,,Lavorazione in corso,1.0,,0.0,1.0,,,,,,,,,,,,,,PESATA E CARICATA NEL BICONICO
20260924112903-1,20260924-1-Mescole,2026-09-24,1,Mescole,Altro,CAU-12657F7B7C,,,,,06:00,12:00,6.0,,,,,,,,,,,,,,,,,,,,,,mescolazione 9' mescola guaranà        Cantisani samuele
20260924112903-2,20260924-1-Mescole,2026-09-24,1,Mescole,Pulizia,CAU-B3C02737FF,,,,,12:00,13:00,1.0,,,,,,,,,,,,,,,,,,,,,,"pulizia biconico , setaccio , reparto"
20260924112903-3,20260924-1-Mescole,2026-09-24,1,Mescole,Produzione,,Apertura lotto,E26/2435,SSDEQSAC0703000N,Equiseto erba estratto secco 2-3% silice,13:00,14:00,1.0,,In corso,,Lavorazione in corso,1.0,,0.0,1.0,,,,,,,,,,,,,,PESATA E CARICATA NEL BICONICO
20260924114621-1,20260924-1-Spray_Dryer,2026-09-24,1,Spray Dryer,Produzione,,Prosecuzione lotto,S26/0204,WSDHRPPC1400500A,Semilavorato Artiglio del diavolo radice e.s. >= 2.5% arpagodside,06:00,09:30,3.5,,,,,,0.0,,,,,,,,,,,,,,,,
20260924114621-2,20260924-1-Spray_Dryer,2026-09-24,1,Spray Dryer,Lavaggio,CAU-3935DB7D7E,,,,,09:30,11:00,1.5,,,,,,,,,,,,,,,,,,,,,,
20260924114621-3,20260924-1-Spray_Dryer,2026-09-24,1,Spray Dryer,Produzione,,Apertura lotto,S26/0206,WSDALTOC14R0400A,Semilavorato Altea radice estratto secco D/E 4:1,11:00,14:00,3.0,,,,,,,,,,,,,,,,388.0,16.0,150.0,,,,
20260924115147-1,20260924-1-Comber,2026-09-24,1,Comber,Produzione,,Prosecuzione lotto,m26/0146,MDRMLVSC0800000M,Malva,06:00,10:00,4.0,6.0,In corso,Completata,Scarico completato,,0.0,,,131.25,950.0,2.5,,,,,,,,,,,
20260924115147-2,20260924-1-Comber,2026-09-24,1,Comber,Produzione,,Prosecuzione lotto,m26/0146,MDRMLVSC0800000M,Malva,10:00,14:00,4.0,7.0,In corso,Completata,Scarico completato,,0.0,,,131.25,950.0,2.5,,,,,,,,,,,
20260924115401-1,20260924-1-EV200,2026-09-24,1,EV200,Attesa prodotto,CAU-FDE4D75F56,,,,,06:00,07:00,1.0,,,,,,,,,,,,,,,,,,,,,,
20260924115401-2,20260924-1-EV200,2026-09-24,1,EV200,Produzione,,Prosecuzione lotto,m26/0146,MDRMLVSC0800000M,Malva,07:00,10:30,3.5,,,,,,0.0,,,,,,,,,,,,,,m26/0146,,
20260924115401-3,20260924-1-EV200,2026-09-24,1,EV200,Attesa prodotto,CAU-FDE4D75F56,,,,,10:30,13:00,2.5,,,,,,,,,,,,,,,,,,,,,,
20260924115401-4,20260924-1-EV200,2026-09-24,1,EV200,Produzione,,Prosecuzione lotto,m26/0146,MDRMLVSC0800000M,Malva,13:00,14:00,1.0,,,,,,0.0,,,,,,,,,,,,,,m26/0146,,
20260924165834-1,20260924-2-Comber,2026-09-24,2,Comber,Lavaggio,CAU-3935DB7D7E,,,,,14:00,19:00,5.0,,,,,,,,,,,,,,,,,,,,,,"lavaggio comber; pastorizzatore elettrico e concentratore  EV 200 con soda
pulizia e lavaggio di tutto il reparto
poi  trasferimento reparto miscelazione per necessita'"
20260924165834-2,20260924-2-Comber,2026-09-24,2,Comber,Altro,CAU-12657F7B7C,,,,,19:00,22:00,3.0,,,,,,,,,,,,,,,,,,,,,,trasferimento in miscelazione
20260924170028-1,20260924-2-EV200,2026-09-24,2,EV200,Produzione,,Prosecuzione lotto,m26/0146,MDRMLVSC0800000M,Malva,14:00,14:15,0.25,,,,,,0.0,,,,,,,,,,,,,,m26/0146,,
20260924170028-2,20260924-2-EV200,2026-09-24,2,EV200,Lavaggio,CAU-3935DB7D7E,,,,,14:15,17:15,3.0,,,,,,,,,,,,,,,,,,,,,,
20260924170028-3,20260924-2-EV200,2026-09-24,2,EV200,Altro,CAU-12657F7B7C,,,,,17:15,22:00,4.75,,,,,,,,,,,,,,,,,,,,,,trasferimento in miscelazione
20260924180455-1,20260924-2-Spray_Dryer,2026-09-24,2,Spray Dryer,Produzione,,Prosecuzione lotto,S26/0206,WSDALTOC14R0400A,Semilavorato Altea radice estratto secco D/E 4:1,14:00,22:00,8.0,,,,,,0.0,,,,,,,,,,,,,,,,
20260924184847-1,20260924-2-Mescole,2026-09-24,2,Mescole,Produzione,,Chiusura lotto,E26/2435,SSDEQSAC0703000N,Equiseto erba estratto secco 2-3% silice,14:00,15:00,1.0,,Completato,,Mescola completata,1.0,0.0,200.0,1.0,,,,,,,,,,,,,,
20260924184847-2,20260924-2-Mescole,2026-09-24,2,Mescole,Cambio lotto,CAU-5ED127B3F1,,,,,15:00,15:15,0.25,,,,,,,,,,,,,,,,,,,,,,
20260924184847-3,20260924-2-Mescole,2026-09-24,2,Mescole,Produzione,,Chiusura lotto,E26/2432,SSDEQSAC0707000N,"Equiseto erba estratto secco >=7,0% silice",15:15,16:15,1.0,,Completato,,Mescola completata,1.0,,150.0,1.0,,,,,,,,,,,,,,
20260924184847-4,20260924-2-Mescole,2026-09-24,2,Mescole,Cambio lotto,CAU-5ED127B3F1,,,,,16:15,16:30,0.25,,,,,,,,,,,,,,,,,,,,,,
20260924184847-5,20260924-2-Mescole,2026-09-24,2,Mescole,Produzione,,Chiusura lotto,E26/2428,SSDPLLCC1710S00A,"Guaranà seme estr. sec. solubile >=10,0% caffeina (naturale)",16:30,22:00,5.5,,Completato,,Mescola completata,2.0,,1400.0,11.0,,,,,,,,,,,,,,
20260925024150-1,20260924-3-Mescole,2026-09-24,3,Mescole,Produzione,,Chiusura lotto,E26/2428,SSDPLLCC1710000H,"Guaranà seme estratto secco solubile >= 10,0% caffeina (natural)",22:00,06:00,8.0,,Completato,,Mescola completata,2.0,,1400.0,16.0,,,,,,,,,,,,,,
20260925024301-1,20260924-3-Spray_Dryer,2026-09-24,3,Spray Dryer,Produzione,,Prosecuzione lotto,S26/0206,WSDALTOC14R0400A,Semilavorato Altea radice estratto secco D/E 4:1,22:00,01:30,3.5,,,,,,0.0,,,,,,,,,,,,,,,,
20260925024301-2,20260924-3-Spray_Dryer,2026-09-24,3,Spray Dryer,Guasto,CAU-183DD88448,,,,,01:30,06:00,4.5,,,,,,,,,,,,,,,,,,,,,,anomalia valvola stella
20260925190151-1,20260925-2-Spray_Dryer,2026-09-25,2,Spray Dryer,Guasto,CAU-183DD88448,,,,,14:00,22:00,8.0,,,,,,,,,,,,,,,,,,,,,,fermo guasto v. stella
20260925191050-1,20260925-2-Mescole,2026-09-25,2,Mescole,Produzione,,Chiusura lotto,E26/0000,0000000000000000,misto,14:00,22:00,8.0,,Completato,,Mescola completata,2.0,,2025.0,16.0,,,,,,,,,,,,,,
20260926021525-1,20260925-3-Spray_Dryer,2026-09-25,3,Spray Dryer,Guasto,CAU-183DD88448,,,,,22:00,06:00,8.0,,,,,,,,,,,,,,,,,,,,,,guasto motore valvola stella
20260926023228-1,20260925-3-Mescole,2026-09-25,3,Mescole,Cambio lotto,CAU-5ED127B3F1,,,,,22:00,22:15,0.25,,,,,,,,,,,,,,,,,,,,,,
20260926023228-10,20260925-3-Mescole,2026-09-25,3,Mescole,Produzione,,Chiusura lotto,E26/2466,SSDSPRUC34R0200A,Spirea erba estratto secco D/E 2:1,01:30,01:45,0.25,,Completato,,Mescola completata,2.0,,20.0,0.5,,,,,,,,,,,,,,
20260926023228-11,20260925-3-Mescole,2026-09-25,3,Mescole,Produzione,,Chiusura lotto,e26/2468,SGLSBAVC4600000A,Estratto secco di lumaca (food grade),01:45,02:00,0.25,,Completato,,Mescola completata,2.0,,5.0,0.5,,,,,,,,,,,,,,
20260926023228-12,20260925-3-Mescole,2026-09-25,3,Mescole,Produzione,,Chiusura lotto,e26/2465,ASDCRTOC1900500A,"Biancospino fiori e foglie estratto secco >= 0,5% flavonoidi totali calc. come vitessina",02:00,02:15,0.25,,Completato,,Mescola completata,1.0,,5.0,0.25,,,,,,,,,,,,,,
20260926023228-13,20260925-3-Mescole,2026-09-25,3,Mescole,Produzione,,Chiusura lotto,e26/2464,ASDCTRMC0506000A,"Arancio amaro frutto estratto secco >= 6,0% sinefrina",02:15,02:30,0.25,,Completato,,Mescola completata,2.0,,5.0,0.5,,,,,,,,,,,,,,
20260926023228-14,20260925-3-Mescole,2026-09-25,3,Mescole,Produzione,,Chiusura lotto,e26/2467,TGLSLNAL05R0500A,Solanred® - Melanzana Rossa Lucana frutto D/E 5/6:1,02:30,02:45,0.25,,Completato,,Mescola completata,1.0,,10.0,0.25,,,,,,,,,,,,,,
20260926023228-15,20260925-3-Mescole,2026-09-25,3,Mescole,Produzione,,Chiusura lotto,e26/2389,TSDAVNSC17R0400A,Avena semi (frutto) estratto secco D/E 4:1,02:45,03:30,0.75,,Completato,,Mescola completata,1.0,25.0,40.0,0.75,,,,,,,,,,,,,MIX-ORDCL-756-21-TSDAVNSC17R0400A,
20260926023228-16,20260925-3-Mescole,2026-09-25,3,Mescole,Lavaggio,CAU-3935DB7D7E,,,,,03:30,04:30,1.0,,,,,,,,,,,,,,,,,,,,,,lavaggio biconico
20260926023228-17,20260925-3-Mescole,2026-09-25,3,Mescole,Pulizia,CAU-B3C02737FF,,,,,04:30,06:00,1.5,,,,,,,,,,,,,,,,,,,,,,pulizia reparto
20260926023228-2,20260925-3-Mescole,2026-09-25,3,Mescole,Produzione,,Chiusura lotto,E26/2460,SSDMNTPC08R4S00A,Menta foglia estratto secco D/E 4:1,22:15,22:45,0.5,,Completato,,Mescola completata,2.0,,100.0,1.0,,,,,,,,,,,,,,
20260926023228-3,20260925-3-Mescole,2026-09-25,3,Mescole,Cambio lotto,CAU-5ED127B3F1,,,,,22:45,23:00,0.25,,,,,,,,,,,,,,,,,,,,,,
20260926023228-4,20260925-3-Mescole,2026-09-25,3,Mescole,Produzione,,Apertura lotto,E26/2390,SSDHBSSC04R0400A,Ibisco (Karkadè) fiore estratto secco D/E 4:1,23:00,00:00,1.0,,In corso,,Lavorazione in corso,2.0,25.0,0.0,2.0,,,,,,,,,,,,,MIX-ORDCL-756-16-SSDHBSSC04R0400A,
20260926023228-5,20260925-3-Mescole,2026-09-25,3,Mescole,Cambio lotto,CAU-5ED127B3F1,,,,,00:00,00:15,0.25,,,,,,,,,,,,,,,,,,,,,,
20260926023228-6,20260925-3-Mescole,2026-09-25,3,Mescole,Produzione,,Chiusura lotto,E26/2457,SSDSLVOC08R0400A,Salvia foglia estratto secco D/E 4:1,00:15,00:30,0.25,,Completato,,Mescola completata,2.0,,45.0,0.5,,,,,,,,,,,,,,
20260926023228-7,20260925-3-Mescole,2026-09-25,3,Mescole,Produzione,,Chiusura lotto,e26/2456,TSDHRCPC0701000A,"Pilosella erba (parte aerea) estr. secco >=1,0% flavonoidi totali calc. come vitessina",00:30,00:45,0.25,,Completato,,Mescola completata,2.0,,25.0,0.5,,,,,,,,,,,,,,
20260926023228-8,20260925-3-Mescole,2026-09-25,3,Mescole,Produzione,,Chiusura lotto,e26/2458,ASDTLPLC0400500A,"Tiglio fiore estratto secco >= 0,5% flavonoidi totali calc. come vitessina",00:45,01:15,0.5,,Completato,,Mescola completata,1.0,,20.0,0.5,,,,,,,,,,,,,,
20260926023228-9,20260925-3-Mescole,2026-09-25,3,Mescole,Produzione,,Chiusura lotto,E26/2459,TSDECLGC08R0400A,Eucalipto foglie estratto secco D/E 4:1,01:15,01:30,0.25,,Completato,,Mescola completata,2.0,,5.0,0.5,,,,,,,,,,,,,,
20260926023241-1,20260925-3-Mescole,2026-09-25,3,Mescole,Cambio lotto,CAU-5ED127B3F1,,,,,22:00,22:15,0.25,,,,,,,,,,,,,,,,,,,,,,
20260926023241-10,20260925-3-Mescole,2026-09-25,3,Mescole,Produzione,,Chiusura lotto,E26/2466,SSDSPRUC34R0200A,Spirea erba estratto secco D/E 2:1,01:30,01:45,0.25,,Completato,,Mescola completata,2.0,,20.0,0.5,,,,,,,,,,,,,,
20260926023241-11,20260925-3-Mescole,2026-09-25,3,Mescole,Produzione,,Chiusura lotto,e26/2468,SGLSBAVC4600000A,Estratto secco di lumaca (food grade),01:45,02:00,0.25,,Completato,,Mescola completata,2.0,,5.0,0.5,,,,,,,,,,,,,,
20260926023241-12,20260925-3-Mescole,2026-09-25,3,Mescole,Produzione,,Chiusura lotto,e26/2465,ASDCRTOC1900500A,"Biancospino fiori e foglie estratto secco >= 0,5% flavonoidi totali calc. come vitessina",02:00,02:15,0.25,,Completato,,Mescola completata,1.0,,5.0,0.25,,,,,,,,,,,,,,
20260926023241-13,20260925-3-Mescole,2026-09-25,3,Mescole,Produzione,,Chiusura lotto,e26/2464,ASDCTRMC0506000A,"Arancio amaro frutto estratto secco >= 6,0% sinefrina",02:15,02:30,0.25,,Completato,,Mescola completata,2.0,,5.0,0.5,,,,,,,,,,,,,,
20260926023241-14,20260925-3-Mescole,2026-09-25,3,Mescole,Produzione,,Chiusura lotto,e26/2467,TGLSLNAL05R0500A,Solanred® - Melanzana Rossa Lucana frutto D/E 5/6:1,02:30,02:45,0.25,,Completato,,Mescola completata,1.0,,10.0,0.25,,,,,,,,,,,,,,
20260926023241-15,20260925-3-Mescole,2026-09-25,3,Mescole,Produzione,,Chiusura lotto,e26/2389,TSDAVNSC17R0400A,Avena semi (frutto) estratto secco D/E 4:1,02:45,03:30,0.75,,Completato,,Mescola completata,1.0,25.0,40.0,0.75,,,,,,,,,,,,,MIX-ORDCL-756-21-TSDAVNSC17R0400A,
20260926023241-16,20260925-3-Mescole,2026-09-25,3,Mescole,Lavaggio,CAU-3935DB7D7E,,,,,03:30,04:30,1.0,,,,,,,,,,,,,,,,,,,,,,lavaggio biconico
20260926023241-17,20260925-3-Mescole,2026-09-25,3,Mescole,Pulizia,CAU-B3C02737FF,,,,,04:30,06:00,1.5,,,,,,,,,,,,,,,,,,,,,,pulizia reparto
20260926023241-2,20260925-3-Mescole,2026-09-25,3,Mescole,Produzione,,Chiusura lotto,E26/2460,SSDMNTPC08R4S00A,Menta foglia estratto secco D/E 4:1,22:15,22:45,0.5,,Completato,,Mescola completata,2.0,,100.0,1.0,,,,,,,,,,,,,,
20260926023241-3,20260925-3-Mescole,2026-09-25,3,Mescole,Cambio lotto,CAU-5ED127B3F1,,,,,22:45,23:00,0.25,,,,,,,,,,,,,,,,,,,,,,
20260926023241-4,20260925-3-Mescole,2026-09-25,3,Mescole,Produzione,,Apertura lotto,E26/2390,SSDHBSSC04R0400A,Ibisco (Karkadè) fiore estratto secco D/E 4:1,23:00,00:00,1.0,,In corso,,Lavorazione in corso,2.0,25.0,0.0,2.0,,,,,,,,,,,,,MIX-ORDCL-756-16-SSDHBSSC04R0400A,
20260926023241-5,20260925-3-Mescole,2026-09-25,3,Mescole,Cambio lotto,CAU-5ED127B3F1,,,,,00:00,00:15,0.25,,,,,,,,,,,,,,,,,,,,,,
20260926023241-6,20260925-3-Mescole,2026-09-25,3,Mescole,Produzione,,Chiusura lotto,E26/2457,SSDSLVOC08R0400A,Salvia foglia estratto secco D/E 4:1,00:15,00:30,0.25,,Completato,,Mescola completata,2.0,,45.0,0.5,,,,,,,,,,,,,,
20260926023241-7,20260925-3-Mescole,2026-09-25,3,Mescole,Produzione,,Chiusura lotto,e26/2456,TSDHRCPC0701000A,"Pilosella erba (parte aerea) estr. secco >=1,0% flavonoidi totali calc. come vitessina",00:30,00:45,0.25,,Completato,,Mescola completata,2.0,,25.0,0.5,,,,,,,,,,,,,,
20260926023241-8,20260925-3-Mescole,2026-09-25,3,Mescole,Produzione,,Chiusura lotto,e26/2458,ASDTLPLC0400500A,"Tiglio fiore estratto secco >= 0,5% flavonoidi totali calc. come vitessina",00:45,01:15,0.5,,Completato,,Mescola completata,1.0,,20.0,0.5,,,,,,,,,,,,,,
20260926023241-9,20260925-3-Mescole,2026-09-25,3,Mescole,Produzione,,Chiusura lotto,E26/2459,TSDECLGC08R0400A,Eucalipto foglie estratto secco D/E 4:1,01:15,01:30,0.25,,Completato,,Mescola completata,2.0,,5.0,0.5,,,,,,,,,,,,,,
20260928100716-1,20260928-1-Spray_Dryer,2026-09-28,1,Spray Dryer,Attesa prodotto,CAU-FDE4D75F56,,,,,06:00,11:30,5.5,,,,,,,,,,,,,,,,,,,,,,
20260928100716-2,20260928-1-Spray_Dryer,2026-09-28,1,Spray Dryer,Produzione,,Prosecuzione lotto,S26/0206,WSDALTOC14R0400A,Semilavorato Altea radice estratto secco D/E 4:1,11:30,14:00,2.5,,,,,,0.0,,,,,,,,,,,,,,,,
20260928114052-1,20260928-1-Mescole,2026-09-28,1,Mescole,Attesa prodotto,CAU-FDE4D75F56,,,,,06:00,10:00,4.0,,,,,,,,,,,,,,,,,,,,,,
20260928114052-2,20260928-1-Mescole,2026-09-28,1,Mescole,Altro,CAU-12657F7B7C,,,,,10:00,13:00,3.0,,,,,,,,,,,,,,,,,,,,,,pastorizzazione con UHT piu lavaggio
20260928114052-3,20260928-1-Mescole,2026-09-28,1,Mescole,Produzione,,Chiusura lotto,E26/2469,ASDCCRMC17R1000A,Zucca seme estratto secco D/E 10:1,13:00,13:30,0.5,,Completato,,Mescola completata,1.0,,25.0,0.5,,,,,,,,,,,,,,
20260928114052-4,20260928-1-Mescole,2026-09-28,1,Mescole,Produzione,,Chiusura lotto,E26/2413,0000000000000000,misto,13:30,14:00,0.5,,Completato,,Mescola completata,1.0,,50.0,0.5,,,,,,,,,,,,,,
20260928114053-1,20260928-1-Mescole,2026-09-28,1,Mescole,Attesa prodotto,CAU-FDE4D75F56,,,,,06:00,10:00,4.0,,,,,,,,,,,,,,,,,,,,,,
20260928114053-2,20260928-1-Mescole,2026-09-28,1,Mescole,Altro,CAU-12657F7B7C,,,,,10:00,13:00,3.0,,,,,,,,,,,,,,,,,,,,,,pastorizzazione con UHT piu lavaggio
20260928114053-3,20260928-1-Mescole,2026-09-28,1,Mescole,Produzione,,Chiusura lotto,E26/2469,ASDCCRMC17R1000A,Zucca seme estratto secco D/E 10:1,13:00,13:30,0.5,,Completato,,Mescola completata,1.0,,25.0,0.5,,,,,,,,,,,,,,
20260928114053-4,20260928-1-Mescole,2026-09-28,1,Mescole,Produzione,,Chiusura lotto,E26/2413,0000000000000000,misto,13:30,14:00,0.5,,Completato,,Mescola completata,1.0,,50.0,0.5,,,,,,,,,,,,,,
20260928120005-1,20260928-1-Comber,2026-09-28,1,Comber,Produzione,,Chiusura lotto,m26/0146,MDRMLVSC0800000M,Malva,06:00,09:30,3.5,8.0,Completato,Completata,Scarico completato,,0.0,,,131.25,950.0,2.4,,,,,,,,,,,
20260928120005-2,20260928-1-Comber,2026-09-28,1,Comber,Produzione,,Apertura lotto,M26/O147,MDRMLVSC0800000M,Malva,09:30,12:30,3.0,1.0,In corso,Completata,Scarico completato,,,,,131.25,950.0,2.5,,,,,,,,,,,
20260928120005-3,20260928-1-Comber,2026-09-28,1,Comber,Produzione,,Prosecuzione lotto,M26/O147,MDRMLVSC0800000M,Malva,12:30,14:00,1.5,2.0,In corso,In corso,Lavorazione in corso,,0.0,,,131.25,0.0,0.0,,,,,,,,,,,
20260928120120-1,20260928-1-EV200,2026-09-28,1,EV200,Attesa prodotto,CAU-FDE4D75F56,,,,,06:00,08:00,2.0,,,,,,,,,,,,,,,,,,,,,,
20260928120120-2,20260928-1-EV200,2026-09-28,1,EV200,Produzione,,Prosecuzione lotto,m26/0146,MDRMLVSC0800000M,Malva,08:00,10:00,2.0,,,,,,0.0,,,,,,,,,,,,,,m26/0146,,
20260928120120-3,20260928-1-EV200,2026-09-28,1,EV200,Attesa prodotto,CAU-FDE4D75F56,,,,,10:00,13:00,3.0,,,,,,,,,,,,,,,,,,,,,,
20260928120120-4,20260928-1-EV200,2026-09-28,1,EV200,Cambio lotto,CAU-5ED127B3F1,,,,,13:00,14:00,1.0,,,,,,,,,,,,,,,,,,,,,,MALVA FOGLIA M26/0147
20260928182852-1,20260928-2-Mescole,2026-09-28,2,Mescole,Altro,CAU-12657F7B7C,,,,,14:00,22:00,8.0,,,,,,,,,,,,,,,,,,,,,,assenza operatore
20260928182858-1,20260928-2-Mescole,2026-09-28,2,Mescole,Altro,CAU-12657F7B7C,,,,,14:00,22:00,8.0,,,,,,,,,,,,,,,,,,,,,,assenza operatore
20260928182916-1,20260928-2-Spray_Dryer,2026-09-28,2,Spray Dryer,Produzione,,Chiusura lotto,S26/0206,WSDALTOC14R0400A,Semilavorato Altea radice estratto secco D/E 4:1,14:00,16:00,2.0,,,,,,0.0,,,,,,,,,,,,,163.9,,,
20260928182916-2,20260928-2-Spray_Dryer,2026-09-28,2,Spray Dryer,Lavaggio,CAU-3935DB7D7E,,,,,16:00,17:00,1.0,,,,,,,,,,,,,,,,,,,,,,
20260928182916-3,20260928-2-Spray_Dryer,2026-09-28,2,Spray Dryer,Produzione,,Apertura lotto,S26/0207,WSDMLVSC24R0400A,Semilavorato Malva fiori/foglie e.s.,17:00,22:00,5.0,,,,,,,,,,,,,,,,992.0,22.0,220.0,,,,
20260928183913-1,20260928-2-Comber,2026-09-28,2,Comber,Produzione,,Prosecuzione lotto,M26/O147,MDRMLVSC0800000M,Malva,14:00,17:00,3.0,2.0,In corso,Completata,Scarico completato,,0.0,,,131.25,950.0,2.5,,,,,,,,,,,
20260928183913-2,20260928-2-Comber,2026-09-28,2,Comber,Produzione,,Prosecuzione lotto,M26/O147,MDRMLVSC0800000M,Malva,17:00,21:00,4.0,3.0,In corso,Completata,Scarico completato,,0.0,,,131.25,950.0,2.7,,,,,,,,,,,
20260928183913-3,20260928-2-Comber,2026-09-28,2,Comber,Produzione,,Prosecuzione lotto,M26/O147,MDRMLVSC0800000M,Malva,21:00,22:00,1.0,4.0,In corso,In corso,Lavorazione in corso,,0.0,,,131.25,0.0,0.0,,,,,,,,,,,
20260928184127-1,20260928-2-EV200,2026-09-28,2,EV200,Produzione,,Prosecuzione lotto,m26/0146,MDRMLVSC0800000M,Malva,14:00,17:00,3.0,,,,,,0.0,,,,,,,,,,,,,,m26/0146,,
20260928184127-2,20260928-2-EV200,2026-09-28,2,EV200,Attesa prodotto,CAU-FDE4D75F56,,,,,17:00,22:00,5.0,,,,,,,,,,,,,,,,,,,,,,
20260929025600-1,20260928-3-Comber,2026-09-28,3,Comber,Produzione,,Prosecuzione lotto,M26/O147,MDRMLVSC0800000M,Malva,22:00,01:00,3.0,4.0,In corso,Completata,Scarico completato,,0.0,,,131.25,950.0,2.5,,,,,,,,,,,
20260929025600-2,20260928-3-Comber,2026-09-28,3,Comber,Produzione,,Prosecuzione lotto,M26/O147,MDRMLVSC0800000M,Malva,01:00,05:00,4.0,5.0,In corso,Completata,Scarico completato,,0.0,,,131.25,950.0,2.6,,,,,,,,,,,
20260929025600-3,20260928-3-Comber,2026-09-28,3,Comber,Produzione,,Prosecuzione lotto,M26/O147,MDRMLVSC0800000M,Malva,05:00,06:00,1.0,6.0,In corso,Completata,Scarico completato,,0.0,,,131.25,950.0,2.5,,,,,,,,,,,
20260929025809-1,20260928-3-EV200,2026-09-28,3,EV200,Produzione,,Prosecuzione lotto,m26/0146,MDRMLVSC0800000M,Malva,22:00,02:00,4.0,,,,,,0.0,,,,,,,,,,,,,,m26/0146,,
20260929025809-2,20260928-3-EV200,2026-09-28,3,EV200,Attesa prodotto,CAU-FDE4D75F56,,,,,02:00,06:00,4.0,,,,,,,,,,,,,,,,,,,,,,
20260929032540-1,20260928-3-Mescole,2026-09-28,3,Mescole,Altro,CAU-12657F7B7C,,,,,22:00,23:00,1.0,,,,,,,,,,,,,,,,,,,,,,sistemazione reparto piu asciugatura e montaggio vibrovaglio
20260929032540-2,20260928-3-Mescole,2026-09-28,3,Mescole,Produzione,,Chiusura lotto,E26/2471,TSDGRNRC22R0400A,Grindelia erba fiorita estratto secco D/E 4:1,23:00,01:30,2.5,,Completato,,Mescola completata,1.0,,250.0,2.5,,,,,,,,,,,,,,
20260929032540-3,20260928-3-Mescole,2026-09-28,3,Mescole,Produzione,,Chiusura lotto,E26/2472,SSDEQSAC0701000N,"Equiseto erba estratto secco >=1,0% silice",01:30,02:30,1.0,,Completato,,Mescola completata,1.0,,100.0,1.0,,,,,,,,,,,,,,
20260929032540-4,20260928-3-Mescole,2026-09-28,3,Mescole,Produzione,,Chiusura lotto,E26/2473,ASDORTSC2200100A,Ortosifonide erba con fiori estratto secco >=0.1% flavonoidi totali come sinensetina,02:30,03:30,1.0,,Completato,,Mescola completata,1.0,,50.0,1.0,,,,,,,,,,,,,,
20260929032540-5,20260928-3-Mescole,2026-09-28,3,Mescole,Produzione,,Chiusura lotto,E26/2474,SSDMDCSC22R0400A,Erba medica erba fiorita estratto secco D/E 4:1,03:30,04:00,0.5,,Completato,,Mescola completata,1.0,,25.0,0.5,,,,,,,,,,,,,,
20260929032540-6,20260928-3-Mescole,2026-09-28,3,Mescole,Produzione,,Chiusura lotto,E26/0983,SSDCRNSC05R0400A,Coriandolo frutto estratto secco D/E 4:1,04:00,04:45,0.75,,Completato,,Mescola completata,1.0,,25.0,0.75,,,,,,,,,,,,,,
20260929032540-7,20260928-3-Mescole,2026-09-28,3,Mescole,Attesa prodotto,CAU-FDE4D75F56,,,,,04:45,06:00,1.25,,,,,,,,,,,,,,,,,,,,,,
20260929032544-1,20260928-3-Mescole,2026-09-28,3,Mescole,Altro,CAU-12657F7B7C,,,,,22:00,23:00,1.0,,,,,,,,,,,,,,,,,,,,,,sistemazione reparto piu asciugatura e montaggio vibrovaglio
20260929032544-2,20260928-3-Mescole,2026-09-28,3,Mescole,Produzione,,Chiusura lotto,E26/2471,TSDGRNRC22R0400A,Grindelia erba fiorita estratto secco D/E 4:1,23:00,01:30,2.5,,Completato,,Mescola completata,1.0,,250.0,2.5,,,,,,,,,,,,,,
20260929032544-3,20260928-3-Mescole,2026-09-28,3,Mescole,Produzione,,Chiusura lotto,E26/2472,SSDEQSAC0701000N,"Equiseto erba estratto secco >=1,0% silice",01:30,02:30,1.0,,Completato,,Mescola completata,1.0,,100.0,1.0,,,,,,,,,,,,,,
20260929032544-4,20260928-3-Mescole,2026-09-28,3,Mescole,Produzione,,Chiusura lotto,E26/2473,ASDORTSC2200100A,Ortosifonide erba con fiori estratto secco >=0.1% flavonoidi totali come sinensetina,02:30,03:30,1.0,,Completato,,Mescola completata,1.0,,50.0,1.0,,,,,,,,,,,,,,
20260929032544-5,20260928-3-Mescole,2026-09-28,3,Mescole,Produzione,,Chiusura lotto,E26/2474,SSDMDCSC22R0400A,Erba medica erba fiorita estratto secco D/E 4:1,03:30,04:00,0.5,,Completato,,Mescola completata,1.0,,25.0,0.5,,,,,,,,,,,,,,
20260929032544-6,20260928-3-Mescole,2026-09-28,3,Mescole,Produzione,,Chiusura lotto,E26/0983,SSDCRNSC05R0400A,Coriandolo frutto estratto secco D/E 4:1,04:00,04:45,0.75,,Completato,,Mescola completata,1.0,,25.0,0.75,,,,,,,,,,,,,,
20260929032544-7,20260928-3-Mescole,2026-09-28,3,Mescole,Attesa prodotto,CAU-FDE4D75F56,,,,,04:45,06:00,1.25,,,,,,,,,,,,,,,,,,,,,,
20260929032551-1,20260928-3-Mescole,2026-09-28,3,Mescole,Altro,CAU-12657F7B7C,,,,,22:00,23:00,1.0,,,,,,,,,,,,,,,,,,,,,,sistemazione reparto piu asciugatura e montaggio vibrovaglio
20260929032551-2,20260928-3-Mescole,2026-09-28,3,Mescole,Produzione,,Chiusura lotto,E26/2471,TSDGRNRC22R0400A,Grindelia erba fiorita estratto secco D/E 4:1,23:00,01:30,2.5,,Completato,,Mescola completata,1.0,,250.0,2.5,,,,,,,,,,,,,,
20260929032551-3,20260928-3-Mescole,2026-09-28,3,Mescole,Produzione,,Chiusura lotto,E26/2472,SSDEQSAC0701000N,"Equiseto erba estratto secco >=1,0% silice",01:30,02:30,1.0,,Completato,,Mescola completata,1.0,,100.0,1.0,,,,,,,,,,,,,,
20260929032551-4,20260928-3-Mescole,2026-09-28,3,Mescole,Produzione,,Chiusura lotto,E26/2473,ASDORTSC2200100A,Ortosifonide erba con fiori estratto secco >=0.1% flavonoidi totali come sinensetina,02:30,03:30,1.0,,Completato,,Mescola completata,1.0,,50.0,1.0,,,,,,,,,,,,,,
20260929032551-5,20260928-3-Mescole,2026-09-28,3,Mescole,Produzione,,Chiusura lotto,E26/2474,SSDMDCSC22R0400A,Erba medica erba fiorita estratto secco D/E 4:1,03:30,04:00,0.5,,Completato,,Mescola completata,1.0,,25.0,0.5,,,,,,,,,,,,,,
20260929032551-6,20260928-3-Mescole,2026-09-28,3,Mescole,Produzione,,Chiusura lotto,E26/0983,SSDCRNSC05R0400A,Coriandolo frutto estratto secco D/E 4:1,04:00,04:45,0.75,,Completato,,Mescola completata,1.0,,25.0,0.75,,,,,,,,,,,,,,
20260929032551-7,20260928-3-Mescole,2026-09-28,3,Mescole,Attesa prodotto,CAU-FDE4D75F56,,,,,04:45,06:00,1.25,,,,,,,,,,,,,,,,,,,,,,
20260929034259-1,20260928-3-Spray_Dryer,2026-09-28,3,Spray Dryer,Produzione,,Prosecuzione lotto,S26/0207,WSDMLVSC24R0400A,Semilavorato Malva fiori/foglie e.s.,22:00,06:00,8.0,,,,,,0.0,,,,,,,,,,,,,,,,
20260929105754-1,20260929-1-Comber,2026-09-29,1,Comber,Produzione,,Prosecuzione lotto,M26/O147,MDRMLVSC0800000M,Malva,06:00,08:00,2.0,6.0,In corso,Completata,Scarico completato,,0.0,,,131.25,950.0,2.5,,,,,,,,,,,
20260929105754-2,20260929-1-Comber,2026-09-29,1,Comber,Produzione,,Prosecuzione lotto,M26/O147,MDRMLVSC0800000M,Malva,08:00,10:30,2.5,7.0,In corso,Completata,Scarico completato,,0.0,,,131.25,950.0,2.6,,,,,,,,,,,Ielpo S./Gioia Giovanni
20260929105754-3,20260929-1-Comber,2026-09-29,1,Comber,Produzione,,Prosecuzione lotto,M26/O147,MDRMLVSC0800000M,Malva,10:30,13:00,2.5,8.0,In corso,Completata,Scarico completato,,0.0,,,131.25,950.0,2.5,,,,,,,,,,,IelpoS./Gioia Giovanni
20260929105754-4,20260929-1-Comber,2026-09-29,1,Comber,Lavaggio,CAU-3935DB7D7E,,,,,13:00,14:00,1.0,,,,,,,,,,,,,,,,,,,,,,
20260929110613-1,20260929-1-EV200,2026-09-29,1,EV200,Produzione,,Apertura lotto,M26/O147,MDRMLVSC0800000M,Malva,06:00,09:30,3.5,,,,,,,,,,,,,,,,,,,,M26/O147,,
20260929110613-2,20260929-1-EV200,2026-09-29,1,EV200,Attesa prodotto,CAU-FDE4D75F56,,,,,09:30,10:30,1.0,,,,,,,,,,,,,,,,,,,,,,
20260929110613-3,20260929-1-EV200,2026-09-29,1,EV200,Produzione,,Prosecuzione lotto,M26/O147,MDRMLVSC0800000M,Malva,10:30,14:00,3.5,,,,,,0.0,,,,,,,,,,,,,,M26/O147,,
20260929111616-1,20260929-1-Mescole,2026-09-29,1,Mescole,Attesa prodotto,CAU-FDE4D75F56,,,,,06:00,14:00,8.0,,,,,,,,,,,,,,,,,,,,,,
20260929111619-1,20260929-1-Mescole,2026-09-29,1,Mescole,Attesa prodotto,CAU-FDE4D75F56,,,,,06:00,14:00,8.0,,,,,,,,,,,,,,,,,,,,,,
20260929111823-1,20260929-1-Spray_Dryer,2026-09-29,1,Spray Dryer,Produzione,,Prosecuzione lotto,S26/0207,WSDMLVSC24R0400A,Semilavorato Malva fiori/foglie e.s.,06:00,14:00,8.0,,,,,,0.0,,,,,,,,,,,,,,,,
20260929190752-1,20260929-2-Comber,2026-09-29,2,Comber,Produzione,,Apertura lotto,M26/0148,MDREQSAC0700000M,EQUISETO ERBA,14:00,18:30,4.5,1.0,In corso,Completata,Scarico completato,,,,,125.0,800.0,2.7,,,,,,,,,,,"+ ripasso - 400litri al 1,7%"
20260929190752-2,20260929-2-Comber,2026-09-29,2,Comber,Produzione,,Prosecuzione lotto,M26/0148,MDREQSAC0700000M,EQUISETO ERBA,18:30,22:00,3.5,2.0,In corso,Completata,Scarico completato,,0.0,,,125.0,800.0,2.6,,,,,,,,,,,"ripasso / 400lt al 1,8%"
20260929190757-1,20260929-2-Comber,2026-09-29,2,Comber,Produzione,,Apertura lotto,M26/0148,MDREQSAC0700000M,EQUISETO ERBA,14:00,18:30,4.5,1.0,In corso,Completata,Scarico completato,,,,,125.0,800.0,2.7,,,,,,,,,,,"+ ripasso - 400litri al 1,7%"
20260929190757-2,20260929-2-Comber,2026-09-29,2,Comber,Produzione,,Prosecuzione lotto,M26/0148,MDREQSAC0700000M,EQUISETO ERBA,18:30,22:00,3.5,2.0,In corso,Completata,Scarico completato,,0.0,,,125.0,800.0,2.6,,,,,,,,,,,"ripasso / 400lt al 1,8%"
20260929191044-1,20260929-2-EV200,2026-09-29,2,EV200,Produzione,,Prosecuzione lotto,M26/O147,MDRMLVSC0800000M,Malva,14:00,14:30,0.5,,,,,,0.0,,,,,,,,,,,,,,M26/O147,,
20260929191044-2,20260929-2-EV200,2026-09-29,2,EV200,Attesa prodotto,CAU-FDE4D75F56,,,,,14:30,18:00,3.5,,,,,,,,,,,,,,,,,,,,,,
20260929191044-3,20260929-2-EV200,2026-09-29,2,EV200,Produzione,,Apertura lotto,M26/0148,MDREQSAC0700000M,EQUISETO ERBA,18:00,22:00,4.0,,,,,,,,,,,,,,,,,,,,M26/0148,,
20260929191451-1,20260929-2-Spray_Dryer,2026-09-29,2,Spray Dryer,Produzione,,Prosecuzione lotto,S26/0207,WSDMLVSC24R0400A,Semilavorato Malva fiori/foglie e.s.,14:00,22:00,8.0,,,,,,0.0,,,,,,,,,,,,,,,,
20260930021912-1,20260929-3-Mescole,2026-09-29,3,Mescole,Altro,CAU-12657F7B7C,,,,,22:00,23:00,1.0,,,,,,,,,,,,,,,,,,,,,,"sistemazione reparto, cambio rete vibrovaglio ,pulizia"
20260930021912-10,20260929-3-Mescole,2026-09-29,3,Mescole,Produzione,,Chiusura lotto,E26/2500,SSDILXPC0804000N,"Matè foglia estratto secco >= 4,0% caffeina",04:15,05:00,0.75,,Completato,,Mescola completata,1.0,,50.0,0.75,,,,,,,,,,,,,,
20260930021912-11,20260929-3-Mescole,2026-09-29,3,Mescole,Cambio lotto,CAU-5ED127B3F1,,,,,05:00,05:15,0.25,,,,,,,,,,,,,,,,,,,,,,
20260930021912-12,20260929-3-Mescole,2026-09-29,3,Mescole,Produzione,,Chiusura lotto,E26/2506,ASDPLNLC0801000A,Piantaggine 1% verbascoside,05:15,06:00,0.75,,Completato,,Mescola completata,1.0,,50.0,0.75,,,,,,,,,,,,,,
20260930021912-2,20260929-3-Mescole,2026-09-29,3,Mescole,Produzione,,Chiusura lotto,E26/2497,SSDPMPAC05R0400A,Anice verde frutto estratto secco D/E 4:1,23:00,00:45,1.75,,Completato,,Mescola completata,1.0,,125.0,1.75,,,,,,,,,,,,,,
20260930021912-3,20260929-3-Mescole,2026-09-29,3,Mescole,Cambio lotto,CAU-5ED127B3F1,,,,,00:45,01:00,0.25,,,,,,,,,,,,,,,,,,,,,,
20260930021912-4,20260929-3-Mescole,2026-09-29,3,Mescole,Produzione,,Chiusura lotto,E26/2499,TSDPTYOC02R0400A,Muira Puama corteccia estratto secco D/E 4:1,01:00,02:00,1.0,,Completato,,Mescola completata,1.0,,50.0,1.0,,,,,,,,,,,,,,
20260930021912-5,20260929-3-Mescole,2026-09-29,3,Mescole,Cambio lotto,CAU-5ED127B3F1,,,,,02:00,02:15,0.25,,,,,,,,,,,,,,,,,,,,,,
20260930021912-6,20260929-3-Mescole,2026-09-29,3,Mescole,Produzione,,Chiusura lotto,E26/2498,SSDCRMCC05R0400A,Carvi frutti estratto secco D/E 4:1,02:15,03:00,0.75,,Completato,,Mescola completata,1.0,25.0,25.0,0.75,,,,,,,,,,,,,MIX-ORDCL-756-14-SSDCRMCC05R0400A,
20260930021912-7,20260929-3-Mescole,2026-09-29,3,Mescole,Cambio lotto,CAU-5ED127B3F1,,,,,03:00,03:15,0.25,,,,,,,,,,,,,,,,,,,,,,
20260930021912-8,20260929-3-Mescole,2026-09-29,3,Mescole,Produzione,,Chiusura lotto,E26/2501,ASDMNTPC08R0400A,Menta foglie estratto secco D/E 4:1,03:15,04:00,0.75,,Completato,,Mescola completata,1.0,25.0,25.0,0.75,,,,,,,,,,,,,MIX-ORDCL-756-9-ASDMNTPC08R0400A,
20260930021912-9,20260929-3-Mescole,2026-09-29,3,Mescole,Cambio lotto,CAU-5ED127B3F1,,,,,04:00,04:15,0.25,,,,,,,,,,,,,,,,,,,,,,
20260930033909-1,20260929-3-Comber,2026-09-29,3,Comber,Produzione,,Prosecuzione lotto,M26/0148,MDREQSAC0700000M,EQUISETO ERBA,22:00,23:00,1.0,3.0,In corso,Completata,Scarico completato,,0.0,,,125.0,1200.0,3.0,,,,,,,,,,,
20260930033909-2,20260929-3-Comber,2026-09-29,3,Comber,Produzione,,Prosecuzione lotto,M26/0148,MDREQSAC0700000M,EQUISETO ERBA,23:00,03:30,4.5,4.0,In corso,Completata,Scarico completato,,0.0,,,125.0,1200.0,3.0,,,,,,,,,,,
20260930033909-3,20260929-3-Comber,2026-09-29,3,Comber,Produzione,,Prosecuzione lotto,M26/0148,MDREQSAC0700000M,EQUISETO ERBA,03:30,06:00,2.5,4.0,In corso,Completata,Scarico completato,,0.0,,,125.0,1200.0,3.0,,,,,,,,,,,
20260930034131-1,20260929-3-Spray_Dryer,2026-09-29,3,Spray Dryer,Produzione,,Prosecuzione lotto,S26/0207,WSDMLVSC24R0400A,Semilavorato Malva fiori/foglie e.s.,22:00,23:30,1.5,,,,,,0.0,,,,,,,,,,,,,,,,
20260930034131-2,20260929-3-Spray_Dryer,2026-09-29,3,Spray Dryer,Lavaggio,CAU-3935DB7D7E,,,,,23:30,00:30,1.0,,,,,,,,,,,,,,,,,,,,,,
20260930034131-3,20260929-3-Spray_Dryer,2026-09-29,3,Spray Dryer,Produzione,,Apertura lotto,S26/0208,WSDALTOC14R0400A,Semilavorato Altea radice estratto secco D/E 4:1,00:30,06:00,5.5,,,,,,,,,,,,,,,,483.0,25.0,0.0,,,,
20260930034257-1,20260929-3-EV200,2026-09-29,3,EV200,Produzione,,Prosecuzione lotto,M26/0148,MDREQSAC0700000M,EQUISETO ERBA,22:00,00:00,2.0,,,,,,0.0,,,,,,,,,,,,,,M26/0148,,
20260930034257-2,20260929-3-EV200,2026-09-29,3,EV200,Attesa prodotto,CAU-FDE4D75F56,,,,,00:00,04:00,4.0,,,,,,,,,,,,,,,,,,,,,,
20260930034257-3,20260929-3-EV200,2026-09-29,3,EV200,Produzione,,Prosecuzione lotto,M26/0148,MDREQSAC0700000M,EQUISETO ERBA,04:00,06:00,2.0,,,,,,0.0,,,,,,,,,,,,,,M26/0148,,
20260930111704-1,20260930-1-Spray_Dryer,2026-09-30,1,Spray Dryer,Produzione,,Chiusura lotto,S26/0208,WSDALTOC14R0400A,Semilavorato Altea radice estratto secco D/E 4:1,06:00,13:30,7.5,,,,,,0.0,,,,,,,,,,,,,116.0,,,
20260930111704-2,20260930-1-Spray_Dryer,2026-09-30,1,Spray Dryer,Pulizia,CAU-B3C02737FF,,,,,13:30,14:00,0.5,,,,,,,,,,,,,,,,,,,,,,
20260930113618-1,20260930-1-Mescole,2026-09-30,1,Mescole,Cambio lotto,CAU-5ED127B3F1,,,,,06:00,06:30,0.5,,,,,,,,,,,,,,,,,,,,,,
20260930113618-10,20260930-1-Mescole,2026-09-30,1,Mescole,Produzione,,Chiusura lotto,E26/2496,SSDMDBAC05R0400A,Mela annurca frutto e.s. D/E 4:1,09:45,10:15,0.5,,Completato,,Mescola completata,1.0,,25.0,0.5,,,,,,,,,,,,,,
20260930113618-11,20260930-1-Mescole,2026-09-30,1,Mescole,Cambio lotto,CAU-5ED127B3F1,,,,,10:15,10:30,0.25,,,,,,,,,,,,,,,,,,,,,,
20260930113618-12,20260930-1-Mescole,2026-09-30,1,Mescole,Produzione,,Chiusura lotto,E26/2509,ASDCCRMC17R1000A,Zucca seme estratto secco D/E 10:1,10:30,11:00,0.5,,Completato,,Mescola completata,1.0,,25.0,0.5,,,,,,,,,,,,,,
20260930113618-13,20260930-1-Mescole,2026-09-30,1,Mescole,Cambio lotto,CAU-5ED127B3F1,,,,,11:00,11:15,0.25,,,,,,,,,,,,,,,,,,,,,,
20260930113618-14,20260930-1-Mescole,2026-09-30,1,Mescole,Produzione,,Chiusura lotto,E26/2512,SSDRPHSC14R0400A,Rafano sativo (Cren) estratto secco,11:15,12:00,0.75,,Completato,,Mescola completata,1.0,,40.0,0.75,,,,,,,,,,,,,,
20260930113618-15,20260930-1-Mescole,2026-09-30,1,Mescole,Cambio lotto,CAU-5ED127B3F1,,,,,12:00,12:15,0.25,,,,,,,,,,,,,,,,,,,,,,
20260930113618-16,20260930-1-Mescole,2026-09-30,1,Mescole,Produzione,,Chiusura lotto,E26/2510,SSDMRNOC0800200N,Moringa oleifera foglie estratto secco 0.2% min. alcaloidi,12:15,13:15,1.0,,Completato,,Mescola completata,1.0,,100.0,1.0,,,,,,,,,,,,,,
20260930113618-17,20260930-1-Mescole,2026-09-30,1,Mescole,Cambio lotto,CAU-5ED127B3F1,,,,,13:15,13:30,0.25,,,,,,,,,,,,,,,,,,,,,,
20260930113618-18,20260930-1-Mescole,2026-09-30,1,Mescole,Pulizia,CAU-B3C02737FF,,,,,13:30,14:00,0.5,,,,,,,,,,,,,,,,,,,,,,
20260930113618-2,20260930-1-Mescole,2026-09-30,1,Mescole,Produzione,,Chiusura lotto,E26/2504,TSDTHYVC26R0400A,Timo sommità estratto secco D/E 4:1,06:30,07:00,0.5,,Completato,,Mescola completata,1.0,25.0,25.0,0.5,,,,,,,,,,,,,MIX-ORDCL-756-28-TSDTHYVC26R0400A,
20260930113618-3,20260930-1-Mescole,2026-09-30,1,Mescole,Cambio lotto,CAU-5ED127B3F1,,,,,07:00,07:15,0.25,,,,,,,,,,,,,,,,,,,,,,
20260930113618-4,20260930-1-Mescole,2026-09-30,1,Mescole,Produzione,,Chiusura lotto,E26/2505,ASDMLSOC0804000N,Melissa foglie e.s. >= 4% Ac. Rosmarinic (HPLC),07:15,07:45,0.5,,Completato,,Mescola completata,1.0,,25.0,0.5,,,,,,,,,,,,,,
20260930113618-5,20260930-1-Mescole,2026-09-30,1,Mescole,Cambio lotto,CAU-5ED127B3F1,,,,,07:45,08:00,0.25,,,,,,,,,,,,,,,,,,,,,,
20260930113618-6,20260930-1-Mescole,2026-09-30,1,Mescole,Produzione,,Chiusura lotto,E26/2507,SSDBTVLC14R0400A,Barbabietola radice e. s. acquoso D/E 4:1,08:00,08:30,0.5,,Completato,,Mescola completata,1.0,,25.0,0.5,,,,,,,,,,,,,,
20260930113618-7,20260930-1-Mescole,2026-09-30,1,Mescole,Pulizia,CAU-B3C02737FF,,,,,08:30,09:00,0.5,,,,,,,,,,,,,,,,,,,,,,
20260930113618-8,20260930-1-Mescole,2026-09-30,1,Mescole,Produzione,,Chiusura lotto,E26/2503,SSDMDCSC22R0400A,Erba medica erba fiorita estratto secco D/E 4:1,09:00,09:30,0.5,,Completato,,Mescola completata,1.0,,25.0,0.5,,,,,,,,,,,,,,
20260930113618-9,20260930-1-Mescole,2026-09-30,1,Mescole,Cambio lotto,CAU-5ED127B3F1,,,,,09:30,09:45,0.25,,,,,,,,,,,,,,,,,,,,,,
20260930115846-1,20260930-1-EV200,2026-09-30,1,EV200,Produzione,,Prosecuzione lotto,M26/0148,MDREQSAC0700000M,EQUISETO ERBA,06:00,10:00,4.0,,,,,,0.0,,,,,,,,,,,,,,M26/0148,,
20260930115846-2,20260930-1-EV200,2026-09-30,1,EV200,Attesa prodotto,CAU-FDE4D75F56,,,,,10:00,12:30,2.5,,,,,,,,,,,,,,,,,,,,,,
20260930115846-3,20260930-1-EV200,2026-09-30,1,EV200,Produzione,,Prosecuzione lotto,M26/0148,MDREQSAC0700000M,EQUISETO ERBA,12:30,14:00,1.5,,,,,,0.0,,,,,,,,,,,,,,M26/0148,,
20260930115859-1,20260930-1-Comber,2026-09-30,1,Comber,Produzione,,Prosecuzione lotto,M26/0148,MDREQSAC0700000M,EQUISETO ERBA,06:00,08:00,2.0,4.0,In corso,Completata,Scarico completato,,0.0,,,1.0,400.0,1.6,,,,,,,,,,,
20260930115859-2,20260930-1-Comber,2026-09-30,1,Comber,Produzione,,Prosecuzione lotto,M26/0148,MDREQSAC0700000M,EQUISETO ERBA,08:00,10:00,2.0,5.0,In corso,Completata,Scarico completato,,0.0,,,125.0,800.0,2.6,,,,,,,,,,,
20260930115859-3,20260930-1-Comber,2026-09-30,1,Comber,Produzione,,Prosecuzione lotto,M26/0148,MDREQSAC0700000M,EQUISETO ERBA,10:00,12:30,2.5,5.0,In corso,Completata,Scarico completato,,0.0,,,1.0,400.0,1.7,,,,,,,,,,,
20260930115859-4,20260930-1-Comber,2026-09-30,1,Comber,Produzione,,Prosecuzione lotto,M26/0148,MDREQSAC0700000M,EQUISETO ERBA,12:30,14:00,1.5,6.0,In corso,Completata,Scarico completato,,0.0,,,125.0,800.0,2.5,,,,,,,,,,,
20260930190630-1,20260930-2-Comber,2026-09-30,2,Comber,Produzione,,Prosecuzione lotto,M26/0148,MDREQSAC0700000M,EQUISETO ERBA,14:00,17:00,3.0,6.0,In corso,Completata,Scarico completato,,0.0,,,125.0,800.0,2.7,,,,,,,,,,,"400 lt 1,6% ripasso"
20260930190630-2,20260930-2-Comber,2026-09-30,2,Comber,Produzione,,Prosecuzione lotto,M26/0148,MDREQSAC0700000M,EQUISETO ERBA,17:00,21:30,4.5,7.0,In corso,Completata,Scarico completato,,0.0,,,125.0,800.0,2.7,,,,,,,,,,,"400 lt 1,8 % ripasso"
20260930190630-3,20260930-2-Comber,2026-09-30,2,Comber,Produzione,,Prosecuzione lotto,M26/0148,MDREQSAC0700000M,EQUISETO ERBA,21:30,22:00,0.5,8.0,In corso,In corso,Lavorazione in corso,,0.0,,,125.0,0.0,0.0,,,,,,,,,,,
20260930190812-1,20260930-2-EV200,2026-09-30,2,EV200,Produzione,,Prosecuzione lotto,M26/0148,MDREQSAC0700000M,EQUISETO ERBA,14:00,18:00,4.0,,,,,,0.0,,,,,,,,,,,,,,M26/0148,,
20260930190812-2,20260930-2-EV200,2026-09-30,2,EV200,Attesa prodotto,CAU-FDE4D75F56,,,,,18:00,19:00,1.0,,,,,,,,,,,,,,,,,,,,,,
20260930190812-3,20260930-2-EV200,2026-09-30,2,EV200,Produzione,,Prosecuzione lotto,M26/0148,MDREQSAC0700000M,EQUISETO ERBA,19:00,22:00,3.0,,,,,,0.0,,,,,,,,,,,,,,M26/0148,,
20260930192803-1,20260930-2-Spray_Dryer,2026-09-30,2,Spray Dryer,Produzione,,Apertura lotto,S26/0209,WSDMLVSC24R0400A,Semilavorato Malva fiori/foglie e.s.,14:00,22:00,8.0,,,,,,,,,,,,,,,,750.0,29.0,215.0,,,,
20261001021434-1,20260930-3-Comber,2026-09-30,3,Comber,Produzione,,Chiusura lotto,M26/0148,MDREQSAC0700000M,EQUISETO ERBA,22:00,02:00,4.0,8.0,Completato,Completata,Scarico completato,,0.0,,,125.0,1200.0,3.0,,,,,,,,,,,
20261001021434-2,20260930-3-Comber,2026-09-30,3,Comber,Lavaggio,CAU-3935DB7D7E,,,,,02:00,03:00,1.0,,,,,,,,,,,,,,,,,,,,,,
20261001021434-3,20260930-3-Comber,2026-09-30,3,Comber,Produzione,,Apertura lotto,m26/0149t,MDRMLSOF0800000M,MELISSA FOGLIE DA Filiera certificata,03:00,06:00,3.0,1.0,In corso,Completata,Scarico completato,,,,,125.0,900.0,0.8,,,,,,,,,,,
20261001022133-1,20260930-3-EV200,2026-09-30,3,EV200,Produzione,,Chiusura lotto,M26/0148,MDREQSAC0700000M,EQUISETO ERBA,22:00,02:00,4.0,,,,,,0.0,,,,,,,,701.0,35.0,,,,,M26/0148,,
20261001022133-2,20260930-3-EV200,2026-09-30,3,EV200,Lavaggio,CAU-3935DB7D7E,,,,,02:00,03:00,1.0,,,,,,,,,,,,,,,,,,,,,,
20261001022133-3,20260930-3-EV200,2026-09-30,3,EV200,Attesa prodotto,CAU-FDE4D75F56,,,,,03:00,06:00,3.0,,,,,,,,,,,,,,,,,,,,,,
20261001024348-1,20260930-3-Mescole,2026-09-30,3,Mescole,Cambio lotto,CAU-5ED127B3F1,,,,,22:00,22:30,0.5,,,,,,,,,,,,,,,,,,,,,,cambio rete vibrovaglio
20261001024348-2,20260930-3-Mescole,2026-09-30,3,Mescole,Produzione,,Chiusura lotto,E26/2511,SSDMLLOC22R0400A,Meliloto sommità fiorita estratto secco acquoso D/E 4:1,22:30,00:30,2.0,,Completato,,Mescola completata,1.0,,200.0,2.0,,,,,,,,,,,,,,
20261001024348-3,20260930-3-Mescole,2026-09-30,3,Mescole,Cambio lotto,CAU-5ED127B3F1,,,,,00:30,00:45,0.25,,,,,,,,,,,,,,,,,,,,,,
20261001024348-4,20260930-3-Mescole,2026-09-30,3,Mescole,Produzione,,Chiusura lotto,E26/2502,SSDFNCOC0501100N,Finocchio seme(frutto) estratto secco 0.9-1.1% olio essenziale,00:45,02:00,1.25,,Completato,,Mescola completata,1.0,,50.0,1.25,,,,,,,,,,,,,,
20261001024348-5,20260930-3-Mescole,2026-09-30,3,Mescole,Lavaggio,CAU-3935DB7D7E,,,,,02:00,04:00,2.0,,,,,,,,,,,,,,,,,,,,,,
20261001024348-6,20260930-3-Mescole,2026-09-30,3,Mescole,Produzione,,Chiusura lotto,E26/2508,ASDPRPSC2703000N,Propolis dry extract 3,04:00,06:00,2.0,,Completato,,Mescola completata,1.0,,50.0,2.0,,,,,,,,,,,,,,MESCOLA PROPOLI E MONTAGGIO MICRONIZZATORE E MICRONIZZAZIONE PROPOLI
20261001024350-1,20260930-3-Mescole,2026-09-30,3,Mescole,Cambio lotto,CAU-5ED127B3F1,,,,,22:00,22:30,0.5,,,,,,,,,,,,,,,,,,,,,,cambio rete vibrovaglio
20261001024350-2,20260930-3-Mescole,2026-09-30,3,Mescole,Produzione,,Chiusura lotto,E26/2511,SSDMLLOC22R0400A,Meliloto sommità fiorita estratto secco acquoso D/E 4:1,22:30,00:30,2.0,,Completato,,Mescola completata,1.0,,200.0,2.0,,,,,,,,,,,,,,
20261001024350-3,20260930-3-Mescole,2026-09-30,3,Mescole,Cambio lotto,CAU-5ED127B3F1,,,,,00:30,00:45,0.25,,,,,,,,,,,,,,,,,,,,,,
20261001024350-4,20260930-3-Mescole,2026-09-30,3,Mescole,Produzione,,Chiusura lotto,E26/2502,SSDFNCOC0501100N,Finocchio seme(frutto) estratto secco 0.9-1.1% olio essenziale,00:45,02:00,1.25,,Completato,,Mescola completata,1.0,,50.0,1.25,,,,,,,,,,,,,,
20261001024350-5,20260930-3-Mescole,2026-09-30,3,Mescole,Lavaggio,CAU-3935DB7D7E,,,,,02:00,04:00,2.0,,,,,,,,,,,,,,,,,,,,,,
20261001024350-6,20260930-3-Mescole,2026-09-30,3,Mescole,Produzione,,Chiusura lotto,E26/2508,ASDPRPSC2703000N,Propolis dry extract 3,04:00,06:00,2.0,,Completato,,Mescola completata,1.0,,50.0,2.0,,,,,,,,,,,,,,MESCOLA PROPOLI E MONTAGGIO MICRONIZZATORE E MICRONIZZAZIONE PROPOLI
20261001025631-1,20260930-3-Spray_Dryer,2026-09-30,3,Spray Dryer,Produzione,,Prosecuzione lotto,S26/0209,WSDMLVSC24R0400A,Semilavorato Malva fiori/foglie e.s.,22:00,06:00,8.0,,,,,,0.0,,,,,,,,,,,,,,,,
20261001110922-1,20261001-1-Comber,2026-10-01,1,Comber,Produzione,,Prosecuzione lotto,m26/0149t,MDRMLSOF0800000M,MELISSA FOGLIE DA Filiera certificata,06:00,07:00,1.0,1.0,In corso,Completata,Scarico completato,,0.0,,,125.0,900.0,1.6,,,,,,,,,,,
20261001110922-2,20261001-1-Comber,2026-10-01,1,Comber,Produzione,,Prosecuzione lotto,m26/0149t,MDRMLSOF0800000M,MELISSA FOGLIE DA Filiera certificata,07:00,11:00,4.0,2.0,In corso,Completata,Scarico completato,,0.0,,,125.0,900.0,1.8,,,,,,,,,,,
20261001110922-3,20261001-1-Comber,2026-10-01,1,Comber,Produzione,,Prosecuzione lotto,m26/0149t,MDRMLSOF0800000M,MELISSA FOGLIE DA Filiera certificata,11:00,14:00,3.0,3.0,In corso,In corso,Lavorazione in corso,,0.0,,,125.0,0.0,0.0,,,,,,,,,,,
20261001111132-1,20261001-1-EV200,2026-10-01,1,EV200,Attesa prodotto,CAU-FDE4D75F56,,,,,06:00,07:00,1.0,,,,,,,,,,,,,,,,,,,,,,
20261001111132-2,20261001-1-EV200,2026-10-01,1,EV200,Produzione,,Apertura lotto,m26/0149t,MDRMLSOF0800000M,MELISSA FOGLIE DA Filiera certificata,07:00,13:00,6.0,,,,,,,,,,,,,,,,,,,,m26/0149t,,
20261001111132-3,20261001-1-EV200,2026-10-01,1,EV200,Attesa prodotto,CAU-FDE4D75F56,,,,,13:00,14:00,1.0,,,,,,,,,,,,,,,,,,,,,,
20261001112418-1,20261001-1-Mescole,2026-10-01,1,Mescole,Lavaggio,CAU-3935DB7D7E,,,,,06:00,08:30,2.5,,,,,,,,,,,,,,,,,,,,,,lavaggio biconico e pavimento + lavaggio micronizzatore e micronizzazione
20261001112418-2,20261001-1-Mescole,2026-10-01,1,Mescole,Attesa prodotto,CAU-FDE4D75F56,,,,,08:30,10:00,1.5,,,,,,,,,,,,,,,,,,,,,,
20261001112418-3,20261001-1-Mescole,2026-10-01,1,Mescole,Produzione,,Chiusura lotto,S27/0210,0000000000000000,misto,10:00,11:00,1.0,,Completato,,Mescola completata,1.0,,10.0,1.0,,,,,,,,,,,,,,DOPPIA MICRONIZZAZIONE SUMAC
20261001112418-4,20261001-1-Mescole,2026-10-01,1,Mescole,Lavaggio,CAU-3935DB7D7E,,,,,11:00,12:00,1.0,,,,,,,,,,,,,,,,,,,,,,LAVAGGIO MICRONIZZATORE
20261001112418-5,20261001-1-Mescole,2026-10-01,1,Mescole,Attesa prodotto,CAU-FDE4D75F56,,,,,12:00,14:00,2.0,,,,,,,,,,,,,,,,,,,,,,
20261001185809-1,20261001-2-Comber,2026-10-01,2,Comber,Produzione,,Prosecuzione lotto,m26/0149t,MDRMLSOF0800000M,MELISSA FOGLIE DA Filiera certificata,14:00,15:00,1.0,3.0,In corso,Completata,Scarico completato,,0.0,,,125.0,900.0,1.7,,,,,,,,,,,
20261001185809-2,20261001-2-Comber,2026-10-01,2,Comber,Produzione,,Prosecuzione lotto,m26/0149t,MDRMLSOF0800000M,MELISSA FOGLIE DA Filiera certificata,15:00,20:00,5.0,4.0,In corso,Completata,Scarico completato,,0.0,,,125.0,900.0,1.68,,,,,,,,,,,
20261001185809-3,20261001-2-Comber,2026-10-01,2,Comber,Produzione,,Prosecuzione lotto,m26/0149t,MDRMLSOF0800000M,MELISSA FOGLIE DA Filiera certificata,20:00,22:00,2.0,5.0,In corso,In corso,Lavorazione in corso,,0.0,,,125.0,0.0,0.0,,,,,,,,,,,
20261001185921-1,20261001-2-EV200,2026-10-01,2,EV200,Attesa prodotto,CAU-FDE4D75F56,,,,,14:00,17:00,3.0,,,,,,,,,,,,,,,,,,,,,,
20261001185921-2,20261001-2-EV200,2026-10-01,2,EV200,Produzione,,Prosecuzione lotto,m26/0149t,MDRMLSOF0800000M,MELISSA FOGLIE DA Filiera certificata,17:00,22:00,5.0,,,,,,0.0,,,,,,,,,,,,,,m26/0149t,,
20261001190646-1,20261001-1-Spray_Dryer,2026-10-01,1,Spray Dryer,Produzione,,Prosecuzione lotto,S26/0209,WSDMLVSC24R0400A,Semilavorato Malva fiori/foglie e.s.,06:00,14:00,8.0,,,,,,0.0,,,,,,,,,,,,,,,,
20261001191131-1,20261001-2-Spray_Dryer,2026-10-01,2,Spray Dryer,Produzione,,Chiusura lotto,S26/0209,WSDMLVSC24R0400A,Semilavorato Malva fiori/foglie e.s.,14:00,16:30,2.5,,,,,,0.0,,,,,,,,,,,,,417.3,,,
20261001191131-2,20261001-2-Spray_Dryer,2026-10-01,2,Spray Dryer,Lavaggio,CAU-3935DB7D7E,,,,,16:30,17:30,1.0,,,,,,,,,,,,,,,,,,,,,,
20261001191131-3,20261001-2-Spray_Dryer,2026-10-01,2,Spray Dryer,Attesa prodotto,CAU-FDE4D75F56,,,,,17:30,18:30,1.0,,,,,,,,,,,,,,,,,,,,,,
20261001191131-4,20261001-2-Spray_Dryer,2026-10-01,2,Spray Dryer,Produzione,,Apertura lotto,S26/0212,WSDEQSAC07R0300A,Semilavorato Equiseto erba e.s.,18:30,22:00,3.5,,,,,,,,,,,,,,,,1470.0,37.3,230.0,,,,
20261001191138-1,20261001-2-Spray_Dryer,2026-10-01,2,Spray Dryer,Produzione,,Chiusura lotto,S26/0209,WSDMLVSC24R0400A,Semilavorato Malva fiori/foglie e.s.,14:00,16:30,2.5,,,,,,0.0,,,,,,,,,,,,,417.3,,,
20261001191138-2,20261001-2-Spray_Dryer,2026-10-01,2,Spray Dryer,Lavaggio,CAU-3935DB7D7E,,,,,16:30,17:30,1.0,,,,,,,,,,,,,,,,,,,,,,
20261001191138-3,20261001-2-Spray_Dryer,2026-10-01,2,Spray Dryer,Attesa prodotto,CAU-FDE4D75F56,,,,,17:30,18:30,1.0,,,,,,,,,,,,,,,,,,,,,,
20261001191138-4,20261001-2-Spray_Dryer,2026-10-01,2,Spray Dryer,Produzione,,Apertura lotto,S26/0212,WSDEQSAC07R0300A,Semilavorato Equiseto erba e.s.,18:30,22:00,3.5,,,,,,,,,,,,,,,,1470.0,37.3,230.0,,,,
20261002031535-1,20261001-3-Comber,2026-10-01,3,Comber,Produzione,,Prosecuzione lotto,m26/0149t,MDRMLSOF0800000M,MELISSA FOGLIE DA Filiera certificata,22:00,00:00,2.0,5.0,In corso,Completata,Scarico completato,,0.0,,,125.0,900.0,1.7,,,,,,,,,,,
20261002031535-2,20261001-3-Comber,2026-10-01,3,Comber,Produzione,,Prosecuzione lotto,m26/0149t,MDRMLSOF0800000M,MELISSA FOGLIE DA Filiera certificata,00:00,04:00,4.0,6.0,In corso,Completata,Scarico completato,,0.0,,,125.0,900.0,1.7,,,,,,,,,,,
20261002031535-3,20261001-3-Comber,2026-10-01,3,Comber,Produzione,,Prosecuzione lotto,m26/0149t,MDRMLSOF0800000M,MELISSA FOGLIE DA Filiera certificata,04:00,06:00,2.0,7.0,In corso,Completata,Scarico completato,,0.0,,,125.0,900.0,1.8,,,,,,,,,,,
20261002031653-1,20261001-3-EV200,2026-10-01,3,EV200,Produzione,,Prosecuzione lotto,m26/0149t,MDRMLSOF0800000M,MELISSA FOGLIE DA Filiera certificata,22:00,23:00,1.0,,,,,,0.0,,,,,,,,,,,,,,m26/0149t,,
20261002031653-2,20261001-3-EV200,2026-10-01,3,EV200,Attesa prodotto,CAU-FDE4D75F56,,,,,23:00,04:00,5.0,,,,,,,,,,,,,,,,,,,,,,
20261002031653-3,20261001-3-EV200,2026-10-01,3,EV200,Produzione,,Prosecuzione lotto,m26/0149t,MDRMLSOF0800000M,MELISSA FOGLIE DA Filiera certificata,04:00,06:00,2.0,,,,,,0.0,,,,,,,,,,,,,,m26/0149t,,
20261002110104-1,20261002-1-Spray_Dryer,2026-10-02,1,Spray Dryer,Produzione,,Prosecuzione lotto,S26/0212,WSDEQSAC07R0300A,Semilavorato Equiseto erba e.s.,06:00,14:00,8.0,,,,,,0.0,,,,,,,,,,,,,,,,
20261002111508-1,20261002-1-Mescole,2026-10-02,1,Mescole,Produzione,,Chiusura lotto,E26/2522,VLCCAFEC3295000A,"Caffeina naturale >=95,0%",06:00,07:30,1.5,,Completato,,Mescola completata,1.0,,113.9,1.5,,,,,,,,,,,,,,
20261002111508-2,20261002-1-Mescole,2026-10-02,1,Mescole,Pulizia,CAU-B3C02737FF,,,,,07:30,08:30,1.0,,,,,,,,,,,,,,,,,,,,,,
20261002111508-3,20261002-1-Mescole,2026-10-02,1,Mescole,Cambio lotto,CAU-5ED127B3F1,,,,,08:30,08:45,0.25,,,,,,,,,,,,,,,,,,,,,,
20261002111508-4,20261002-1-Mescole,2026-10-02,1,Mescole,Produzione,,Chiusura lotto,S26/0211,ASDCCRPC17R0400A,Zucca seme e.s. D/E 4:1,08:45,10:15,1.5,,Completato,,Mescola completata,1.0,,225.0,1.5,,,,,,,,,,,,,,
20261002111508-5,20261002-1-Mescole,2026-10-02,1,Mescole,Pulizia,CAU-B3C02737FF,,,,,10:15,10:45,0.5,,,,,,,,,,,,,,,,,,,,,,
20261002111508-6,20261002-1-Mescole,2026-10-02,1,Mescole,Produzione,,Chiusura lotto,E26/2476,AGLPROPC2710000A,"Propoli HRD® e.s. solubile granulato >= 10,0% polifenoli calc.come galangina - >=2,0% flavoni calc.come quercetina",10:45,14:00,3.25,,Completato,,Mescola completata,1.0,,400.0,3.25,,,,,,,,,,,,,,
20261002112509-1,20261002-1-Comber,2026-10-02,1,Comber,Produzione,,Prosecuzione lotto,m26/0149t,MDRMLSOF0800000M,MELISSA FOGLIE DA Filiera certificata,06:00,08:00,2.0,7.0,In corso,Completata,Scarico completato,,0.0,,,125.0,800.0,1.8,,,,,,,,,,,
20261002112509-2,20261002-1-Comber,2026-10-02,1,Comber,Produzione,,Prosecuzione lotto,m26/0149t,MDRMLSOF0800000M,MELISSA FOGLIE DA Filiera certificata,08:00,12:00,4.0,9.0,In corso,Completata,Scarico completato,,0.0,,,125.0,800.0,1.7,,,,,,,,,,,
20261002112509-3,20261002-1-Comber,2026-10-02,1,Comber,Produzione,,Prosecuzione lotto,m26/0149t,MDRMLSOF0800000M,MELISSA FOGLIE DA Filiera certificata,12:00,14:00,2.0,9.0,In corso,In corso,Lavorazione in corso,,0.0,,,125.0,0.0,0.0,,,,,,,,,,,
20261002112637-1,20261002-1-EV200,2026-10-02,1,EV200,Produzione,,Prosecuzione lotto,m26/0149t,MDRMLSOF0800000M,MELISSA FOGLIE DA Filiera certificata,06:00,10:00,4.0,,,,,,0.0,,,,,,,,,,,,,,m26/0149t,,
20261002112637-2,20261002-1-EV200,2026-10-02,1,EV200,Attesa prodotto,CAU-FDE4D75F56,,,,,10:00,14:00,4.0,,,,,,,,,,,,,,,,,,,,,,
20261002163300-1,20261002-2-Comber,2026-10-02,2,Comber,Produzione,,Prosecuzione lotto,m26/0149t,MDRMLSOF0800000M,MELISSA FOGLIE DA Filiera certificata,14:00,16:00,2.0,9.0,In corso,Completata,Scarico completato,,0.0,,,125.0,900.0,1.7,,,,,,,,,,,
20261002163300-2,20261002-2-Comber,2026-10-02,2,Comber,Produzione,,Chiusura lotto,m26/0149t,MDRMLSOF0800000M,MELISSA FOGLIE DA Filiera certificata,16:00,20:00,4.0,10.0,Completato,Completata,Scarico completato,,0.0,,,125.0,900.0,1.7,,,,,,,,,,,
20261002163300-3,20261002-2-Comber,2026-10-02,2,Comber,Lavaggio,CAU-3935DB7D7E,,,,,20:00,22:00,2.0,,,,,,,,,,,,,,,,,,,,,,
20261002163414-1,20261002-2-EV200,2026-10-02,2,EV200,Produzione,,Chiusura lotto,m26/0149t,MDRMLSOF0800000M,MELISSA FOGLIE DA Filiera certificata,14:00,20:00,6.0,,,,,,0.0,,,,,,,,737.0,30.0,,,,,m26/0149t,,
20261002163414-2,20261002-2-EV200,2026-10-02,2,EV200,Lavaggio,CAU-3935DB7D7E,,,,,20:00,22:00,2.0,,,,,,,,,,,,,,,,,,,,,,
20261002163419-1,20261002-2-EV200,2026-10-02,2,EV200,Produzione,,Chiusura lotto,m26/0149t,MDRMLSOF0800000M,MELISSA FOGLIE DA Filiera certificata,14:00,20:00,6.0,,,,,,0.0,,,,,,,,737.0,30.0,,,,,m26/0149t,,
20261002163419-2,20261002-2-EV200,2026-10-02,2,EV200,Lavaggio,CAU-3935DB7D7E,,,,,20:00,22:00,2.0,,,,,,,,,,,,,,,,,,,,,,
20261002191852-1,20261002-2-Spray_Dryer,2026-10-02,2,Spray Dryer,Produzione,,Prosecuzione lotto,S26/0212,WSDEQSAC07R0300A,Semilavorato Equiseto erba e.s.,14:00,22:00,8.0,,,,,,0.0,,,,,,,,,,,,,,,,
20261002191855-1,20261002-2-Spray_Dryer,2026-10-02,2,Spray Dryer,Produzione,,Prosecuzione lotto,S26/0212,WSDEQSAC07R0300A,Semilavorato Equiseto erba e.s.,14:00,22:00,8.0,,,,,,0.0,,,,,,,,,,,,,,,,
20261002232241-1,20261002-3-Comber,2026-10-02,3,Comber,Lavaggio,CAU-3935DB7D7E,,,,,22:00,23:00,1.0,,,,,,,,,,,,,,,,,,,,,,
20261002232241-2,20261002-3-Comber,2026-10-02,3,Comber,Altro,CAU-12657F7B7C,,,,,23:00,06:00,7.0,,,,,,,,,,,,,,,,,,,,,,pulizia reparto
20261002232335-1,20261002-3-EV200,2026-10-02,3,EV200,Lavaggio,CAU-3935DB7D7E,,,,,22:00,23:00,1.0,,,,,,,,,,,,,,,,,,,,,,
20261002232335-2,20261002-3-EV200,2026-10-02,3,EV200,Altro,CAU-12657F7B7C,,,,,23:00,06:00,7.0,,,,,,,,,,,,,,,,,,,,,,pulizia reparto
20261002232514-1,20261002-3-Spray_Dryer,2026-10-02,3,Spray Dryer,Produzione,,Prosecuzione lotto,S26/0212,WSDEQSAC07R0300A,Semilavorato Equiseto erba e.s.,22:00,00:00,2.0,,,,,,0.0,,,,,,,,,,,,,,,,
20261002232514-2,20261002-3-Spray_Dryer,2026-10-02,3,Spray Dryer,Lavaggio,CAU-3935DB7D7E,,,,,00:00,06:00,6.0,,,,,,,,,,,,,,,,,,,,,,
20261005111250-1,20261005-1-Comber,2026-10-05,1,Comber,Altro,CAU-12657F7B7C,,,,,06:00,06:30,0.5,,,,,,,,,,,,,,,,,,,,,,riscaldamento impianto
20261005111250-2,20261005-1-Comber,2026-10-05,1,Comber,Produzione,,Apertura lotto,m26/0150,MDRMLLOC1000000M,MELILOTO SOMMITA',06:30,10:00,3.5,1.0,In corso,Completata,Scarico completato,,,,,110.0,800.0,1.0,,,,,,,,,,,
20261005111250-3,20261005-1-Comber,2026-10-05,1,Comber,Produzione,,Prosecuzione lotto,m26/0150,MDRMLLOC1000000M,MELILOTO SOMMITA',10:00,13:30,3.5,2.0,In corso,Completata,Scarico completato,,0.0,,,110.0,800.0,1.0,,,,,,,,,,,
20261005111250-4,20261005-1-Comber,2026-10-05,1,Comber,Produzione,,Prosecuzione lotto,m26/0150,MDRMLLOC1000000M,MELILOTO SOMMITA',13:30,14:00,0.5,3.0,In corso,In corso,Lavorazione in corso,,0.0,,,110.0,0.0,0.0,,,,,,,,,,,
20261005111357-1,20261005-1-EV200,2026-10-05,1,EV200,Attesa prodotto,CAU-FDE4D75F56,,,,,06:00,13:00,7.0,,,,,,,,,,,,,,,,,,,,,,
20261005111357-2,20261005-1-EV200,2026-10-05,1,EV200,Produzione,,Apertura lotto,m26/0150,MDRMLLOC1000000M,MELILOTO SOMMITA',13:00,14:00,1.0,,,,,,,,,,,,,,,,,,,,m26/0150,,
20261005111403-1,20261005-1-EV200,2026-10-05,1,EV200,Attesa prodotto,CAU-FDE4D75F56,,,,,06:00,13:00,7.0,,,,,,,,,,,,,,,,,,,,,,
20261005111403-2,20261005-1-EV200,2026-10-05,1,EV200,Produzione,,Apertura lotto,m26/0150,MDRMLLOC1000000M,MELILOTO SOMMITA',13:00,14:00,1.0,,,,,,,,,,,,,,,,,,,,m26/0150,,
20261005114323-1,20261005-1-Spray_Dryer,2026-10-05,1,Spray Dryer,Attesa prodotto,CAU-FDE4D75F56,,,,,06:00,10:00,4.0,,,,,,,,,,,,,,,,,,,,,,
20261005114323-2,20261005-1-Spray_Dryer,2026-10-05,1,Spray Dryer,Produzione,,Apertura lotto,S26/0214T,WSDMLSOF0804000A,"Semilavorato Melissa foglia e.s.>= 4,0%   ac. rosmarinico (HPLC) da Filiera Certificata ISO 22005",10:00,14:00,4.0,,,,,,,,,,,,,,,,737.0,35.0,25.0,,,,
20261005114803-1,20261005-1-Mescole,2026-10-05,1,Mescole,Altro,CAU-12657F7B7C,,,,,06:00,10:00,4.0,,,,,,,,,,,,,,,,,,,,,,PASTORIZZATO PRODOTTO CON UHT.
20261005114803-2,20261005-1-Mescole,2026-10-05,1,Mescole,Produzione,,Chiusura lotto,E26/2520,TSDVTXAC0500500A,"Agnocasto frutto estratto secco >=0,5% agnusidi calc. come agnuside",10:00,12:30,2.5,,Completato,,Mescola completata,1.0,,250.0,2.5,,,,,,,,,,,,,,
20261005114803-3,20261005-1-Mescole,2026-10-05,1,Mescole,Produzione,,Chiusura lotto,e26/2522,SSDEPLAC07R0400A,Epilobio (angustifolium) erba estratto secco D/E 4:1,12:30,14:00,1.5,,Completato,,Mescola completata,1.0,,100.0,1.5,,,,,,,,,,,,,,
20261005114810-1,20261005-1-Mescole,2026-10-05,1,Mescole,Altro,CAU-12657F7B7C,,,,,06:00,10:00,4.0,,,,,,,,,,,,,,,,,,,,,,PASTORIZZATO PRODOTTO CON UHT.
20261005114810-2,20261005-1-Mescole,2026-10-05,1,Mescole,Produzione,,Chiusura lotto,E26/2520,TSDVTXAC0500500A,"Agnocasto frutto estratto secco >=0,5% agnusidi calc. come agnuside",10:00,12:30,2.5,,Completato,,Mescola completata,1.0,,250.0,2.5,,,,,,,,,,,,,,
20261005114810-3,20261005-1-Mescole,2026-10-05,1,Mescole,Produzione,,Chiusura lotto,e26/2522,SSDEPLAC07R0400A,Epilobio (angustifolium) erba estratto secco D/E 4:1,12:30,14:00,1.5,,Completato,,Mescola completata,1.0,,100.0,1.5,,,,,,,,,,,,,,
20261005182212-1,20261005-2-Mescole,2026-10-05,2,Mescole,Produzione,,Chiusura lotto,E26/2525,SSDPLLNC31R0400A,Polline estratto secco D/E 4:1,14:00,15:30,1.5,,Completato,,Mescola completata,1.0,,100.0,1.5,,,,,,,,,,,,,,
20261005182212-2,20261005-2-Mescole,2026-10-05,2,Mescole,Cambio lotto,CAU-5ED127B3F1,,,,,15:30,15:45,0.25,,,,,,,,,,,,,,,,,,,,,,
20261005182212-3,20261005-2-Mescole,2026-10-05,2,Mescole,Produzione,,Chiusura lotto,E26/2528,SSDTRXOC14R0400A,Tarassaco radice estratto secco D/E 4:1,15:45,16:45,1.0,,Completato,,Mescola completata,1.0,100.0,100.0,1.0,,,,,,,,,,,,,MIX-ORDCL-756-19-SSDTRXOC14R0400A,
20261005182212-4,20261005-2-Mescole,2026-10-05,2,Mescole,Cambio lotto,CAU-5ED127B3F1,,,,,16:45,17:00,0.25,,,,,,,,,,,,,,,,,,,,,,
20261005182212-5,20261005-2-Mescole,2026-10-05,2,Mescole,Produzione,,Chiusura lotto,E26/2519,TSDHRCPC0701000A,"Pilosella erba (parte aerea) estr. secco >=1,0% flavonoidi totali calc. come vitessina",17:00,18:15,1.25,,Completato,,Mescola completata,1.0,,100.0,1.25,,,,,,,,,,,,,,
20261005182212-6,20261005-2-Mescole,2026-10-05,2,Mescole,Cambio lotto,CAU-5ED127B3F1,,,,,18:15,18:30,0.25,,,,,,,,,,,,,,,,,,,,,,
20261005182212-7,20261005-2-Mescole,2026-10-05,2,Mescole,Produzione,,Chiusura lotto,E26/2548,TSDHLCIC22R0400A,Elicriso erba fiorita estratto secco D/E 4:1,18:30,21:00,2.5,,Completato,,Mescola completata,1.0,450.0,240.0,2.5,,,,,,,,,,,,,MIX-ORDCL-465-32-TSDHLCIC22R0400A,
20261005182212-8,20261005-2-Mescole,2026-10-05,2,Mescole,Pulizia,CAU-B3C02737FF,,,,,21:00,22:00,1.0,,,,,,,,,,,,,,,,,,,,,,
20261005190304-1,20261005-2-Comber,2026-10-05,2,Comber,Produzione,,Prosecuzione lotto,m26/0150,MDRMLLOC1000000M,MELILOTO SOMMITA',14:00,17:00,3.0,3.0,In corso,Completata,Scarico completato,,0.0,,,110.0,800.0,1.0,,,,,,,,,,,
20261005190304-2,20261005-2-Comber,2026-10-05,2,Comber,Produzione,,Prosecuzione lotto,m26/0150,MDRMLLOC1000000M,MELILOTO SOMMITA',17:00,20:30,3.5,4.0,In corso,Completata,Scarico completato,,0.0,,,110.0,800.0,1.0,,,,,,,,,,,
20261005190304-3,20261005-2-Comber,2026-10-05,2,Comber,Produzione,,Prosecuzione lotto,m26/0150,MDRMLLOC1000000M,MELILOTO SOMMITA',20:30,22:00,1.5,5.0,In corso,Completata,Scarico completato,,0.0,,,110.0,800.0,1.0,,,,,,,,,,,
20261005190407-1,20261005-2-EV200,2026-10-05,2,EV200,Produzione,,Prosecuzione lotto,m26/0150,MDRMLLOC1000000M,MELILOTO SOMMITA',14:00,19:00,5.0,,,,,,0.0,,,,,,,,,,,,,,m26/0150,,
20261005190407-2,20261005-2-EV200,2026-10-05,2,EV200,Attesa prodotto,CAU-FDE4D75F56,,,,,19:00,22:00,3.0,,,,,,,,,,,,,,,,,,,,,,
20261005191158-1,20261005-2-Spray_Dryer,2026-10-05,2,Spray Dryer,Produzione,,Prosecuzione lotto,S26/0214T,WSDMLSOF0804000A,"Semilavorato Melissa foglia e.s.>= 4,0%   ac. rosmarinico (HPLC) da Filiera Certificata ISO 22005",14:00,22:00,8.0,,,,,,0.0,,,,,,,,,,,,,,,,
20261006015147-1,20261005-3-Mescole,2026-10-05,3,Mescole,Produzione,,Chiusura lotto,E26/2527,ASDPSSIC1003500N,Passiflora erba fiorita estratto secco >=3.5% flavonoidi totali calc.come vitexina,22:00,23:00,1.0,,Completato,,Mescola completata,1.0,,75.0,1.0,,,,,,,,,,,,,,
20261006015147-10,20261005-3-Mescole,2026-10-05,3,Mescole,Produzione,,Chiusura lotto,E26/2533,SSDSMBNC0400300A,"Sambuco fiore estratto secco solubile >=0,3% flavonoidi tot. calc. come iperoside",02:30,03:00,0.5,,Completato,,Mescola completata,1.0,,25.0,0.5,,,,,,,,,,,,,,
20261006015147-11,20261005-3-Mescole,2026-10-05,3,Mescole,Produzione,,Chiusura lotto,E26/2523,SSDSMLMC14R0400A,Salsapariglia radice estratto secco acquoso D/E 4:1,03:00,03:30,0.5,,Completato,,Mescola completata,1.0,,25.0,0.5,,,,,,,,,,,,,,
20261006015147-12,20261005-3-Mescole,2026-10-05,3,Mescole,Produzione,,Chiusura lotto,E26/2521,SSDEQSAC0703000N,Equiseto erba estratto secco 2-3% silice,03:30,04:15,0.75,,Completato,,Mescola completata,1.0,,25.0,0.75,,,,,,,,,,,,,,
20261006015147-13,20261005-3-Mescole,2026-10-05,3,Mescole,Produzione,,Chiusura lotto,E26/2532,TSDPLNMC07R0400A,Piantaggine erba estratto secco D/E 4:1,04:15,05:00,0.75,,Completato,,Mescola completata,1.0,,25.0,0.75,,,,,,,,,,,,,,
20261006015147-14,20261005-3-Mescole,2026-10-05,3,Mescole,Produzione,,Chiusura lotto,E26/2526,TSDORTSC2200100A,Ortosifonide erba con fiori estratto secco >=0.1%sinensetina,05:00,06:00,1.0,,Completato,,Mescola completata,1.0,,50.0,1.0,,,,,,,,,,,,,,
20261006015147-2,20261005-3-Mescole,2026-10-05,3,Mescole,Cambio lotto,CAU-5ED127B3F1,,,,,23:00,23:15,0.25,,,,,,,,,,,,,,,,,,,,,,
20261006015147-3,20261005-3-Mescole,2026-10-05,3,Mescole,Produzione,,Chiusura lotto,E26/2529,TSDPSSIC0740000A,"Passiflora erba fiorita estr. secco >= 4,0% flavonoidi totali calc. come vitessina",23:15,23:45,0.5,,Completato,,Mescola completata,1.0,,25.0,0.5,,,,,,,,,,,,,,
20261006015147-4,20261005-3-Mescole,2026-10-05,3,Mescole,Cambio lotto,CAU-5ED127B3F1,,,,,23:45,00:00,0.25,,,,,,,,,,,,,,,,,,,,,,
20261006015147-5,20261005-3-Mescole,2026-10-05,3,Mescole,Produzione,,Chiusura lotto,E26/2530,ASDMLSOC0812000N,"Melissa foglia estratto secco >=12,0% derivati idrossicinnamici calc.come acido rosmarinico",00:00,00:45,0.75,,Completato,,Mescola completata,1.0,50.0,50.0,0.75,,,,,,,,,,,,,MIX-ORDCL-756-8-ASDMLSOC0812000N,
20261006015147-6,20261005-3-Mescole,2026-10-05,3,Mescole,Cambio lotto,CAU-5ED127B3F1,,,,,00:45,01:00,0.25,,,,,,,,,,,,,,,,,,,,,,
20261006015147-7,20261005-3-Mescole,2026-10-05,3,Mescole,Produzione,,Chiusura lotto,E26/2524,SSDMLSOC08R0400A,Melissa foglia estratto secco D/E 4:1,01:00,01:30,0.5,,Completato,,Mescola completata,1.0,,15.0,0.5,,,,,,,,,,,,,,
20261006015147-8,20261005-3-Mescole,2026-10-05,3,Mescole,Produzione,,Chiusura lotto,E25/2531,SSDCMNMC05R0400A,Cumino seme (frutto) estratto secco D/E 4:1,01:30,02:15,0.75,,Completato,,Mescola completata,1.0,,75.0,0.75,,,,,,,,,,,,,,
20261006015147-9,20261005-3-Mescole,2026-10-05,3,Mescole,Cambio lotto,CAU-5ED127B3F1,,,,,02:15,02:30,0.25,,,,,,,,,,,,,,,,,,,,,,
20261006021917-1,20261006-3-Spray_Dryer,2026-10-06,3,Spray Dryer,Produzione,,Prosecuzione lotto,S26/0214T,WSDMLSOF0804000A,"Semilavorato Melissa foglia e.s.>= 4,0%   ac. rosmarinico (HPLC) da Filiera Certificata ISO 22005",22:00,06:00,8.0,,,,,,0.0,,,,,,,,,,,,,,,,
20261006031659-1,20261005-3-Comber,2026-10-05,3,Comber,Produzione,,Prosecuzione lotto,m26/0150,MDRMLLOC1000000M,MELILOTO SOMMITA',22:00,00:00,2.0,5.0,In corso,Completata,Scarico completato,,0.0,,,110.0,800.0,1.0,,,,,,,,,,,
20261006031659-2,20261005-3-Comber,2026-10-05,3,Comber,Produzione,,Prosecuzione lotto,m26/0150,MDRMLLOC1000000M,MELILOTO SOMMITA',00:00,03:30,3.5,6.0,In corso,Completata,Scarico completato,,0.0,,,110.0,800.0,1.1,,,,,,,,,,,
20261006031659-3,20261005-3-Comber,2026-10-05,3,Comber,Lavaggio,CAU-3935DB7D7E,,,,,03:30,04:30,1.0,,,,,,,,,,,,,,,,,,,,,,
20261006031659-4,20261005-3-Comber,2026-10-05,3,Comber,Produzione,,Apertura lotto,M26/0151,MDRRSMOL08000,ROSMARINO,04:30,06:00,1.5,1.0,In corso,In corso,Lavorazione in corso,,,,,125.0,0.0,0.0,,,,,,,,,,,
20261006031835-1,20261005-3-EV200,2026-10-05,3,EV200,Attesa prodotto,CAU-FDE4D75F56,,,,,22:00,00:00,2.0,,,,,,,,,,,,,,,,,,,,,,
20261006031835-2,20261005-3-EV200,2026-10-05,3,EV200,Produzione,,Prosecuzione lotto,m26/0150,MDRMLLOC1000000M,MELILOTO SOMMITA',00:00,06:00,6.0,,,,,,0.0,,,,,,,,,,,,,,m26/0150,,
20261006111611-1,20261006-1-Spray_Dryer,2026-10-06,1,Spray Dryer,Produzione,,Prosecuzione lotto,S26/0214T,WSDMLSOF0804000A,"Semilavorato Melissa foglia e.s.>= 4,0%   ac. rosmarinico (HPLC) da Filiera Certificata ISO 22005",06:00,07:30,1.5,,,,,,0.0,,,,,,,,,,,,,,,,
20261006111611-2,20261006-1-Spray_Dryer,2026-10-06,1,Spray Dryer,Lavaggio,CAU-3935DB7D7E,,,,,07:30,08:30,1.0,,,,,,,,,,,,,,,,,,,,,,
20261006111611-3,20261006-1-Spray_Dryer,2026-10-06,1,Spray Dryer,Produzione,,Apertura lotto,S26/ 0125,WSDEQSAC07R0300A,Semilavorato Equiseto erba e.s.,08:30,14:00,5.5,,,,,,,,,,,,,,,,700.0,18.0,0.0,,,,
20261006113111-1,20261006-1-Comber,2026-10-06,1,Comber,Produzione,,Prosecuzione lotto,M26/0151,MDRRSMOL08000,ROSMARINO,06:00,08:30,2.5,1.0,In corso,Completata,Scarico completato,,0.0,,,125.0,1050.0,1.3,,,,,,,,,,,ESTRAZIONE CON RIPASSO 200 KG AL 0.4%
20261006113111-2,20261006-1-Comber,2026-10-06,1,Comber,Produzione,,Prosecuzione lotto,M26/0151,MDRRSMOL08000,ROSMARINO,08:30,12:30,4.0,2.0,In corso,Completata,Scarico completato,,0.0,,,125.6,1050.0,1.4,,,,,,,,,,,"ESTRAZIO CON RIPASSO 200 KG AL 0.3
"
20261006113111-3,20261006-1-Comber,2026-10-06,1,Comber,Produzione,,Prosecuzione lotto,M26/0151,MDRRSMOL08000,ROSMARINO,12:30,14:00,1.5,3.0,In corso,In corso,Lavorazione in corso,,0.0,,,125.6,0.0,0.0,,,,,,,,,,,
20261006113416-1,20261006-1-EV200,2026-10-06,1,EV200,Attesa prodotto,CAU-FDE4D75F56,,,,,06:00,10:30,4.5,,,,,,,,,,,,,,,,,,,,,,
20261006113416-2,20261006-1-EV200,2026-10-06,1,EV200,Produzione,,Apertura lotto,M26/0151,MDRRSMOL08000,ROSMARINO,10:30,14:00,3.5,,,,,,,,,,,,,,,,,,,,M26/0151,,
20261006184026-1,20261006-2-Spray_Dryer,2026-10-06,2,Spray Dryer,Produzione,,Prosecuzione lotto,S26/ 0125,WSDEQSAC07R0300A,Semilavorato Equiseto erba e.s.,14:00,22:00,8.0,,,,,,0.0,,,,,,,,,,,,,,,,
20261006184415-1,20261006-2-Comber,2026-10-06,2,Comber,Produzione,,Prosecuzione lotto,M26/0151,MDRRSMOL08000,ROSMARINO,14:00,16:30,2.5,3.0,In corso,Completata,Scarico completato,,0.0,,,125.6,1050.0,1.3,,,,,,,,,,,
20261006184415-2,20261006-2-Comber,2026-10-06,2,Comber,Produzione,,Prosecuzione lotto,M26/0151,MDRRSMOL08000,ROSMARINO,16:30,20:30,4.0,4.0,In corso,Completata,Scarico completato,,0.0,,,125.6,1250.0,2.0,,,,,,,,,,,
20261006184415-3,20261006-2-Comber,2026-10-06,2,Comber,Produzione,,Prosecuzione lotto,M26/0151,MDRRSMOL08000,ROSMARINO,20:30,22:00,1.5,5.0,In corso,Completata,Scarico completato,,0.0,,,125.6,1250.0,2.0,,,,,,,,,,,
20261006184533-1,20261006-2-EV200,2026-10-06,2,EV200,Produzione,,Prosecuzione lotto,M26/0151,MDRRSMOL08000,ROSMARINO,14:00,18:30,4.5,,,,,,0.0,,,,,,,,,,,,,,M26/0151,,
20261006184533-2,20261006-2-EV200,2026-10-06,2,EV200,Attesa prodotto,CAU-FDE4D75F56,,,,,18:30,20:30,2.0,,,,,,,,,,,,,,,,,,,,,,
20261006184533-3,20261006-2-EV200,2026-10-06,2,EV200,Produzione,,Prosecuzione lotto,M26/0151,MDRRSMOL08000,ROSMARINO,20:30,22:00,1.5,,,,,,0.0,,,,,,,,,,,,,,M26/0151,,
20261007012230-1,20261006-3-Mescole,2026-10-06,3,Mescole,Produzione,,Chiusura lotto,E26/2555,SSDFNCOC05R0400N,Finocchio seme(frutto) estratto secco D/E 4:1,22:00,23:00,1.0,,Completato,,Mescola completata,1.0,,100.0,1.0,,,,,,,,,,,,,,
20261007012230-2,20261006-3-Mescole,2026-10-06,3,Mescole,Pulizia,CAU-B3C02737FF,,,,,23:00,23:30,0.5,,,,,,,,,,,,,,,,,,,,,,
20261007012230-3,20261006-3-Mescole,2026-10-06,3,Mescole,Produzione,,Chiusura lotto,S26/0213,VGLCRCPC05R0400A,Papaya fermentata frutto plv granulata 4:1,23:30,03:00,3.5,,Completato,,Mescola completata,1.0,,520.0,3.5,,,,,,,,,,,,,,
20261007012230-4,20261006-3-Mescole,2026-10-06,3,Mescole,Lavaggio,CAU-3935DB7D7E,,,,,03:00,04:00,1.0,,,,,,,,,,,,,,,,,,,,,,
20261007012230-5,20261006-3-Mescole,2026-10-06,3,Mescole,Attesa prodotto,CAU-FDE4D75F56,,,,,04:00,06:00,2.0,,,,,,,,,,,,,,,,,,,,,,
20261007023240-1,20261007-3-Spray_Dryer,2026-10-07,3,Spray Dryer,Produzione,,Prosecuzione lotto,S26/0214T,WSDMLSOF0804000A,"Semilavorato Melissa foglia e.s.>= 4,0%   ac. rosmarinico (HPLC) da Filiera Certificata ISO 22005",22:00,06:00,8.0,,,,,,0.0,,,,,,,,,,,,,,,,
20261007030441-1,20261006-3-Comber,2026-10-06,3,Comber,Produzione,,Prosecuzione lotto,M26/0151,MDRRSMOL08000,ROSMARINO,22:00,22:30,0.5,5.0,In corso,Completata,Scarico completato,,0.0,,,125.0,1050.0,1.4,,,,,,,,,,,
20261007030441-2,20261006-3-Comber,2026-10-06,3,Comber,Produzione,,Prosecuzione lotto,M26/0151,MDRRSMOL08000,ROSMARINO,22:30,00:30,2.0,5.0,In corso,Completata,Scarico completato,,0.0,,,1.0,200.0,0.4,,,,,,,,,,,
20261007030441-3,20261006-3-Comber,2026-10-06,3,Comber,Produzione,,Prosecuzione lotto,M26/0151,MDRRSMOL08000,ROSMARINO,00:30,02:30,2.0,6.0,In corso,Completata,Scarico completato,,0.0,,,125.0,1050.0,1.3,,,,,,,,,,,
20261007030441-4,20261006-3-Comber,2026-10-06,3,Comber,Produzione,,Prosecuzione lotto,M26/0151,MDRRSMOL08000,ROSMARINO,02:30,04:30,2.0,6.0,In corso,Completata,Scarico completato,,0.0,,,1.0,200.0,0.5,,,,,,,,,,,
20261007030441-5,20261006-3-Comber,2026-10-06,3,Comber,Produzione,,Prosecuzione lotto,M26/0151,MDRRSMOL08000,ROSMARINO,04:30,06:00,1.5,7.0,In corso,In corso,Lavorazione in corso,,0.0,,,125.0,0.0,0.0,,,,,,,,,,,
20261007030659-1,20261006-3-EV200,2026-10-06,3,EV200,Produzione,,Prosecuzione lotto,M26/0151,MDRRSMOL08000,ROSMARINO,22:00,03:45,5.75,,,,,,0.0,,,,,,,,,,,,,,M26/0151,,
20261007030659-2,20261006-3-EV200,2026-10-06,3,EV200,Attesa prodotto,CAU-FDE4D75F56,,,,,03:45,05:00,1.25,,,,,,,,,,,,,,,,,,,,,,
20261007030659-3,20261006-3-EV200,2026-10-06,3,EV200,Produzione,,Prosecuzione lotto,M26/0151,MDRRSMOL08000,ROSMARINO,05:00,06:00,1.0,,,,,,0.0,,,,,,,,,,,,,,M26/0151,,
20261007110002-1,20261007-1-Mescole,2026-10-07,1,Mescole,Produzione,,Apertura lotto,e26/2560,VGLCRCPC05R0400A,Papaya fermentata frutto plv granulata 4:1,06:00,10:30,4.5,,In corso,,Lavorazione in corso,1.0,,0.0,4.5,,,,,,,,,,,,,,
20261007110002-2,20261007-1-Mescole,2026-10-07,1,Mescole,Produzione,,Apertura lotto,e25/2559,TSDCRCPC0500000A,Papaia frutto granulare fermentata,10:30,11:15,0.75,,In corso,,Lavorazione in corso,1.0,,0.0,0.75,,,,,,,,,,,,,,
20261007110002-3,20261007-1-Mescole,2026-10-07,1,Mescole,Attesa prodotto,CAU-FDE4D75F56,,,,,11:15,14:00,2.75,,,,,,,,,,,,,,,,,,,,,,
20261007110446-1,20261007-1-Comber,2026-10-07,1,Comber,Produzione,,Prosecuzione lotto,M26/0151,MDRRSMOL08000,ROSMARINO,06:00,08:30,2.5,7.0,In corso,Completata,Scarico completato,,0.0,,,125.0,1250.0,1.0,,,,,,,,,,,
20261007110446-2,20261007-1-Comber,2026-10-07,1,Comber,Produzione,,Prosecuzione lotto,M26/0151,MDRRSMOL08000,ROSMARINO,08:30,12:30,4.0,8.0,In corso,Completata,Scarico completato,,0.0,,,125.0,1250.0,1.0,,,,,,,,,,,
20261007110446-3,20261007-1-Comber,2026-10-07,1,Comber,Attesa prodotto,CAU-FDE4D75F56,,,,,12:30,14:00,1.5,,,,,,,,,,,,,,,,,,,,,,
20261007113856-1,20261007-1-Spray_Dryer,2026-10-07,1,Spray Dryer,Produzione,,Apertura lotto,S26/0215,WSDEQSAC07R0300A,Semilavorato Equiseto erba e.s.,06:00,14:00,8.0,,,,,,,,,,,,,,,,700.0,18.0,0.0,,,,
20261007113901-1,20261007-1-Spray_Dryer,2026-10-07,1,Spray Dryer,Produzione,,Apertura lotto,S26/0215,WSDEQSAC07R0300A,Semilavorato Equiseto erba e.s.,06:00,14:00,8.0,,,,,,,,,,,,,,,,700.0,18.0,0.0,,,,
20261007184642-1,20261007-2-Spray_Dryer,2026-10-07,2,Spray Dryer,Produzione,,Chiusura lotto,S26/0215,WSDEQSAC07R0300A,Semilavorato Equiseto erba e.s.,14:00,15:00,1.0,,,,,,0.0,,,,,,,,,,,,,360.0,,,
20261007184642-2,20261007-2-Spray_Dryer,2026-10-07,2,Spray Dryer,Lavaggio,CAU-3935DB7D7E,,,,,15:00,16:00,1.0,,,,,,,,,,,,,,,,,,,,,,
20261007184642-3,20261007-2-Spray_Dryer,2026-10-07,2,Spray Dryer,Produzione,,Apertura lotto,S26/0216,WSDTHYVC08R0200A,Semilavorato Timo pianta (parte aerea)   estratto seccoD/E 2:1,16:00,20:45,4.75,,,,,,,,,,,,,,,,242.0,24.0,35.0,,,,
20261007184642-4,20261007-2-Spray_Dryer,2026-10-07,2,Spray Dryer,Produzione,,Chiusura lotto,S26/0216,WSDTHYVC08R0200A,Semilavorato Timo pianta (parte aerea)   estratto seccoD/E 2:1,20:45,21:00,0.25,,,,,,0.0,,,,,,,,,,,,,63.5,,,
20261007184642-5,20261007-2-Spray_Dryer,2026-10-07,2,Spray Dryer,Lavaggio,CAU-3935DB7D7E,,,,,21:00,22:00,1.0,,,,,,,,,,,,,,,,,,,,,,
20261007185514-1,20261007-2-Comber,2026-10-07,2,Comber,Attesa prodotto,CAU-FDE4D75F56,,,,,14:00,15:00,1.0,,,,,,,,,,,,,,,,,,,,,,
20261007185514-2,20261007-2-Comber,2026-10-07,2,Comber,Produzione,,Apertura lotto,M26/0152,MDRTHYVC08000,TIMO VOLGARE FOGLIE,15:00,19:00,4.0,1.0,In corso,Completata,Scarico completato,,,,,125.0,850.0,2.5,,,,,,,,,,,
20261007185514-3,20261007-2-Comber,2026-10-07,2,Comber,Produzione,,Prosecuzione lotto,M26/0152,MDRTHYVC08000,TIMO VOLGARE FOGLIE,19:00,22:00,3.0,2.0,In corso,Completata,Scarico completato,,0.0,,,125.0,850.0,2.4,,,,,,,,,,,
20261007185557-1,20261007-2-EV200,2026-10-07,2,EV200,Attesa prodotto,CAU-FDE4D75F56,,,,,14:00,22:00,8.0,,,,,,,,,,,,,,,,,,,,,,
20261007234409-1,20261008-3-Spray_Dryer,2026-10-08,3,Spray Dryer,Produzione,,Apertura lotto,S26/0217,WSDMLVSC24R0400A,Semilavorato Malva fiori/foglie e.s.,22:00,06:00,8.0,,,,,,,,,,,,,,,,660.0,31.0,0.0,,,,
20261008014528-1,20261007-3-Mescole,2026-10-07,3,Mescole,Attesa prodotto,CAU-FDE4D75F56,,,,,22:00,06:00,8.0,,,,,,,,,,,,,,,,,,,,,,
20261008025950-1,20261007-3-Comber,2026-10-07,3,Comber,Produzione,,Prosecuzione lotto,M26/0152,MDRTHYVC08000,TIMO VOLGARE FOGLIE,22:00,23:00,1.0,2.0,In corso,Completata,Scarico completato,,0.0,,,125.0,850.0,2.4,,,,,,,,,,,
20261008025950-2,20261007-3-Comber,2026-10-07,3,Comber,Produzione,,Prosecuzione lotto,M26/0152,MDRTHYVC08000,TIMO VOLGARE FOGLIE,23:00,02:00,3.0,3.0,In corso,Completata,Scarico completato,,0.0,,,125.0,850.0,2.4,,,,,,,,,,,ielpo s. + gioia g.
20261008025950-3,20261007-3-Comber,2026-10-07,3,Comber,Produzione,,Prosecuzione lotto,M26/0152,MDRTHYVC08000,TIMO VOLGARE FOGLIE,02:00,05:00,3.0,4.0,In corso,Completata,Scarico completato,,0.0,,,125.0,850.0,2.5,,,,,,,,,,,
20261008025950-4,20261007-3-Comber,2026-10-07,3,Comber,Produzione,,Prosecuzione lotto,M26/0152,MDRTHYVC08000,TIMO VOLGARE FOGLIE,05:00,06:00,1.0,5.0,In corso,In corso,Lavorazione in corso,,0.0,,,125.0,0.0,0.0,,,,,,,,,,,
20261008030256-1,20261007-3-EV200,2026-10-07,3,EV200,Attesa prodotto,CAU-FDE4D75F56,,,,,22:00,23:00,1.0,,,,,,,,,,,,,,,,,,,,,,
20261008030256-2,20261007-3-EV200,2026-10-07,3,EV200,Produzione,,Apertura lotto,M26/0152,MDRTHYVC08000,TIMO VOLGARE FOGLIE,23:00,03:00,4.0,,,,,,,,,,,,,,,,,,,,M26/0152,,
20261008030256-3,20261007-3-EV200,2026-10-07,3,EV200,Produzione,,Prosecuzione lotto,M26/0152,MDRTHYVC08000,TIMO VOLGARE FOGLIE,03:00,06:00,3.0,,,,,,0.0,,,,,,,,,,,,,,M26/0152,,
20261008060003-1,20261007-1-EV200,2026-10-07,1,EV200,Produzione,,Chiusura lotto,M26/0151,MDRRSMOL08000,ROSMARINO,06:00,14:00,8.0,,,,,,0.0,,,,,,,,512.0,30.0,,,,,M26/0151,,
20261008060010-1,20261007-1-EV200,2026-10-07,1,EV200,Produzione,,Chiusura lotto,M26/0151,MDRRSMOL08000,ROSMARINO,06:00,14:00,8.0,,,,,,0.0,,,,,,,,512.0,30.0,,,,,M26/0151,,
