id,id_turno,data_turno,turno,macchina,lotto,codice_droga,codice_semilavorato,descrizione,kg_droga,kg_liquido,residuo_secco_pct,kg_puro,kg_semilavorato,pct_puro_semilavorato,kg_puro_equivalente,lotti_comber,piano_id,note
HIST-ATOM-0000030242-S26/0171,STORICO-20260724-SPRAY,2026-07-24,,Spray Dryer,S26/0171,,WSDTRXOC14R0400A,Semilavorato Tarassaco radice estratto  secco D/E 4:1,0.0,0,0,202.79999999999995,1012.8,20.02369668246445,405.12,,,STORICO_GESTIONALE_ATOM | Seriale 0000030242 | Taglio da esplosione commessa
HIST-ATOM-0000030193-S26/0169,STORICO-20260721-SPRAY,2026-07-21,,Spray Dryer,S26/0169,,WSDTRNAC08R0400A,Semilavorato Damiana foglia estratto    secco D/E 4:1,0.0,0,0,138.89999999999998,408.9,33.96918561995598,163.56,,,STORICO_GESTIONALE_ATOM | Seriale 0000030193 | Taglio da esplosione commessa
HIST-ATOM-0000030192-S26/0170,STORICO-20260721-SPRAY,2026-07-21,,Spray Dryer,S26/0170,,WSDMLSOC0805000A,"Semilavorato Melissa foglia e.s.acquoso >= 5,0% derivati idrossicinnamici tot. calc.come a",0.0,0,0,106.7,118.7,89.89048020219039,106.7,,,STORICO_GESTIONALE_ATOM | Seriale 0000030192 | Taglio da esplosione commessa
HIST-ATOM-0000030177-S26/0168,STORICO-20260720-SPRAY,2026-07-20,,Spray Dryer,S26/0168,,YSDPSSIC1003500A,Semilavorato Passiflora erba fiorita    estratto secco  >=3.5% flavonoidi totali calc.come,0.0,0,0,52.5,62.5,84.0,52.5,,,STORICO_GESTIONALE_ATOM | Seriale 0000030177 | Taglio da esplosione commessa
HIST-ATOM-0000030176-E26/1975,STORICO-20260720-SPRAY,2026-07-20,,Spray Dryer,E26/1975,,SSDEQSAC0702000A,"Equiseto erba estratto secco >= 2,0%    silice",0.0,0,0,783.87,850.0,92.22,783.87,,,STORICO_GESTIONALE_ATOM | Seriale 0000030176 | Taglio da esplosione commessa
HIST-ATOM-0000030170-S26/0164,STORICO-20260717-SPRAY,2026-07-17,,Spray Dryer,S26/0164,,WSDRHMFC0207000A,Semilavorato Frangula corteccia e.s.>=7%glucofranguline calcolate come glucofrangulina A,0.0,0,0,153.0,213.0,71.83098591549296,153.0,,,STORICO_GESTIONALE_ATOM | Seriale 0000030170 | Taglio da esplosione commessa
HIST-ATOM-0000030062-S26/0161,STORICO-20260709-SPRAY,2026-07-09,,Spray Dryer,S26/0161,,WSDTRXOC14R0400A,Semilavorato Tarassaco radice estratto  secco D/E 4:1,0.0,0,0,82.28,205.7,40.0,82.28,,,STORICO_GESTIONALE_ATOM | Seriale 0000030062 | Taglio standard 40% per assenza distinta completa
HIST-ATOM-0000030061-S26/0163,STORICO-20260709-SPRAY,2026-07-09,,Spray Dryer,S26/0163,,WSDADNCC07R0400A,Semilavorato Capelvenere erba e.s.      D/E 4:1,0.0,0,0,50.0,170.0,29.411764705882355,68.0,,,STORICO_GESTIONALE_ATOM | Seriale 0000030061 | Taglio da esplosione commessa
HIST-ATOM-0000030059-S26/0160,STORICO-20260708-SPRAY,2026-07-08,,Spray Dryer,S26/0160,,WSDURTDC08R0200A,Semilavorato Ortica foglia estratto secc,0.0,0,0,136.60000000000002,381.6,35.79664570230609,152.64000000000001,,,STORICO_GESTIONALE_ATOM | Seriale 0000030059 | Taglio da esplosione commessa
HIST-ATOM-0000030054-S26/0155,STORICO-20260707-SPRAY,2026-07-07,,Spray Dryer,S26/0155,,WSDSLVOC0800500A,Semilavorato Salvia foglie e.s.         acquoso 0.5%-1% tot. idross. come ac. rosmarinico,0.0,0,0,232.7,357.7,65.0545149566676,232.7,,,STORICO_GESTIONALE_ATOM | Seriale 0000030054 | Taglio da esplosione commessa
HIST-ATOM-0000030053-S26/0158,STORICO-20260707-SPRAY,2026-07-07,,Spray Dryer,S26/0158,,WSDLVNAC34R0400A,Semilavorato Lavanda fiore e.s. acquoso  D/E 4:1,0.0,0,0,85.0,255.0,33.33333333333333,102.0,,,STORICO_GESTIONALE_ATOM | Seriale 0000030053 | Taglio da esplosione commessa
HIST-ATOM-0000030052-S26/0159,STORICO-20260707-SPRAY,2026-07-07,,Spray Dryer,S26/0159,,WSDMLLOC2202000A,Semilavorato Meliloto erba fiorita e.s.,0.0,0,0,74.19999999999999,204.2,36.33692458374143,81.68,,,STORICO_GESTIONALE_ATOM | Seriale 0000030052 | Taglio da esplosione commessa
HIST-ATOM-0000030051-S26/0157,STORICO-20260707-SPRAY,2026-07-07,,Spray Dryer,S26/0157,,WSDMLSOJ0804000A,"Semilavorato Melissa foglia e. s. bio   >= 4,0% acido rosmarinico (HPLC)",0.0,0,0,25.760000000000005,64.4,40.0,25.760000000000005,,,STORICO_GESTIONALE_ATOM | Seriale 0000030051 | Taglio standard 40% per assenza distinta completa
HIST-ATOM-0000030003-S26/0154,STORICO-20260701-SPRAY,2026-07-01,,Spray Dryer,S26/0154,,WSDMLSOJ0804000A,"Semilavorato Melissa foglia e. s. bio   >= 4,0% acido rosmarinico (HPLC)",0.0,0,0,60.400000000000006,70.4,85.79545454545455,60.400000000000006,,,STORICO_GESTIONALE_ATOM | Seriale 0000030003 | Taglio da esplosione commessa
HIST-ATOM-0000030002-S26/0153,STORICO-20260630-SPRAY,2026-06-30,,Spray Dryer,S26/0153,,WSDVRBOC07R0200A,Semilavorato Verbena parti aeree es,0.0,0,0,102.4,256.0,40.0,102.4,,,STORICO_GESTIONALE_ATOM | Seriale 0000030002 | Taglio standard 40% per assenza distinta completa
HIST-ATOM-0000029997-S26/0152,STORICO-20260630-SPRAY,2026-06-30,,Spray Dryer,S26/0152,,WSDCCRMC17R0400A,Semilavorato Zucca seme e.s.             4:1 (indicativo),0.0,0,0,17.5,47.5,36.84210526315789,19.0,,,STORICO_GESTIONALE_ATOM | Seriale 0000029997 | Taglio da esplosione commessa
HIST-ATOM-0000029991-S26/0150,STORICO-20260629-SPRAY,2026-06-29,,Spray Dryer,S26/0150,,WSDVTXAC05R0300A,Semilavorato Agnocasto frutto e.s.,0.0,0,0,72.0,192.0,37.5,76.80000000000001,,,STORICO_GESTIONALE_ATOM | Seriale 0000029991 | Taglio da esplosione commessa
HIST-ATOM-0000029953-S26/0149,STORICO-20260626-SPRAY,2026-06-26,,Spray Dryer,S26/0149,,WSDADNCC07R0400A,Semilavorato Capelvenere erba e.s.      D/E 4:1,0.0,0,0,28.680000000000003,71.7,40.0,28.680000000000003,,,STORICO_GESTIONALE_ATOM | Seriale 0000029953 | Taglio standard 40% per assenza distinta completa
HIST-ATOM-0000029952-S26/0145,STORICO-20260626-SPRAY,2026-06-26,,Spray Dryer,S26/0145,,WSDMLVSC24R0400A,Semilavorato Malva fiori/foglie e.s.,0.0,0,0,95.68,239.2,40.0,95.68,,,STORICO_GESTIONALE_ATOM | Seriale 0000029952 | Taglio standard 40% per assenza distinta completa
HIST-ATOM-0000029949-S26/0148,STORICO-20260625-SPRAY,2026-06-25,,Spray Dryer,S26/0148,,WSDMLSOC0805000A,"Semilavorato Melissa foglia e.s.acquoso >= 5,0% derivati idrossicinnamici tot. calc.come a",0.0,0,0,161.8,181.8,88.998899889989,161.8,,,STORICO_GESTIONALE_ATOM | Seriale 0000029949 | Taglio da esplosione commessa
HIST-ATOM-0000029941-S26/0146,STORICO-20260624-SPRAY,2026-06-24,,Spray Dryer,S26/0146,,WSDCNNZC02R0200A,Semilavorato Cannella corteccia e.s.     D/E 2:1,0.0,0,0,23.19999999999999,143.2,16.20111731843575,57.28,,,STORICO_GESTIONALE_ATOM | Seriale 0000029941 | Taglio da esplosione commessa
HIST-ATOM-0000029938-S26/0144,STORICO-20260624-SPRAY,2026-06-24,,Spray Dryer,S26/0144,,WSDALTOC14R0400A,Semilavorato Altea radice estratto seccoD/E 4:1,0.0,0,0,43.5,153.5,28.338762214983714,61.400000000000006,,,STORICO_GESTIONALE_ATOM | Seriale 0000029938 | Taglio da esplosione commessa
HIST-ATOM-0000029932-S26/0143,STORICO-20260623-SPRAY,2026-06-23,,Spray Dryer,S26/0143,,WSDFNCOC17R0200A,Semilavorato Finocchio dolce seme e.s.,0.0,0,0,67.69999999999999,167.7,40.369707811568276,67.69999999999999,,,STORICO_GESTIONALE_ATOM | Seriale 0000029932 | Taglio da esplosione commessa
HIST-ATOM-0000029930-S26/0142,STORICO-20260623-SPRAY,2026-06-23,,Spray Dryer,S26/0142,,WSDTHYVC08R0200A,Semilavorato Timo pianta (parte aerea)  estratto seccoD/E 2:1,0.0,0,0,157.0,357.0,43.977591036414566,157.0,,,STORICO_GESTIONALE_ATOM | Seriale 0000029930 | Taglio da esplosione commessa
HIST-ATOM-0000029928-S26/0136,STORICO-20260623-SPRAY,2026-06-23,,Spray Dryer,S26/0136,,WSDGNTNC14R0400A,Semilavorato Genziana radice e.s.       D/E 4:1,0.0,0,0,135.0,325.0,41.53846153846154,135.0,,,STORICO_GESTIONALE_ATOM | Seriale 0000029928 | Taglio da esplosione commessa
HIST-ATOM-0000029857-S26/0139,STORICO-20260619-SPRAY,2026-06-19,,Spray Dryer,S26/0139,,WSDFNCOC17R0200A,Semilavorato Finocchio dolce seme e.s.,0.0,0,0,82.0,157.0,52.22929936305732,82.0,,,STORICO_GESTIONALE_ATOM | Seriale 0000029857 | Taglio da esplosione commessa
HIST-ATOM-0000029855-S26/0140,STORICO-20260618-SPRAY,2026-06-18,,Spray Dryer,S26/0140,,WSDGRFSC1725000A,Semilavorato Griffonia seme e.s. >=25%  5-HTP,0.0,0,0,0.12,0.3,40.0,0.12,,,STORICO_GESTIONALE_ATOM | Seriale 0000029855 | Taglio standard 40% per assenza distinta completa
HIST-ATOM-0000029854-S26/0134,STORICO-20260618-SPRAY,2026-06-18,,Spray Dryer,S26/0134,,WSDTRXOC08R0200A,Semilavorato Tarassaco foglia estratto  secco,0.0,0,0,110.80000000000001,265.8,41.685477802859296,110.80000000000001,,,STORICO_GESTIONALE_ATOM | Seriale 0000029854 | Taglio da esplosione commessa
HIST-ATOM-0000029840-S26/0135,STORICO-20260617-SPRAY,2026-06-17,,Spray Dryer,S26/0135,,WSDTHYVC08R0200A,Semilavorato Timo pianta (parte aerea)  estratto seccoD/E 2:1,0.0,0,0,16.0,56.0,28.57142857142857,22.400000000000002,,,STORICO_GESTIONALE_ATOM | Seriale 0000029840 | Taglio da esplosione commessa
HIST-ATOM-0000029835-S26/0132,STORICO-20260617-SPRAY,2026-06-17,,Spray Dryer,S26/0132,,WSDVRBTC04R0300A,Semilavorato Verbasco fiore estr.secco,0.0,0,0,114.39999999999998,294.4,38.85869565217391,117.75999999999999,,,STORICO_GESTIONALE_ATOM | Seriale 0000029835 | Taglio da esplosione commessa
HIST-ATOM-0000029832-S26/0133,STORICO-20260616-SPRAY,2026-06-16,,Spray Dryer,S26/0133,,WSDDSMAC08R0400A,Semilavorato Desmodio foglia e.s.       solubile D/E 4:1,0.0,0,0,99.44,248.6,40.0,99.44,,,STORICO_GESTIONALE_ATOM | Seriale 0000029832 | Taglio standard 40% per assenza distinta completa
HIST-ATOM-0000029818-S26/0131,STORICO-20260615-SPRAY,2026-06-15,,Spray Dryer,S26/0131,,WSDMLSOC0805000A,"Semilavorato Melissa foglia e.s.acquoso >= 5,0% derivati idrossicinnamici tot. calc.come a",0.0,0,0,244.0,279.0,87.45519713261649,244.0,,,STORICO_GESTIONALE_ATOM | Seriale 0000029818 | Taglio da esplosione commessa
HIST-ATOM-0000029813-S26/0129,STORICO-20260612-SPRAY,2026-06-12,,Spray Dryer,S26/0129,,YSDGRNRC2200200A,"Semilavorato Grindelia erba fiorita estrsecco >= 0,25% flavonoidi tot. calc. come iperosid",0.0,0,0,201.5,531.5,37.91157102539981,212.60000000000002,,,STORICO_GESTIONALE_ATOM | Seriale 0000029813 | Taglio da esplosione commessa
HIST-ATOM-0000029811-S26/0130,STORICO-20260612-SPRAY,2026-06-12,,Spray Dryer,S26/0130,,WSDCNNZC02R0200A,Semilavorato Cannella corteccia e.s.     D/E 2:1,0.0,0,0,13.5,98.5,13.705583756345177,39.400000000000006,,,STORICO_GESTIONALE_ATOM | Seriale 0000029811 | Taglio da esplosione commessa
HIST-ATOM-0000029767-S26/0128,STORICO-20260611-SPRAY,2026-06-11,,Spray Dryer,S26/0128,,WSDERCSC07R0400A,Semilavorato Rucola erba e.s. D/E 4:1,0.0,0,0,54.69999999999999,154.7,35.35875888817065,61.879999999999995,,,STORICO_GESTIONALE_ATOM | Seriale 0000029767 | Taglio da esplosione commessa
HIST-ATOM-0000029758-S26/0125,STORICO-20260610-SPRAY,2026-06-10,,Spray Dryer,S26/0125,,WSDHRCPC0700000A,Semilavorato Pilosella Erba e.s.,0.0,0,0,70.69999999999999,190.7,37.07393812270582,76.28,,,STORICO_GESTIONALE_ATOM | Seriale 0000029758 | Taglio da esplosione commessa
HIST-ATOM-0000029755-S26/0124,STORICO-20260610-SPRAY,2026-06-10,,Spray Dryer,S26/0124,,YSDORTSC2200200A,"Semilavorato Ortosifon erba con fiori   estratto secco >=0,2% flavonoidi totali come sinen",0.0,0,0,33.7,93.7,35.965848452508006,37.480000000000004,,,STORICO_GESTIONALE_ATOM | Seriale 0000029755 | Taglio da esplosione commessa
HIST-ATOM-0000029753-S26/0126,STORICO-20260609-SPRAY,2026-06-09,,Spray Dryer,S26/0126,,YSDMNTPC08R0400A,Semilavorato Menta foglie estratto secco D/E 4:1,0.0,0,0,125.30000000000001,295.3,42.43142566881138,125.30000000000001,,,STORICO_GESTIONALE_ATOM | Seriale 0000029753 | Taglio da esplosione commessa
HIST-ATOM-0000029746-S26/0121,STORICO-20260608-SPRAY,2026-06-08,,Spray Dryer,S26/0121,,WSDPNCMC17R0200A,Semilavorato Miglio semi e.s.,0.0,0,0,27.0,247.0,10.931174089068826,98.80000000000001,,,STORICO_GESTIONALE_ATOM | Seriale 0000029746 | Taglio da esplosione commessa
HIST-ATOM-0000029660-S26/0123,STORICO-20260605-SPRAY,2026-06-05,,Spray Dryer,S26/0123,,YSDSUMC0800000A,Semilavorato Rhus coriaria L. fg e.s.   SUMAC,0.0,0,0,133.9,149.9,89.32621747831888,133.9,,,STORICO_GESTIONALE_ATOM | Seriale 0000029660 | Taglio da esplosione commessa
HIST-ATOM-0000029657-S26/0119,STORICO-20260604-SPRAY,2026-06-04,,Spray Dryer,S26/0119,,WSDDSMAC08R0400A,Semilavorato Desmodio foglia e.s.       solubile D/E 4:1,0.0,0,0,19.840000000000003,49.6,40.00000000000001,19.840000000000003,,,STORICO_GESTIONALE_ATOM | Seriale 0000029657 | Taglio standard 40% per assenza distinta completa
HIST-ATOM-0000029650-S26/0120,STORICO-20260604-SPRAY,2026-06-04,,Spray Dryer,S26/0120,,WSDDSMAC08R0400A,Semilavorato Desmodio foglia e.s.       solubile D/E 4:1,0.0,0,0,109.92000000000002,274.8,40.0,109.92000000000002,,,STORICO_GESTIONALE_ATOM | Seriale 0000029650 | Taglio standard 40% per assenza distinta completa
HIST-ATOM-0000029647-S26/0117,STORICO-20260603-SPRAY,2026-06-03,,Spray Dryer,S26/0117,,WSDPNCMC17R0200A,Semilavorato Miglio semi e.s.,0.0,0,0,83.5,353.5,23.62093352192362,141.4,,,STORICO_GESTIONALE_ATOM | Seriale 0000029647 | Taglio da esplosione commessa
HIST-ATOM-0000029645-S26/0118,STORICO-20260529-SPRAY,2026-05-29,,Spray Dryer,S26/0118,,WSDSLVOC0800500A,Semilavorato Salvia foglie e.s.         acquoso 0.5%-1% tot. idross. come ac. rosmarinico,0.0,0,0,7.5,32.5,23.076923076923077,13.0,,,STORICO_GESTIONALE_ATOM | Seriale 0000029645 | Taglio da esplosione commessa
HIST-ATOM-0000029644-S26/0115,STORICO-20260528-SPRAY,2026-05-28,,Spray Dryer,S26/0115,,WSDASPOC14R0500A,Semilavorato Asparago radice e.s.,0.0,0,0,23.299999999999997,93.3,24.973204715969988,37.32,,,STORICO_GESTIONALE_ATOM | Seriale 0000029644 | Taglio da esplosione commessa
HIST-ATOM-0000029634-S26/0113,STORICO-20260528-SPRAY,2026-05-28,,Spray Dryer,S26/0113,,WSDECHUC14R0400A,Semilavorato Echinacea purpurea radice  e.s. D/E 4:1,0.0,0,0,277.08000000000004,692.7,40.0,277.08000000000004,,,STORICO_GESTIONALE_ATOM | Seriale 0000029634 | Taglio standard 40% per assenza distinta completa
HIST-ATOM-0000029608-S26/0114,STORICO-20260526-SPRAY,2026-05-26,,Spray Dryer,S26/0114,,WSDTNCPF08R0400A,Semilavorato Tanaceto Partenio erba fiore.s. D/E 4:1 da Filiera Certificata ISO 22005,0.0,0,0,63.0,183.0,34.42622950819672,73.2,,,STORICO_GESTIONALE_ATOM | Seriale 0000029608 | Taglio da esplosione commessa
HIST-ATOM-0000029603-S26/0112,STORICO-20260525-SPRAY,2026-05-25,,Spray Dryer,S26/0112,,WSDAVNSC17R0200A,Semilavorato Avena seme estratto secco  D/E 2:1,0.0,0,0,71.0,191.0,37.17277486910995,76.4,,,STORICO_GESTIONALE_ATOM | Seriale 0000029603 | Taglio da esplosione commessa
HIST-ATOM-0000029602-S26/0109,STORICO-20260525-SPRAY,2026-05-25,,Spray Dryer,S26/0109,,WSDILXPB0803000A,"Semilavorato Matè foglia Bio e. secco    >=3,0% caffeina PRODUCT FROM BIOLOGICAL AGRICOLTU",0.0,0,0,96.5,142.5,67.71929824561404,96.5,,,STORICO_GESTIONALE_ATOM | Seriale 0000029602 | Taglio da esplosione commessa
HIST-ATOM-0000029601-S26/0108,STORICO-20260525-SPRAY,2026-05-25,,Spray Dryer,S26/0108,,WSDDSMAC08R0400A,Semilavorato Desmodio foglia e.s.       solubile D/E 4:1,0.0,0,0,34.69999999999999,169.7,20.44784914555097,67.88,,,STORICO_GESTIONALE_ATOM | Seriale 0000029601 | Taglio da esplosione commessa
HIST-ATOM-0000029600-S26/0111,STORICO-20260525-SPRAY,2026-05-25,,Spray Dryer,S26/0111,,WSDMLVSC24R0400A,Semilavorato Malva fiori/foglie e.s.,0.0,0,0,128.0,274.0,46.715328467153284,128.0,,,STORICO_GESTIONALE_ATOM | Seriale 0000029600 | Taglio da esplosione commessa
HIST-ATOM-0000029538-S26/0107,STORICO-20260520-SPRAY,2026-05-20,,Spray Dryer,S26/0107,,WSDGLYGC14R0400A,Semilavorato Liquirizia radice e.s.     D/E 4:1,0.0,0,0,70.0,230.0,30.434782608695656,92.0,,,STORICO_GESTIONALE_ATOM | Seriale 0000029538 | Taglio da esplosione commessa
HIST-ATOM-0000029531-S26/0105,STORICO-20260519-SPRAY,2026-05-19,,Spray Dryer,S26/0105,,WSDPMSBC0802100A,Semilavorato Boldo foglia e.s.>= 0.02%  alcaloidi totali espressi come  boldina,0.0,0,0,136.0,406.0,33.497536945812804,162.4,,,STORICO_GESTIONALE_ATOM | Seriale 0000029531 | Taglio da esplosione commessa
HIST-ATOM-0000029489-S26/0104,STORICO-20260515-SPRAY,2026-05-15,,Spray Dryer,S26/0104,,WSDESCCC0702000A,"Semilavorato Escolzia erba e.s.          >=2,0% flavonoidi tot. calc.come rutina",0.0,0,0,171.5,396.5,43.253467843631775,171.5,,,STORICO_GESTIONALE_ATOM | Seriale 0000029489 | Taglio da esplosione commessa
HIST-ATOM-0000029485-S26/0102,STORICO-20260514-SPRAY,2026-05-14,,Spray Dryer,S26/0102,,WSDCLNTC17R0200A,Semilavorato Cola noci seme e.s. solubilD/E 2:1 2 % caffeina,0.0,0,0,126.72300000000001,367.5,34.48244897959184,147.0,,,STORICO_GESTIONALE_ATOM | Seriale 0000029485 | Taglio da esplosione commessa
HIST-ATOM-0000029482-S26/0101,STORICO-20260513-SPRAY,2026-05-13,,Spray Dryer,S26/0101,,WSDPSSIC07R0400A,Semilavorato Passiflora erba fiorita e.sD/E 4:1,0.0,0,0,92.155,328.0,28.09603658536585,131.20000000000002,,,STORICO_GESTIONALE_ATOM | Seriale 0000029482 | Taglio da esplosione commessa
HIST-ATOM-0000029464-S26/0100,STORICO-20260511-SPRAY,2026-05-11,,Spray Dryer,S26/0100,,YSDVLROC1400400A,"Semilavorato Valeriana radice           est.secco >=0,42% acidi sesquiterpenici tot. calc.",0.0,0,0,123.0,213.0,57.74647887323944,123.0,,,STORICO_GESTIONALE_ATOM | Seriale 0000029464 | Taglio da esplosione commessa
HIST-ATOM-0000029462-S26/0099,STORICO-20260511-SPRAY,2026-05-11,,Spray Dryer,S26/0099,,WSDPPVRC38R0200A,Semilavorato Papavero Rosso fiore e.s.  D/E 2:1,0.0,0,0,44.400000000000006,94.4,47.03389830508475,44.400000000000006,,,STORICO_GESTIONALE_ATOM | Seriale 0000029462 | Taglio da esplosione commessa
HIST-ATOM-0000029439-S26/0098,STORICO-20260508-SPRAY,2026-05-08,,Spray Dryer,S26/0098,,WSDSLDVC22R0400A,Semilavorato Verga d' oro parti aeree    (erba fiorita) estratto secco D/E 4:1,0.0,0,0,92.5,392.5,23.56687898089172,157.0,,,STORICO_GESTIONALE_ATOM | Seriale 0000029439 | Taglio da esplosione commessa
HIST-ATOM-0000029425-S26/0097,STORICO-20260507-SPRAY,2026-05-07,,Spray Dryer,S26/0097,,WSDFNCOC17R0200A,Semilavorato Finocchio dolce seme e.s.,0.0,0,0,84.5,254.5,33.20235756385069,101.80000000000001,,,STORICO_GESTIONALE_ATOM | Seriale 0000029425 | Taglio da esplosione commessa
HIST-ATOM-0000029421-S26/0096,STORICO-20260506-SPRAY,2026-05-06,,Spray Dryer,S26/0096,,WSDMLVSC24R0400A,Semilavorato Malva fiori/foglie e.s.,0.0,0,0,72.0,180.0,40.0,72.0,,,STORICO_GESTIONALE_ATOM | Seriale 0000029421 | Taglio standard 40% per assenza distinta completa
HIST-ATOM-0000029419-S26/0095,STORICO-20260506-SPRAY,2026-05-06,,Spray Dryer,S26/0095,,WSDEQSAC0707000N,"Semilavorato Equiseto erba e.s.         >=7,0% silice",0.0,0,0,162.0,372.0,43.54838709677419,162.0,,,STORICO_GESTIONALE_ATOM | Seriale 0000029419 | Taglio da esplosione commessa
HIST-ATOM-0000029403-S26/0086,STORICO-20260504-SPRAY,2026-05-04,,Spray Dryer,S26/0086,,WSDFLPUC07R0400A,Semilavorato Spirea erba (sommita') e.s.D/E 4:1,0.0,0,0,147.0,377.0,38.9920424403183,150.8,,,STORICO_GESTIONALE_ATOM | Seriale 0000029403 | Taglio da esplosione commessa
HIST-ATOM-0000029284-E26/1325,STORICO-20260430-SPRAY,2026-04-30,,Spray Dryer,E26/1325,,VGLHONYC3200000A,Miele polvere 40-50,0.0,0,0,182.3,200.0,91.15,182.3,,,STORICO_GESTIONALE_ATOM | Seriale 0000029284 | Taglio da esplosione commessa
HIST-ATOM-0000029274-S26/0091,STORICO-20260429-SPRAY,2026-04-29,,Spray Dryer,S26/0091,,WSDRSCNC05R0400A,Semilavorato Rosa canina frutto e.s. D/E4:1,0.0,0,0,125.30000000000001,445.3,28.138333707612844,178.12,,,STORICO_GESTIONALE_ATOM | Seriale 0000029274 | Taglio da esplosione commessa
HIST-ATOM-0000029273-S26/0094,STORICO-20260429-SPRAY,2026-04-29,,Spray Dryer,S26/0094,,WSDEQSAC0707000N,"Semilavorato Equiseto erba e.s.         >=7,0% silice",0.0,0,0,49.5,104.5,47.368421052631575,49.5,,,STORICO_GESTIONALE_ATOM | Seriale 0000029273 | Taglio da esplosione commessa
HIST-ATOM-0000029260-S26/0087,STORICO-20260427-SPRAY,2026-04-27,,Spray Dryer,S26/0087,,YSDPLLCC1722000N,Semilavorato Guarana' seme,0.0,0,0,213.39999999999998,573.4,37.21660272061388,229.36,,,STORICO_GESTIONALE_ATOM | Seriale 0000029260 | Taglio da esplosione commessa
HIST-ATOM-0000029258-S26/0090,STORICO-20260427-SPRAY,2026-04-27,,Spray Dryer,S26/0090,,WSDMLVSC24R0400A,Semilavorato Malva fiori/foglie e.s.,0.0,0,0,10.96,27.4,40.00000000000001,10.96,,,STORICO_GESTIONALE_ATOM | Seriale 0000029258 | Taglio standard 40% per assenza distinta completa
HIST-ATOM-0000029234-S26/0085,STORICO-20260423-SPRAY,2026-04-23,,Spray Dryer,S26/0085,,WSDARCLC14R0400A,Semilavorato Bardana radice estratto secD/E 4:1,0.0,0,0,110.80000000000001,510.8,21.69146436961629,204.32000000000002,,,STORICO_GESTIONALE_ATOM | Seriale 0000029234 | Taglio da esplosione commessa
HIST-ATOM-0000029206-S26/0084,STORICO-20260420-SPRAY,2026-04-20,,Spray Dryer,S26/0084,,WSDRSMOC08R0400A,Semilavorato Rosmarino foglia e.s.      D/E 4:1,0.0,0,0,59.0,89.0,66.29213483146067,59.0,,,STORICO_GESTIONALE_ATOM | Seriale 0000029206 | Taglio da esplosione commessa
HIST-ATOM-0000029201-S26/0080,STORICO-20260420-SPRAY,2026-04-20,,Spray Dryer,S26/0080,,WSDSSYOC34R0400A,Semilavorato Erisimo sommita' fiorita   estratto secco  D/E 4:1,0.0,0,0,122.25999999999999,305.65,40.0,122.25999999999999,,,STORICO_GESTIONALE_ATOM | Seriale 0000029201 | Taglio standard 40% per assenza distinta completa
HIST-ATOM-0000029194-S26/0082,STORICO-20260417-SPRAY,2026-04-17,,Spray Dryer,S26/0082,,WSDPPVRC04R0400A,Semilavorato Papavero fiore e.s.        Polvere micronizzato,0.0,0,0,62.30000000000001,132.3,47.089947089947096,62.30000000000001,,,STORICO_GESTIONALE_ATOM | Seriale 0000029194 | Taglio da esplosione commessa
HIST-ATOM-0000029192-S26/0081,STORICO-20260416-SPRAY,2026-04-16,,Spray Dryer,S26/0081,,WSDGLYGC14R0400A,Semilavorato Liquirizia radice e.s.     D/E 4:1,0.0,0,0,78.5,193.5,40.56847545219638,78.5,,,STORICO_GESTIONALE_ATOM | Seriale 0000029192 | Taglio da esplosione commessa
HIST-ATOM-0000029162-S26/0078,STORICO-20260416-SPRAY,2026-04-16,,Spray Dryer,S26/0078,,WSDMLLOC2202000A,Semilavorato Meliloto erba fiorita e.s.,0.0,0,0,40.0,130.0,30.76923076923077,52.0,,,STORICO_GESTIONALE_ATOM | Seriale 0000029162 | Taglio da esplosione commessa
HIST-ATOM-0000029155-S26/0079,STORICO-20260415-SPRAY,2026-04-15,,Spray Dryer,S26/0079,,WSDMLVSC24R0400A,Semilavorato Malva fiori/foglie e.s.,0.0,0,0,230.16,575.4,40.0,230.16,,,STORICO_GESTIONALE_ATOM | Seriale 0000029155 | Taglio standard 40% per assenza distinta completa
HIST-ATOM-0000029147-S26/0077,STORICO-20260414-SPRAY,2026-04-14,,Spray Dryer,S26/0077,,WSDCRMCC05R0400A,Semilavorato Carvi frutti e.s. D/E 4:1,0.0,0,0,59.599999999999994,149.6,39.839572192513366,59.84,,,STORICO_GESTIONALE_ATOM | Seriale 0000029147 | Taglio da esplosione commessa
HIST-ATOM-0000029133-S26/0076,STORICO-20260413-SPRAY,2026-04-13,,Spray Dryer,S26/0076,,WSDHRPPC1400500A,Semilavorato Artiglio del diavolo radicee.s. >= 2.5% arpagodside,0.0,0,0,460.0,630.0,73.01587301587301,460.0,,,STORICO_GESTIONALE_ATOM | Seriale 0000029133 | Taglio da esplosione commessa
HIST-ATOM-0000029130-S26/0075,STORICO-20260410-SPRAY,2026-04-10,,Spray Dryer,S26/0075,,WSDTRXOC14R0400A,Semilavorato Tarassaco radice estratto  secco D/E 4:1,0.0,0,0,57.0,142.5,40.0,57.0,,,STORICO_GESTIONALE_ATOM | Seriale 0000029130 | Taglio standard 40% per assenza distinta completa
HIST-ATOM-0000029088-S26/0074,STORICO-20260409-SPRAY,2026-04-09,,Spray Dryer,S26/0074,,WSDMLSOC0805000A,"Semilavorato Melissa foglia e.s.acquoso >= 5,0% derivati idrossicinnamici tot. calc.come a",0.0,0,0,253.0,288.0,87.84722222222221,253.0,,,STORICO_GESTIONALE_ATOM | Seriale 0000029088 | Taglio da esplosione commessa
HIST-ATOM-0000029087-S26/0073,STORICO-20260408-SPRAY,2026-04-08,,Spray Dryer,S26/0073,,WSDCMNMC05R0400A,Semilavorato Cumino seme (frutto)       estratto secco D/E 4:1,0.0,0,0,56.75,166.75,34.03298350824588,66.7,,,STORICO_GESTIONALE_ATOM | Seriale 0000029087 | Taglio da esplosione commessa
HIST-ATOM-0000029086-S26/0072,STORICO-20260408-SPRAY,2026-04-08,,Spray Dryer,S26/0072,,WSDARCLC14R0400A,Semilavorato Bardana radice estratto secD/E 4:1,0.0,0,0,68.0,268.0,25.37313432835821,107.2,,,STORICO_GESTIONALE_ATOM | Seriale 0000029086 | Taglio da esplosione commessa
HIST-ATOM-0000029066-S26/0071,STORICO-20260403-SPRAY,2026-04-03,,Spray Dryer,S26/0071,,WSDSSYOC34R0400A,Semilavorato Erisimo sommita' fiorita   estratto secco  D/E 4:1,0.0,0,0,112.0,332.0,33.734939759036145,132.8,,,STORICO_GESTIONALE_ATOM | Seriale 0000029066 | Taglio da esplosione commessa
HIST-ATOM-0000029042-S26/0070,STORICO-20260402-SPRAY,2026-04-02,,Spray Dryer,S26/0070,,WSDPMPAC05R0400A,Semilavorato Anice verde frutto e.s. D/E4:1,0.0,0,0,87.0,307.0,28.338762214983714,122.80000000000001,,,STORICO_GESTIONALE_ATOM | Seriale 0000029042 | Taglio da esplosione commessa
HIST-ATOM-0000029032-S26/0068,STORICO-20260331-SPRAY,2026-03-31,,Spray Dryer,S26/0068,,YSDPLLCC1722000N,Semilavorato Guarana' seme,0.0,0,0,150.0,500.0,30.0,200.0,,,STORICO_GESTIONALE_ATOM | Seriale 0000029032 | Taglio da esplosione commessa
HIST-ATOM-0000029018-S26/0066,STORICO-20260330-SPRAY,2026-03-30,,Spray Dryer,S26/0066,,WSDONNSC14R0400A,Semilavorato Ononide radice e.s. D/E 4:1,0.0,0,0,72.0,212.0,33.9622641509434,84.80000000000001,,,STORICO_GESTIONALE_ATOM | Seriale 0000029018 | Taglio da esplosione commessa
HIST-ATOM-0000029015-E26/0730,STORICO-20260327-SPRAY,2026-03-27,,Spray Dryer,E26/0730,,VSDTROXC3200000A,Troxerutina,0.0,0,0,456.0,500.0,91.2,456.0,,,STORICO_GESTIONALE_ATOM | Seriale 0000029015 | Taglio da esplosione commessa
HIST-ATOM-0000029014-S26/0065,STORICO-20260327-SPRAY,2026-03-27,,Spray Dryer,S26/0065,,WSDTRXOC14R0400A,Semilavorato Tarassaco radice estratto  secco D/E 4:1,0.0,0,0,134.0,734.0,18.256130790190735,293.6,,,STORICO_GESTIONALE_ATOM | Seriale 0000029014 | Taglio da esplosione commessa
HIST-ATOM-0000029010-S26/0067,STORICO-20260327-SPRAY,2026-03-27,,Spray Dryer,S26/0067,,WSDANGAC14R0200A,Semilavorato Angelica Archangelica radice.s.,0.0,0,0,11.0,27.5,40.0,11.0,,,STORICO_GESTIONALE_ATOM | Seriale 0000029010 | Taglio standard 40% per assenza distinta completa
HIST-ATOM-0000028921-S26/0063,STORICO-20260324-SPRAY,2026-03-24,,Spray Dryer,S26/0063,,WSDCRNSC05R0400A,Semilavorato Coriandolo frutto e.s.     D/E 4:1,0.0,0,0,52.5,162.5,32.30769230769231,65.0,,,STORICO_GESTIONALE_ATOM | Seriale 0000028921 | Taglio da esplosione commessa
HIST-ATOM-0000028903-S26/0062,STORICO-20260323-SPRAY,2026-03-23,,Spray Dryer,S26/0062,,YSDORTSC2200200A,"Semilavorato Ortosifon erba con fiori   estratto secco >=0,2% flavonoidi totali come sinen",0.0,0,0,175.0,415.0,42.168674698795186,175.0,,,STORICO_GESTIONALE_ATOM | Seriale 0000028903 | Taglio da esplosione commessa
HIST-ATOM-0000028888-S26/0060,STORICO-20260320-SPRAY,2026-03-20,,Spray Dryer,S26/0060,,WSDRBSNC08R1000A,Semilavorato Ribes nero foglia e.s.      D/E 10:1,0.0,0,0,262.0,782.0,33.50383631713555,312.8,,,STORICO_GESTIONALE_ATOM | Seriale 0000028888 | Taglio da esplosione commessa
HIST-ATOM-0000028834-S26/0059,STORICO-20260318-SPRAY,2026-03-18,,Spray Dryer,S26/0059,,WSDMRNOC08R0400A,Semilavorato Moringa oleifera foglie e.s 4:1,0.0,0,0,94.0,224.0,41.964285714285715,94.0,,,STORICO_GESTIONALE_ATOM | Seriale 0000028834 | Taglio da esplosione commessa
HIST-ATOM-0000028833-S26/0058,STORICO-20260318-SPRAY,2026-03-18,,Spray Dryer,S26/0058,,WSDARMRC13R0400A,Semilavorato Rafano radice e.s.         D/E 4:1,0.0,0,0,70.0,270.0,25.925925925925924,108.0,,,STORICO_GESTIONALE_ATOM | Seriale 0000028833 | Taglio da esplosione commessa
HIST-ATOM-0000028828-S26/0054,STORICO-20260317-SPRAY,2026-03-17,,Spray Dryer,S26/0054,,SSDPRNDC05R0400A,Prugna frutto estratto secco            D/E 4:1,0.0,0,0,46.0,246.0,18.69918699186992,98.4,,,STORICO_GESTIONALE_ATOM | Seriale 0000028828 | Taglio da esplosione commessa
HIST-ATOM-0000028827-S26/0053,STORICO-20260316-SPRAY,2026-03-16,,Spray Dryer,S26/0053,,WSDEQSAC0707000N,"Semilavorato Equiseto erba e.s.         >=7,0% silice",0.0,0,0,113.0,393.0,28.75318066157761,157.20000000000002,,,STORICO_GESTIONALE_ATOM | Seriale 0000028827 | Taglio da esplosione commessa
HIST-ATOM-0000028805-S26/0052,STORICO-20260313-SPRAY,2026-03-13,,Spray Dryer,S26/0052,,YSDGRNRC2200200A,"Semilavorato Grindelia erba fiorita estrsecco >= 0,25% flavonoidi tot. calc. come iperosid",0.0,0,0,71.80000000000001,211.8,33.89990557129367,84.72000000000001,,,STORICO_GESTIONALE_ATOM | Seriale 0000028805 | Taglio da esplosione commessa
HIST-ATOM-0000028777-S26/0050,STORICO-20260312-SPRAY,2026-03-12,,Spray Dryer,S26/0050,,WSDMLVSC24R0400A,Semilavorato Malva fiori/foglie e.s.,0.0,0,0,151.60000000000002,346.6,43.739180611656096,151.60000000000002,,,STORICO_GESTIONALE_ATOM | Seriale 0000028777 | Taglio da esplosione commessa
HIST-ATOM-0000028773-S26/0049,STORICO-20260311-SPRAY,2026-03-11,,Spray Dryer,S26/0049,,WSDMLSOC0805000A,"Semilavorato Melissa foglia e.s.acquoso >= 5,0% derivati idrossicinnamici tot. calc.come a",0.0,0,0,150.0,167.0,89.82035928143712,150.0,,,STORICO_GESTIONALE_ATOM | Seriale 0000028773 | Taglio da esplosione commessa
HIST-ATOM-0000028736-S26/0048,STORICO-20260305-SPRAY,2026-03-05,,Spray Dryer,S26/0048,,WSDJNPCC01R0300A,Semilavorato Ginepro bacche             e.s.,0.0,0,0,27.0,77.0,35.064935064935064,30.8,,,STORICO_GESTIONALE_ATOM | Seriale 0000028736 | Taglio da esplosione commessa
HIST-ATOM-0000028701-S26/0047,STORICO-20260305-SPRAY,2026-03-05,,Spray Dryer,S26/0047,,WSDSMBNC0400300A,"Semilavorato Sambuco fiore e.s. solubile >=0,3% flavonoidi tot. calc. come iperoside",0.0,0,0,146.60000000000002,471.6,31.08566581849025,188.64000000000001,,,STORICO_GESTIONALE_ATOM | Seriale 0000028701 | Taglio da esplosione commessa
HIST-ATOM-0000028684-S26/0046,STORICO-20260303-SPRAY,2026-03-03,,Spray Dryer,S26/0046,,WSDVTXAC05R0300A,Semilavorato Agnocasto frutto e.s.,0.0,0,0,57.0,137.0,41.605839416058394,57.0,,,STORICO_GESTIONALE_ATOM | Seriale 0000028684 | Taglio da esplosione commessa
HIST-ATOM-0000028674-S26/0042,STORICO-20260302-SPRAY,2026-03-02,,Spray Dryer,S26/0042,,WSDORGML10R0200A,Semilavorato Maggiorana parti aeree     e.s. Locale D/E 2:1,0.0,0,0,85.5,245.5,34.82688391038696,98.2,,,STORICO_GESTIONALE_ATOM | Seriale 0000028674 | Taglio da esplosione commessa
HIST-ATOM-0000028597-S26/0038T,STORICO-20260227-SPRAY,2026-02-27,,Spray Dryer,S26/0038T,,WSDMLSOF0804000A,"Semilavorato Melissa foglia e.s.>= 4,0%  ac. rosmarinico (HPLC) da Filiera Certificata ISO",0.0,0,0,214.3,244.3,87.72001637331151,214.3,,,STORICO_GESTIONALE_ATOM | Seriale 0000028597 | Taglio da esplosione commessa
HIST-ATOM-0000028586-S26/0037,STORICO-20260224-SPRAY,2026-02-24,,Spray Dryer,S26/0037,,WSDPHSVC17R1000A,Semilavorato Fagiolo seme e.s. D/E 10:1,0.0,0,0,65.0,265.0,24.528301886792452,106.0,,,STORICO_GESTIONALE_ATOM | Seriale 0000028586 | Taglio da esplosione commessa
HIST-ATOM-0000028574-S26/0036,STORICO-20260223-SPRAY,2026-02-23,,Spray Dryer,S26/0036,,YSDPLLCC1722000N,Semilavorato Guarana' seme,0.0,0,0,29.099999999999994,79.1,36.78887484197218,31.64,,,STORICO_GESTIONALE_ATOM | Seriale 0000028574 | Taglio da esplosione commessa
HIST-ATOM-0000028521-S26/0035,STORICO-20260220-SPRAY,2026-02-20,,Spray Dryer,S26/0035,,WSDPTYOC02R0400A,Semilavorato Muira Puama corteccia e.s. D/E 4:1,0.0,0,0,22.399999999999977,262.4,8.53658536585365,104.96,,,STORICO_GESTIONALE_ATOM | Seriale 0000028521 | Taglio da esplosione commessa
HIST-ATOM-0000028490-S26/0033,STORICO-20260219-SPRAY,2026-02-19,,Spray Dryer,S26/0033,,YSDMTRCC0400300A,"Semilavorato Camomilla (Matricaria)     fiori estratto   secco >= 0,3% apigenine totali",0.0,0,0,86.0,301.0,28.57142857142857,120.4,,,STORICO_GESTIONALE_ATOM | Seriale 0000028490 | Taglio da esplosione commessa
HIST-ATOM-0000028489-S26/0034,STORICO-20260219-SPRAY,2026-02-19,,Spray Dryer,S26/0034,,WSDHLCIL04R0200A,Semilavorato Elicriso erba fiorita      e. secco Locale,0.0,0,0,185.70000000000005,710.7,26.129168425495997,284.28000000000003,,,STORICO_GESTIONALE_ATOM | Seriale 0000028489 | Taglio da esplosione commessa
HIST-ATOM-0000028453-S26/0032,STORICO-20260213-SPRAY,2026-02-13,,Spray Dryer,S26/0032,,WSDECLGC08R0200A,Semilavorato Eucalipto foglia e.s.,0.0,0,0,117.0,307.0,38.11074918566775,122.80000000000001,,,STORICO_GESTIONALE_ATOM | Seriale 0000028453 | Taglio da esplosione commessa
HIST-ATOM-0000028434-S26/0031,STORICO-20260212-SPRAY,2026-02-12,,Spray Dryer,S26/0031,,WSDRHMFC0207000A,Semilavorato Frangula corteccia e.s.>=7%glucofranguline calcolate come glucofrangulina A,0.0,0,0,83.5,114.0,73.24561403508771,83.5,,,STORICO_GESTIONALE_ATOM | Seriale 0000028434 | Taglio da esplosione commessa
HIST-ATOM-0000028429-S26/0029,STORICO-20260211-SPRAY,2026-02-11,,Spray Dryer,S26/0029,,YSDORTSC2200200A,"Semilavorato Ortosifon erba con fiori   estratto secco >=0,2% flavonoidi totali come sinen",0.0,0,0,85.0,235.0,36.17021276595745,94.0,,,STORICO_GESTIONALE_ATOM | Seriale 0000028429 | Taglio da esplosione commessa
HIST-ATOM-0000028425-S26/0028,STORICO-20260210-SPRAY,2026-02-10,,Spray Dryer,S26/0028,,WSDMLVSC24R0400A,Semilavorato Malva fiori/foglie e.s.,0.0,0,0,80.6,165.6,48.671497584541065,80.6,,,STORICO_GESTIONALE_ATOM | Seriale 0000028425 | Taglio da esplosione commessa
HIST-ATOM-0000028366-S26/0027,STORICO-20260206-SPRAY,2026-02-06,,Spray Dryer,S26/0027,,WSDTRGFC1700000A,Semilavorato Fieno greco seme es,0.0,0,0,96.14999999999998,286.15,33.601258081425826,114.46,,,STORICO_GESTIONALE_ATOM | Seriale 0000028366 | Taglio da esplosione commessa
HIST-ATOM-0000028360-S26/0026,STORICO-20260205-SPRAY,2026-02-05,,Spray Dryer,S26/0026,,WSDTHYVC08R0200A,Semilavorato Timo pianta (parte aerea)  estratto seccoD/E 2:1,0.0,0,0,42.0,147.0,28.57142857142857,58.800000000000004,,,STORICO_GESTIONALE_ATOM | Seriale 0000028360 | Taglio da esplosione commessa
HIST-ATOM-0000028348-S26/0025,STORICO-20260204-SPRAY,2026-02-04,,Spray Dryer,S26/0025,,YSDHDRHC0801000A,"Semilavorato Edera foglia estratto      secco >=1,0% ederacoside C",0.0,0,0,148.0,313.0,47.284345047923324,148.0,,,STORICO_GESTIONALE_ATOM | Seriale 0000028348 | Taglio da esplosione commessa
HIST-ATOM-0000028347-S26/0024,STORICO-20260203-SPRAY,2026-02-03,,Spray Dryer,S26/0024,,WSDCHRAC07R0400A,Semilavorato Crisantello erba e.s.      D/E 4:1,0.0,0,0,60.0,150.0,40.0,60.0,,,STORICO_GESTIONALE_ATOM | Seriale 0000028347 | Taglio standard 40% per assenza distinta completa
HIST-ATOM-0000028336-S26/0022,STORICO-20260202-SPRAY,2026-02-02,,Spray Dryer,S26/0022,,WSDFNCOC17R0200A,Semilavorato Finocchio dolce seme e.s.,0.0,0,0,205.5,565.5,36.339522546419104,226.20000000000002,,,STORICO_GESTIONALE_ATOM | Seriale 0000028336 | Taglio da esplosione commessa
HIST-ATOM-0000028278-S26/0021,STORICO-20260130-SPRAY,2026-01-30,,Spray Dryer,S26/0021,,WSDECHUC07R0400A,Semilavorato Echinacea purpurea erba    estratto secco D/E 4:1,0.0,0,0,205.8,455.8,45.151382185168934,205.8,,,STORICO_GESTIONALE_ATOM | Seriale 0000028278 | Taglio da esplosione commessa
HIST-ATOM-0000028258-S26/0020,STORICO-20260128-SPRAY,2026-01-28,,Spray Dryer,S26/0020,,WSDPPVRC04R0400A,Semilavorato Papavero fiore e.s.        Polvere micronizzato,0.0,0,0,30.0,70.0,42.857142857142854,30.0,,,STORICO_GESTIONALE_ATOM | Seriale 0000028258 | Taglio da esplosione commessa
HIST-ATOM-0000028257-S26/0018T,STORICO-20260128-SPRAY,2026-01-28,,Spray Dryer,S26/0018T,,WSDMLSOF0804000A,"Semilavorato Melissa foglia e.s.>= 4,0%  ac. rosmarinico (HPLC) da Filiera Certificata ISO",0.0,0,0,196.5,220.0,89.31818181818181,196.5,,,STORICO_GESTIONALE_ATOM | Seriale 0000028257 | Taglio da esplosione commessa
HIST-ATOM-0000028256-S26/0019,STORICO-20260128-SPRAY,2026-01-28,,Spray Dryer,S26/0019,,WSDARNMC04R0400A,Semilavorato Arnica Montana fiori E.S.,0.0,0,0,11.5,211.5,5.4373522458628845,84.60000000000001,,,STORICO_GESTIONALE_ATOM | Seriale 0000028256 | Taglio da esplosione commessa
HIST-ATOM-0000028246-E26/0332,STORICO-20260128-SPRAY,2026-01-28,,Spray Dryer,E26/0332,,TSDMLSOC0804000A,"Melissa foglia estratto secco >= 4,0%   acido rosmarinico (UV)",0.0,0,0,81.1,300.0,27.03333333333333,120.0,,,STORICO_GESTIONALE_ATOM | Seriale 0000028246 | Taglio da esplosione commessa
HIST-ATOM-0000028239-E26/0316,STORICO-20260127-SPRAY,2026-01-27,,Spray Dryer,E26/0316,,TSDMLSOC0804000A,"Melissa foglia estratto secco >= 4,0%   acido rosmarinico (UV)",0.0,0,0,1.5,5.0,30.0,2.0,,,STORICO_GESTIONALE_ATOM | Seriale 0000028239 | Taglio da esplosione commessa
HIST-ATOM-0000028237-S26/0013,STORICO-20260127-SPRAY,2026-01-27,,Spray Dryer,S26/0013,,WSDCCRMC17R0400A,Semilavorato Zucca seme e.s.             4:1 (indicativo),0.0,0,0,93.12,232.8,40.0,93.12,,,STORICO_GESTIONALE_ATOM | Seriale 0000028237 | Taglio standard 40% per assenza distinta completa
HIST-ATOM-0000028231-S26/0012,STORICO-20260123-SPRAY,2026-01-23,,Spray Dryer,S26/0012,,WSDPLLNC31R0300A,Semilavorato Polline naturale granuli es,0.0,0,0,165.0,335.0,49.25373134328358,165.0,,,STORICO_GESTIONALE_ATOM | Seriale 0000028231 | Taglio da esplosione commessa
HIST-ATOM-0000028139-S26/0010,STORICO-20260122-SPRAY,2026-01-22,,Spray Dryer,S26/0010,,WSDESCCC0702000A,"Semilavorato Escolzia erba e.s.          >=2,0% flavonoidi tot. calc.come rutina",0.0,0,0,228.60000000000002,568.6,40.20400984875132,228.60000000000002,,,STORICO_GESTIONALE_ATOM | Seriale 0000028139 | Taglio da esplosione commessa
HIST-ATOM-0000028137-S26/0011,STORICO-20260122-SPRAY,2026-01-22,,Spray Dryer,S26/0011,,WSDMLSPC05R0400A,Semilavorato Mela frutto e.s. D/E 4:1,0.0,0,0,13.0,60.0,21.666666666666668,24.0,,,STORICO_GESTIONALE_ATOM | Seriale 0000028137 | Taglio da esplosione commessa
HIST-ATOM-0000028131-S26/0009,STORICO-20260121-SPRAY,2026-01-21,,Spray Dryer,S26/0009,,WSDORGVC08R0400A,Semilavorato Origano foglia e.s. D/E 4:1,0.0,0,0,70.0,155.0,45.16129032258064,70.0,,,STORICO_GESTIONALE_ATOM | Seriale 0000028131 | Taglio da esplosione commessa
HIST-ATOM-0000028127-S26/0007,STORICO-20260120-SPRAY,2026-01-20,,Spray Dryer,S26/0007,,WSDACHMC34R0200A,Semilavorato Achillea sommità erba fior estratto secco D/E 2:1,0.0,0,0,86.4,246.4,35.064935064935064,98.56,,,STORICO_GESTIONALE_ATOM | Seriale 0000028127 | Taglio da esplosione commessa
HIST-ATOM-0000028126-E26/0268,STORICO-20260120-SPRAY,2026-01-20,,Spray Dryer,E26/0268,,SSDPRNDC05R0400A,Prugna frutto estratto secco            D/E 4:1,0.0,0,0,59.0,60.0,98.33333333333333,59.0,,,STORICO_GESTIONALE_ATOM | Seriale 0000028126 | Taglio da esplosione commessa
HIST-ATOM-0000028117-E26/0266,STORICO-20260119-SPRAY,2026-01-19,,Spray Dryer,E26/0266,,TSDMLSOC0804000A,"Melissa foglia estratto secco >= 4,0%   acido rosmarinico (UV)",0.0,0,0,81.5,300.0,27.166666666666668,120.0,,,STORICO_GESTIONALE_ATOM | Seriale 0000028117 | Taglio da esplosione commessa
HIST-ATOM-0000028113-S26/0006,STORICO-20260119-SPRAY,2026-01-19,,Spray Dryer,S26/0006,,WSDCLNTC17R0200A,Semilavorato Cola noci seme e.s. solubilD/E 2:1 2 % caffeina,0.0,0,0,128.5,388.5,33.07593307593308,155.4,,,STORICO_GESTIONALE_ATOM | Seriale 0000028113 | Taglio da esplosione commessa
HIST-ATOM-0000028063-S26/0004,STORICO-20260115-SPRAY,2026-01-15,,Spray Dryer,S26/0004,,WSDHRPPC1400500A,Semilavorato Artiglio del diavolo radicee.s. >= 2.5% arpagodside,0.0,0,0,613.5,843.5,72.73266152934202,613.5,,,STORICO_GESTIONALE_ATOM | Seriale 0000028063 | Taglio da esplosione commessa
HIST-ATOM-0000028010-S26/0002,STORICO-20260113-SPRAY,2026-01-13,,Spray Dryer,S26/0002,,WSDSLVOC0800500A,Semilavorato Salvia foglie e.s.         acquoso 0.5%-1% tot. idross. come ac. rosmarinico,0.0,0,0,83.6,143.6,58.21727019498607,83.6,,,STORICO_GESTIONALE_ATOM | Seriale 0000028010 | Taglio da esplosione commessa
HIST-ATOM-0000028008-S26/0001,STORICO-20260112-SPRAY,2026-01-12,,Spray Dryer,S26/0001,,WSDCHRAC07R0400A,Semilavorato Crisantello erba e.s.      D/E 4:1,0.0,0,0,139.8,309.8,45.12588766946417,139.8,,,STORICO_GESTIONALE_ATOM | Seriale 0000028008 | Taglio da esplosione commessa
HIST-ATOM-0000027983-E26/0029,STORICO-20260107-SPRAY,2026-01-07,,Spray Dryer,E26/0029,,ASDMLSOC0812000N,"Melissa foglia estratto secco >=12,0%    derivati idrossicinnamici calc.come acido rosmari",0.0,0,0,20.0,50.0,40.0,20.0,,,STORICO_GESTIONALE_ATOM | Seriale 0000027983 | Taglio standard 40% per assenza distinta completa
HIST-ATOM-0000027981-S25/0281,STORICO-20251219-SPRAY,2025-12-19,,Spray Dryer,S25/0281,,YSDVLROC14R0400A,Semilavorato Valeriana radice estratto s D/E 4:1,0.0,0,0,16.0,23.0,69.56521739130434,16.0,,,STORICO_GESTIONALE_ATOM | Seriale 0000027981 | Taglio da esplosione commessa
HIST-ATOM-0000027980-S25/0280,STORICO-20251219-SPRAY,2025-12-19,,Spray Dryer,S25/0280,,WSDSLVOC08R0400A,Semilavorato Salvia foglia e.s. D/E 4:1,0.0,0,0,47.5,77.5,61.29032258064516,47.5,,,STORICO_GESTIONALE_ATOM | Seriale 0000027980 | Taglio da esplosione commessa
HIST-ATOM-0000027979-S25/0279T,STORICO-20251219-SPRAY,2025-12-19,,Spray Dryer,S25/0279T,,WSDMLSOC08R0400A,Semilavorato Melissa foglia e.s. D/E 4:1,0.0,0,0,160.0,185.0,86.48648648648648,160.0,,,STORICO_GESTIONALE_ATOM | Seriale 0000027979 | Taglio da esplosione commessa
HIST-ATOM-0000027977-S25/0276,STORICO-20251218-SPRAY,2025-12-18,,Spray Dryer,S25/0276,,WSDTHYVC08R0200A,Semilavorato Timo pianta (parte aerea)  estratto seccoD/E 2:1,0.0,0,0,31.799999999999997,80.8,39.35643564356435,32.32,,,STORICO_GESTIONALE_ATOM | Seriale 0000027977 | Taglio da esplosione commessa
HIST-ATOM-0000027976-S25/0278,STORICO-20251218-SPRAY,2025-12-18,,Spray Dryer,S25/0278,,WSDGLYGC14R0400A,Semilavorato Liquirizia radice e.s.     D/E 4:1,0.0,0,0,65.0,150.0,43.333333333333336,65.0,,,STORICO_GESTIONALE_ATOM | Seriale 0000027976 | Taglio da esplosione commessa
HIST-ATOM-0000027975-S25/0275,STORICO-20251217-SPRAY,2025-12-17,,Spray Dryer,S25/0275,,YSDMNTPC08R0400A,Semilavorato Menta foglie estratto secco D/E 4:1,0.0,0,0,100.0,210.0,47.61904761904761,100.0,,,STORICO_GESTIONALE_ATOM | Seriale 0000027975 | Taglio da esplosione commessa
HIST-ATOM-0000027970-S25/0272,STORICO-20251217-SPRAY,2025-12-17,,Spray Dryer,S25/0272,,WSDCRCLC15R0300A,Semilavorato Curcuma rizoma e.s.,0.0,0,0,86.19999999999999,241.2,35.7379767827529,96.48,,,STORICO_GESTIONALE_ATOM | Seriale 0000027970 | Taglio da esplosione commessa
HIST-ATOM-0000027969-S25/0273,STORICO-20251217-SPRAY,2025-12-17,,Spray Dryer,S25/0273,,WSDPSSIC07R0400A,Semilavorato Passiflora erba fiorita e.sD/E 4:1,0.0,0,0,147.60000000000002,387.6,38.080495356037154,155.04000000000002,,,STORICO_GESTIONALE_ATOM | Seriale 0000027969 | Taglio da esplosione commessa
HIST-ATOM-0000027968-S25/0270,STORICO-20251217-SPRAY,2025-12-17,,Spray Dryer,S25/0270,,WSDHMLLC09R0400A,Semilavorato Luppolo infiorescenze      (strobili) estr.  secco D/E 4:1,0.0,0,0,96.39999999999998,396.4,24.318869828456098,158.56,,,STORICO_GESTIONALE_ATOM | Seriale 0000027968 | Taglio da esplosione commessa
HIST-ATOM-0000027967-S25/0274,STORICO-20251217-SPRAY,2025-12-17,,Spray Dryer,S25/0274,,WSDRBSNC08R0300A,Semilavorato Ribes nero foglia e.s.,0.0,0,0,111.0,311.0,35.69131832797427,124.4,,,STORICO_GESTIONALE_ATOM | Seriale 0000027967 | Taglio da esplosione commessa
HIST-ATOM-0000027966-S25/0277T,STORICO-20251217-SPRAY,2025-12-17,,Spray Dryer,S25/0277T,,WSDGRNRF2200000A,Semilavorato GRINDELIA ERBA FIORITA E.S. FILIERA CERTIFICATA ISO 22005,0.0,0,0,107.30000000000001,296.3,36.21329733378333,118.52000000000001,,,STORICO_GESTIONALE_ATOM | Seriale 0000027966 | Taglio da esplosione commessa
HIST-ATOM-0000027900-S25/0268,STORICO-20251210-SPRAY,2025-12-10,,Spray Dryer,S25/0268,,WSDALTOC14R0400A,Semilavorato Altea radice estratto seccoD/E 4:1,0.0,0,0,187.39999999999998,612.4,30.600914435009795,244.96,,,STORICO_GESTIONALE_ATOM | Seriale 0000027900 | Taglio da esplosione commessa
HIST-ATOM-0000027895-S25/0271,STORICO-20251209-SPRAY,2025-12-09,,Spray Dryer,S25/0271,,WSDGNTNC14R0400A,Semilavorato Genziana radice e.s.       D/E 4:1,0.0,0,0,0.12,0.3,40.0,0.12,,,STORICO_GESTIONALE_ATOM | Seriale 0000027895 | Taglio standard 40% per assenza distinta completa
HIST-ATOM-0000027835-S25/0269,STORICO-20251204-SPRAY,2025-12-04,,Spray Dryer,S25/0269,,WSDMRRVC10R0200A,Semilavorato Marrubio bianco parti aeree estratto secco D/ 2:1,0.0,0,0,91.0,251.0,36.254980079681275,100.4,,,STORICO_GESTIONALE_ATOM | Seriale 0000027835 | Taglio da esplosione commessa
HIST-ATOM-0000027830-S25/0267,STORICO-20251204-SPRAY,2025-12-04,,Spray Dryer,S25/0267,,WSDPHSVC17R1000A,Semilavorato Fagiolo seme e.s. D/E 10:1,0.0,0,0,11.800000000000011,261.8,4.507257448433923,104.72000000000001,,,STORICO_GESTIONALE_ATOM | Seriale 0000027830 | Taglio da esplosione commessa
HIST-ATOM-0000027825-E25/3624,STORICO-20251204-SPRAY,2025-12-04,,Spray Dryer,E25/3624,,SSDPRNDC05R0400A,Prugna frutto estratto secco            D/E 4:1,0.0,0,0,149.0,150.0,99.33333333333333,149.0,,,STORICO_GESTIONALE_ATOM | Seriale 0000027825 | Taglio da esplosione commessa
HIST-ATOM-0000027821-S25/0266,STORICO-20251203-SPRAY,2025-12-03,,Spray Dryer,S25/0266,,WSDCTRGC1700000A,Semilavorato Pompelmo seme e.s.,0.0,0,0,108.19999999999999,358.2,30.206588498045782,143.28,,,STORICO_GESTIONALE_ATOM | Seriale 0000027821 | Taglio da esplosione commessa
HIST-ATOM-0000027813-S25/0265,STORICO-20251202-SPRAY,2025-12-02,,Spray Dryer,S25/0265,,WSDMLVSC24R0400A,Semilavorato Malva fiori/foglie e.s.,0.0,0,0,20.0,120.0,16.666666666666664,48.0,,,STORICO_GESTIONALE_ATOM | Seriale 0000027813 | Taglio da esplosione commessa
HIST-ATOM-0000027756-S25/0261,STORICO-20251201-SPRAY,2025-12-01,,Spray Dryer,S25/0261,,WSDRSMOC08R0400A,Semilavorato Rosmarino foglia e.s.      D/E 4:1,0.0,0,0,51.599999999999994,76.6,67.36292428198432,51.599999999999994,,,STORICO_GESTIONALE_ATOM | Seriale 0000027756 | Taglio da esplosione commessa
HIST-ATOM-0000027755-S25/0260,STORICO-20251201-SPRAY,2025-12-01,,Spray Dryer,S25/0260,,WSDVRBTC04R0300A,Semilavorato Verbasco fiore estr.secco,0.0,0,0,66.0,216.0,30.555555555555557,86.4,,,STORICO_GESTIONALE_ATOM | Seriale 0000027755 | Taglio da esplosione commessa
HIST-ATOM-0000027751-S25/0262,STORICO-20251128-SPRAY,2025-11-28,,Spray Dryer,S25/0262,,WSDMLSPC05R0400A,Semilavorato Mela frutto e.s. D/E 4:1,0.0,0,0,22.5,92.5,24.324324324324326,37.0,,,STORICO_GESTIONALE_ATOM | Seriale 0000027751 | Taglio da esplosione commessa
HIST-ATOM-0000027747-S25/0259T,STORICO-20251127-SPRAY,2025-11-27,,Spray Dryer,S25/0259T,,WSDTNCPF08R0400A,Semilavorato Tanaceto Partenio erba fiore.s. D/E 4:1 da Filiera Certificata ISO 22005,0.0,0,0,112.0,332.0,33.734939759036145,132.8,,,STORICO_GESTIONALE_ATOM | Seriale 0000027747 | Taglio da esplosione commessa
HIST-ATOM-0000027744-S25/0258,STORICO-20251127-SPRAY,2025-11-27,,Spray Dryer,S25/0258,,WSDRSMOC08R0400A,Semilavorato Rosmarino foglia e.s.      D/E 4:1,0.0,0,0,39.8,54.8,72.62773722627736,39.8,,,STORICO_GESTIONALE_ATOM | Seriale 0000027744 | Taglio da esplosione commessa
HIST-ATOM-0000027738-S25/0257T,STORICO-20251126-SPRAY,2025-11-26,,Spray Dryer,S25/0257T,,WSDMLSOC08R0400A,Semilavorato Melissa foglia e.s. D/E 4:1,0.0,0,0,264.2,294.2,89.80285520054385,264.2,,,STORICO_GESTIONALE_ATOM | Seriale 0000027738 | Taglio da esplosione commessa
HIST-ATOM-0000027725-S25/0252,STORICO-20251125-SPRAY,2025-11-25,,Spray Dryer,S25/0252,,WSDTRXOC14R0400A,Semilavorato Tarassaco radice estratto  secco D/E 4:1,0.0,0,0,219.495,889.5,24.676222596964585,355.8,,,STORICO_GESTIONALE_ATOM | Seriale 0000027725 | Taglio da esplosione commessa
HIST-ATOM-0000027674-E25/3494,STORICO-20251121-SPRAY,2025-11-21,,Spray Dryer,E25/3494,,SSDPRNDC05R0400A,Prugna frutto estratto secco            D/E 4:1,0.0,0,0,2.0,5.0,40.0,2.0,,,STORICO_GESTIONALE_ATOM | Seriale 0000027674 | Taglio standard 40% per assenza distinta completa
HIST-ATOM-0000027663-S25/0256,STORICO-20251121-SPRAY,2025-11-21,,Spray Dryer,S25/0256,,WSDURTDC08R0200A,Semilavorato Ortica foglia estratto secc,0.0,0,0,142.2,442.2,32.15739484396201,176.88,,,STORICO_GESTIONALE_ATOM | Seriale 0000027663 | Taglio da esplosione commessa
HIST-ATOM-0000027662-S25/0254,STORICO-20251120-SPRAY,2025-11-20,,Spray Dryer,S25/0254,,WSDHRCPC0700000A,Semilavorato Pilosella Erba e.s.,0.0,0,0,100.0,285.0,35.08771929824561,114.0,,,STORICO_GESTIONALE_ATOM | Seriale 0000027662 | Taglio da esplosione commessa
HIST-ATOM-0000027659-S25/0255,STORICO-20251119-SPRAY,2025-11-19,,Spray Dryer,S25/0255,,WSDVLROC14R0400A,Semilavorato Valeriana radice estratto   secco acquoso D/E 4:1,0.0,0,0,30.0,45.0,66.66666666666666,30.0,,,STORICO_GESTIONALE_ATOM | Seriale 0000027659 | Taglio da esplosione commessa
HIST-ATOM-0000027654-S25/0253,STORICO-20251119-SPRAY,2025-11-19,,Spray Dryer,S25/0253,,WSDPPVRC04R0400A,Semilavorato Papavero fiore e.s.        Polvere micronizzato,0.0,0,0,18.0,143.0,12.587412587412588,57.2,,,STORICO_GESTIONALE_ATOM | Seriale 0000027654 | Taglio da esplosione commessa
HIST-ATOM-0000027637-S25/0251,STORICO-20251118-SPRAY,2025-11-18,,Spray Dryer,S25/0251,,SSDPRNDC05R0400A,Prugna frutto estratto secco            D/E 4:1,0.0,0,0,40.0,240.0,16.666666666666664,96.0,,,STORICO_GESTIONALE_ATOM | Seriale 0000027637 | Taglio da esplosione commessa
HIST-ATOM-0000027628-S25/0250,STORICO-20251118-SPRAY,2025-11-18,,Spray Dryer,S25/0250,,WSDHLCIL04R0200A,Semilavorato Elicriso erba fiorita      e. secco Locale,0.0,0,0,83.0,333.0,24.924924924924923,133.20000000000002,,,STORICO_GESTIONALE_ATOM | Seriale 0000027628 | Taglio da esplosione commessa
HIST-ATOM-0000027588-S25/0243,STORICO-20251114-SPRAY,2025-11-14,,Spray Dryer,S25/0243,,WSDTRXOC14R0400A,Semilavorato Tarassaco radice estratto  secco D/E 4:1,0.0,0,0,40.0,180.0,22.22222222222222,72.0,,,STORICO_GESTIONALE_ATOM | Seriale 0000027588 | Taglio da esplosione commessa
HIST-ATOM-0000027587-S25/0249,STORICO-20251114-SPRAY,2025-11-14,,Spray Dryer,S25/0249,,WSDCNCSC02R0400A,Semilavorato China (Cinchona Succirubra)corteccia  e. s.,0.0,0,0,45.0,315.0,14.285714285714285,126.0,,,STORICO_GESTIONALE_ATOM | Seriale 0000027587 | Taglio da esplosione commessa
HIST-ATOM-0000027585-S25/0248,STORICO-20251113-SPRAY,2025-11-13,,Spray Dryer,S25/0248,,WSDHDRHC08R0400A,Semilavorato Edera foglia e.s. D/E 4:1,0.0,0,0,68.0,148.0,45.94594594594595,68.0,,,STORICO_GESTIONALE_ATOM | Seriale 0000027585 | Taglio da esplosione commessa
HIST-ATOM-0000027576-S25/0247,STORICO-20251113-SPRAY,2025-11-13,,Spray Dryer,S25/0247,,WSDRHMFC0206000A,Semilavorato Frangula corteccia e.s.>=  6.0% glucofranguline calcolate come glucofrangulin,0.0,0,0,181.0,251.0,72.11155378486056,181.0,,,STORICO_GESTIONALE_ATOM | Seriale 0000027576 | Taglio da esplosione commessa
HIST-ATOM-0000027571-S25/0246,STORICO-20251112-SPRAY,2025-11-12,,Spray Dryer,S25/0246,,WSDPHSVC17R1000A,Semilavorato Fagiolo seme e.s. D/E 10:1,0.0,0,0,13.0,143.0,9.090909090909092,57.2,,,STORICO_GESTIONALE_ATOM | Seriale 0000027571 | Taglio da esplosione commessa
HIST-ATOM-0000027562-E25/3399,STORICO-20251111-SPRAY,2025-11-11,,Spray Dryer,E25/3399,,SSDHRPPC1400500A,Artiglio del diavolo radice estratto secco >= 2.5% arpagodside,0.0,0,0,99.0,100.0,99.0,99.0,,,STORICO_GESTIONALE_ATOM | Seriale 0000027562 | Taglio da esplosione commessa
HIST-ATOM-0000027549-S25/0244,STORICO-20251110-SPRAY,2025-11-10,,Spray Dryer,S25/0244,,WSDPNCMC17R0200A,Semilavorato Miglio semi e.s.,0.0,0,0,147.4,368.5,40.0,147.4,,,STORICO_GESTIONALE_ATOM | Seriale 0000027549 | Taglio standard 40% per assenza distinta completa
HIST-ATOM-0000027547-S25/0245,STORICO-20251107-SPRAY,2025-11-07,,Spray Dryer,S25/0245,,WSDGRFSC1725000A,Semilavorato Griffonia seme e.s. >=25%  5-HTP,0.0,0,0,22.5,25.0,90.0,22.5,,,STORICO_GESTIONALE_ATOM | Seriale 0000027547 | Taglio da esplosione commessa
HIST-ATOM-0000027524-S25/0241,STORICO-20251106-SPRAY,2025-11-06,,Spray Dryer,S25/0241,,WSDTRXOC08R0200A,Semilavorato Tarassaco foglia estratto  secco,0.0,0,0,46.0,115.0,40.0,46.0,,,STORICO_GESTIONALE_ATOM | Seriale 0000027524 | Taglio standard 40% per assenza distinta completa
HIST-ATOM-0000027520-S25/0242,STORICO-20251105-SPRAY,2025-11-05,,Spray Dryer,S25/0242,,YSDVLROC14R0400A,Semilavorato Valeriana radice estratto s D/E 4:1,0.0,0,0,2.0,12.0,16.666666666666664,4.800000000000001,,,STORICO_GESTIONALE_ATOM | Seriale 0000027520 | Taglio da esplosione commessa
HIST-ATOM-0000027519-S25/0240,STORICO-20251105-SPRAY,2025-11-05,,Spray Dryer,S25/0240,,WSDFLPUC07R0400A,Semilavorato Spirea erba (sommita') e.s.D/E 4:1,0.0,0,0,58.800000000000004,147.0,40.0,58.800000000000004,,,STORICO_GESTIONALE_ATOM | Seriale 0000027519 | Taglio standard 40% per assenza distinta completa
HIST-ATOM-0000027508-S25/0233,STORICO-20251105-SPRAY,2025-11-05,,Spray Dryer,S25/0233,,WSDEQSAC07R0300A,Semilavorato Equiseto erba e.s.,0.0,0,0,117.0,437.0,26.773455377574372,174.8,,,STORICO_GESTIONALE_ATOM | Seriale 0000027508 | Taglio da esplosione commessa
HIST-ATOM-0000027493-S25/0239,STORICO-20251103-SPRAY,2025-11-03,,Spray Dryer,S25/0239,,WSDEPLAC07R0400A,Semilavorato Epilobio (angustifolium)   erba estratto secco D/E 4:1,0.0,0,0,75.0,225.0,33.33333333333333,90.0,,,STORICO_GESTIONALE_ATOM | Seriale 0000027493 | Taglio da esplosione commessa
HIST-ATOM-0000027446-E25/3280,STORICO-20251031-SPRAY,2025-10-31,,Spray Dryer,E25/3280,,ASDMLSOC0812000N,"Melissa foglia estratto secco >=12,0%    derivati idrossicinnamici calc.come acido rosmari",0.0,0,0,65.5,100.0,65.5,65.5,,,STORICO_GESTIONALE_ATOM | Seriale 0000027446 | Taglio da esplosione commessa
HIST-ATOM-0000027443-S25/0238,STORICO-20251031-SPRAY,2025-10-31,,Spray Dryer,S25/0238,,WSDMLSOC08R0400A,Semilavorato Melissa foglia e.s. D/E 4:1,0.0,0,0,128.0,148.0,86.48648648648648,128.0,,,STORICO_GESTIONALE_ATOM | Seriale 0000027443 | Taglio da esplosione commessa
HIST-ATOM-0000027441-S25/0237,STORICO-20251031-SPRAY,2025-10-31,,Spray Dryer,S25/0237,,WSDCRCLC15R0300A,Semilavorato Curcuma rizoma e.s.,0.0,0,0,13.150000000000006,113.15,11.621741051701285,45.260000000000005,,,STORICO_GESTIONALE_ATOM | Seriale 0000027441 | Taglio da esplosione commessa
HIST-ATOM-0000027432-S25/0236,STORICO-20251030-SPRAY,2025-10-30,,Spray Dryer,S25/0236,,WSDTMRIC05R0200A,Semilavorato Tamarindo frutto estratto  secco acquoso,0.0,0,0,71.75,271.75,26.402943882244713,108.7,,,STORICO_GESTIONALE_ATOM | Seriale 0000027432 | Taglio da esplosione commessa
HIST-ATOM-0000027420-S25/0234,STORICO-20251030-SPRAY,2025-10-30,,Spray Dryer,S25/0234,,WSDTRNAC08R0400A,Semilavorato Damiana foglia estratto    secco D/E 4:1,0.0,0,0,67.5,202.5,33.33333333333333,81.0,,,STORICO_GESTIONALE_ATOM | Seriale 0000027420 | Taglio da esplosione commessa
HIST-ATOM-0000027418-S25/0235,STORICO-20251029-SPRAY,2025-10-29,,Spray Dryer,S25/0235,,WSDCHCIC14R0200A,Semilavorato Cicoria radice e.s.        D/E 2:1,0.0,0,0,108.0,270.0,40.0,108.0,,,STORICO_GESTIONALE_ATOM | Seriale 0000027418 | Taglio standard 40% per assenza distinta completa
HIST-ATOM-0000027411-S25/0231,STORICO-20251027-SPRAY,2025-10-27,,Spray Dryer,S25/0231,,WSDSLDVC22R0400A,Semilavorato Verga d' oro parti aeree    (erba fiorita) estratto secco D/E 4:1,0.0,0,0,19.0,119.0,15.966386554621847,47.6,,,STORICO_GESTIONALE_ATOM | Seriale 0000027411 | Taglio da esplosione commessa
HIST-ATOM-0000027410-S25/0232,STORICO-20251027-SPRAY,2025-10-27,,Spray Dryer,S25/0232,,WSDFLPUC07R0400A,Semilavorato Spirea erba (sommita') e.s.D/E 4:1,0.0,0,0,117.5,307.5,38.21138211382114,123.0,,,STORICO_GESTIONALE_ATOM | Seriale 0000027410 | Taglio da esplosione commessa
HIST-ATOM-0000027386-S25/0228,STORICO-20251024-SPRAY,2025-10-24,,Spray Dryer,S25/0228,,WSDTRXOC08R0200A,Semilavorato Tarassaco foglia estratto  secco,0.0,0,0,123.0,307.5,40.0,123.0,,,STORICO_GESTIONALE_ATOM | Seriale 0000027386 | Taglio standard 40% per assenza distinta completa
HIST-ATOM-0000027385-S25/0229,STORICO-20251023-SPRAY,2025-10-23,,Spray Dryer,S25/0229,,WSDFLPUC07R0400A,Semilavorato Spirea erba (sommita') e.s.D/E 4:1,0.0,0,0,109.0,234.0,46.58119658119658,109.0,,,STORICO_GESTIONALE_ATOM | Seriale 0000027385 | Taglio da esplosione commessa
HIST-ATOM-0000027383-S25/0227,STORICO-20251022-SPRAY,2025-10-22,,Spray Dryer,S25/0227,,WSDPLLCC17R0200A,Semilavorato Guarana' seme e.s.         D/E 2:1,0.0,0,0,136.64000000000001,341.6,40.0,136.64000000000001,,,STORICO_GESTIONALE_ATOM | Seriale 0000027383 | Taglio standard 40% per assenza distinta completa
HIST-ATOM-0000027381-S25/0225,STORICO-20251021-SPRAY,2025-10-21,,Spray Dryer,S25/0225,,WSDECHUC07R0400A,Semilavorato Echinacea purpurea erba    estratto secco D/E 4:1,0.0,0,0,231.79999999999995,521.8,44.423150632426214,231.79999999999995,,,STORICO_GESTIONALE_ATOM | Seriale 0000027381 | Taglio da esplosione commessa
HIST-ATOM-0000027378-S25/0226,STORICO-20251021-SPRAY,2025-10-21,,Spray Dryer,S25/0226,,WSDFLPUC07R0400A,Semilavorato Spirea erba (sommita') e.s.D/E 4:1,0.0,0,0,23.200000000000003,58.0,40.0,23.200000000000003,,,STORICO_GESTIONALE_ATOM | Seriale 0000027378 | Taglio standard 40% per assenza distinta completa
HIST-ATOM-0000027350-S25/0224,STORICO-20251017-SPRAY,2025-10-17,,Spray Dryer,S25/0224,,WSDHMLLC09R0400A,Semilavorato Luppolo infiorescenze      (strobili) estr.  secco D/E 4:1,0.0,0,0,153.5,528.5,29.04446546830653,211.4,,,STORICO_GESTIONALE_ATOM | Seriale 0000027350 | Taglio da esplosione commessa
HIST-ATOM-0000027343-S25/0223,STORICO-20251016-SPRAY,2025-10-16,,Spray Dryer,S25/0223,,WSDHRPPC1400500A,Semilavorato Artiglio del diavolo radicee.s. >= 2.5% arpagodside,0.0,0,0,494.20000000000005,695.2,71.08745684695053,494.20000000000005,,,STORICO_GESTIONALE_ATOM | Seriale 0000027343 | Taglio da esplosione commessa
HIST-ATOM-0000027319-S25/0221,STORICO-20251014-SPRAY,2025-10-14,,Spray Dryer,S25/0221,,WSDTRXOC08R0200A,Semilavorato Tarassaco foglia estratto  secco,0.0,0,0,173.39999999999998,393.4,44.07727503812913,173.39999999999998,,,STORICO_GESTIONALE_ATOM | Seriale 0000027319 | Taglio da esplosione commessa
HIST-ATOM-0000027252-S25/0220,STORICO-20251013-SPRAY,2025-10-13,,Spray Dryer,S25/0220,,WSDVCCMC3601000A,Semilavorato Mirtillo  succo essiccato,0.0,0,0,47.5,322.5,14.728682170542637,129.0,,,STORICO_GESTIONALE_ATOM | Seriale 0000027252 | Taglio da esplosione commessa
HIST-ATOM-0000027244-S25/0216,STORICO-20251010-SPRAY,2025-10-10,,Spray Dryer,S25/0216,,WSDECHUC14R0200A,Semilavorato Echinacea purpurea radice  estratto secco,0.0,0,0,310.0,880.0,35.22727272727273,352.0,,,STORICO_GESTIONALE_ATOM | Seriale 0000027244 | Taglio da esplosione commessa
HIST-ATOM-0000027182-S25/0214,STORICO-20251007-SPRAY,2025-10-07,,Spray Dryer,S25/0214,,WSDEQSAC07R0300A,Semilavorato Equiseto erba e.s.,0.0,0,0,75.44,188.6,40.0,75.44,,,STORICO_GESTIONALE_ATOM | Seriale 0000027182 | Taglio standard 40% per assenza distinta completa
HIST-ATOM-0000027099-S25/0215,STORICO-20251002-SPRAY,2025-10-02,,Spray Dryer,S25/0215,,WSDADNCC07R0400A,Semilavorato Capelvenere erba e.s.      D/E 4:1,0.0,0,0,18.0,45.0,40.0,18.0,,,STORICO_GESTIONALE_ATOM | Seriale 0000027099 | Taglio standard 40% per assenza distinta completa
HIST-ATOM-0000027095-S25/0212,STORICO-20251002-SPRAY,2025-10-02,,Spray Dryer,S25/0212,,WSDHDRHC08R0400A,Semilavorato Edera foglia e.s. D/E 4:1,0.0,0,0,108.0,270.0,40.0,108.0,,,STORICO_GESTIONALE_ATOM | Seriale 0000027095 | Taglio standard 40% per assenza distinta completa
HIST-ATOM-0000027091-S25/0213,STORICO-20251002-SPRAY,2025-10-02,,Spray Dryer,S25/0213,,WSDPHSVL12R0200A,Semilavorato Fagiolo baccello e.s. Local,0.0,0,0,10.68,26.7,40.0,10.68,,,STORICO_GESTIONALE_ATOM | Seriale 0000027091 | Taglio standard 40% per assenza distinta completa
HIST-ATOM-0000027089-S25/0211T,STORICO-20251001-SPRAY,2025-10-01,,Spray Dryer,S25/0211T,,WSDMLSOC08R0400A,Semilavorato Melissa foglia e.s. D/E 4:1,0.0,0,0,95.0,105.0,90.47619047619048,95.0,,,STORICO_GESTIONALE_ATOM | Seriale 0000027089 | Taglio da esplosione commessa
HIST-ATOM-0000027088-S25/0210,STORICO-20251001-SPRAY,2025-10-01,,Spray Dryer,S25/0210,,WSDPLNMC08R0400A,Semilavorato Piantaggine foglia e.s.,0.0,0,0,228.0,528.0,43.18181818181818,228.0,,,STORICO_GESTIONALE_ATOM | Seriale 0000027088 | Taglio da esplosione commessa
HIST-ATOM-0000027086-S25/0209T,STORICO-20250930-SPRAY,2025-09-30,,Spray Dryer,S25/0209T,,WSDGRNRF2200000A,Semilavorato GRINDELIA ERBA FIORITA E.S. FILIERA CERTIFICATA ISO 22005,0.0,0,0,68.19999999999999,228.2,29.886064855390003,91.28,,,STORICO_GESTIONALE_ATOM | Seriale 0000027086 | Taglio da esplosione commessa
HIST-ATOM-0000027077-S25/0208,STORICO-20250929-SPRAY,2025-09-29,,Spray Dryer,S25/0208,,WSDEQSAC07R0300A,Semilavorato Equiseto erba e.s.,0.0,0,0,97.5,222.5,43.82022471910113,97.5,,,STORICO_GESTIONALE_ATOM | Seriale 0000027077 | Taglio da esplosione commessa
HIST-ATOM-0000027037-S25/0207,STORICO-20250926-SPRAY,2025-09-26,,Spray Dryer,S25/0207,,WSDPPVRC38R0200A,Semilavorato Papavero Rosso fiore e.s.  D/E 2:1,0.0,0,0,20.0,40.0,50.0,20.0,,,STORICO_GESTIONALE_ATOM | Seriale 0000027037 | Taglio da esplosione commessa
HIST-ATOM-0000027024-S25/0206,STORICO-20250924-SPRAY,2025-09-24,,Spray Dryer,S25/0206,,WSDGRFSC1718000A,Semilavorato Griffonia seme e.s.        18-23% 5-HTP,0.0,0,0,24.0,27.0,88.88888888888889,24.0,,,STORICO_GESTIONALE_ATOM | Seriale 0000027024 | Taglio da esplosione commessa
HIST-ATOM-0000027023-S25/0205,STORICO-20250924-SPRAY,2025-09-24,,Spray Dryer,S25/0205,,WSDGRFSC1718000A,Semilavorato Griffonia seme e.s.        18-23% 5-HTP,0.0,0,0,18.95,20.95,90.45346062052506,18.95,,,STORICO_GESTIONALE_ATOM | Seriale 0000027023 | Taglio da esplosione commessa
HIST-ATOM-0000027022-S25/0202,STORICO-20250924-SPRAY,2025-09-24,,Spray Dryer,S25/0202,,WSDMLLOC2202000A,Semilavorato Meliloto erba fiorita e.s.,0.0,0,0,99.0,309.0,32.038834951456316,123.60000000000001,,,STORICO_GESTIONALE_ATOM | Seriale 0000027022 | Taglio da esplosione commessa
HIST-ATOM-0000027008-S25/0201,STORICO-20250923-SPRAY,2025-09-23,,Spray Dryer,S25/0201,,WSDSLVOC08R0400A,Semilavorato Salvia foglia e.s. D/E 4:1,0.0,0,0,70.0,115.0,60.86956521739131,70.0,,,STORICO_GESTIONALE_ATOM | Seriale 0000027008 | Taglio da esplosione commessa
HIST-ATOM-0000026974-S25/0200,STORICO-20250922-SPRAY,2025-09-22,,Spray Dryer,S25/0200,,WSDPMPAC05R0400A,Semilavorato Anice verde frutto e.s. D/E4:1,0.0,0,0,41.69999999999999,131.7,31.6628701594533,52.68,,,STORICO_GESTIONALE_ATOM | Seriale 0000026974 | Taglio da esplosione commessa
HIST-ATOM-0000026961-S25/0199,STORICO-20250919-SPRAY,2025-09-19,,Spray Dryer,S25/0199,,WSDCLNTC17R0200A,Semilavorato Cola noci seme e.s. solubilD/E 2:1 2 % caffeina,0.0,0,0,62.5,172.5,36.231884057971016,69.0,,,STORICO_GESTIONALE_ATOM | Seriale 0000026961 | Taglio da esplosione commessa
HIST-ATOM-0000026959-S25/0198,STORICO-20250918-SPRAY,2025-09-18,,Spray Dryer,S25/0198,,WSDMLLOC2202000A,Semilavorato Meliloto erba fiorita e.s.,0.0,0,0,89.0,279.0,31.899641577060933,111.60000000000001,,,STORICO_GESTIONALE_ATOM | Seriale 0000026959 | Taglio da esplosione commessa
HIST-ATOM-0000026952-S25/0197,STORICO-20250918-SPRAY,2025-09-18,,Spray Dryer,S25/0197,,WSDADNCC07R0400A,Semilavorato Capelvenere erba e.s.      D/E 4:1,0.0,0,0,53.5,148.5,36.02693602693603,59.400000000000006,,,STORICO_GESTIONALE_ATOM | Seriale 0000026952 | Taglio da esplosione commessa
HIST-ATOM-0000026942-S25/0196,STORICO-20250917-SPRAY,2025-09-17,,Spray Dryer,S25/0196,,WSDVTSTC08R0200A,Semilavorato Vite rossa foglia e.s.,0.0,0,0,194.0,474.0,40.92827004219409,194.0,,,STORICO_GESTIONALE_ATOM | Seriale 0000026942 | Taglio da esplosione commessa
HIST-ATOM-0000026936-S25/0194,STORICO-20250916-SPRAY,2025-09-16,,Spray Dryer,S25/0194,,WSDFLPUC07R0400A,Semilavorato Spirea erba (sommita') e.s.D/E 4:1,0.0,0,0,76.0,191.0,39.79057591623037,76.4,,,STORICO_GESTIONALE_ATOM | Seriale 0000026936 | Taglio da esplosione commessa
HIST-ATOM-0000026935-S25/0195,STORICO-20250916-SPRAY,2025-09-16,,Spray Dryer,S25/0195,,WSDCRMCC05R0400A,Semilavorato Carvi frutti e.s. D/E 4:1,0.0,0,0,21.0,56.0,37.5,22.400000000000002,,,STORICO_GESTIONALE_ATOM | Seriale 0000026935 | Taglio da esplosione commessa
HIST-ATOM-0000026903-S25/0192,STORICO-20250915-SPRAY,2025-09-15,,Spray Dryer,S25/0192,,WSDASPLC08R0400A,Semilavorato Rooibos foglia estratto secD/E 4:1,0.0,0,0,44.0,144.0,30.555555555555557,57.6,,,STORICO_GESTIONALE_ATOM | Seriale 0000026903 | Taglio da esplosione commessa
HIST-ATOM-0000026899-S25/0191,STORICO-20250912-SPRAY,2025-09-12,,Spray Dryer,S25/0191,,WSDVTSTC08R0200A,Semilavorato Vite rossa foglia e.s.,0.0,0,0,132.0,362.0,36.46408839779006,144.8,,,STORICO_GESTIONALE_ATOM | Seriale 0000026899 | Taglio da esplosione commessa
HIST-ATOM-0000026883-S25/0189,STORICO-20250910-SPRAY,2025-09-10,,Spray Dryer,S25/0189,,WSDRBSNC08R0300A,Semilavorato Ribes nero foglia e.s.,0.0,0,0,206.70000000000005,546.7,37.80867020303641,218.68000000000004,,,STORICO_GESTIONALE_ATOM | Seriale 0000026883 | Taglio da esplosione commessa
HIST-ATOM-0000026882-S25/0190,STORICO-20250910-SPRAY,2025-09-10,,Spray Dryer,S25/0190,,WSDPHSVL12R0200A,Semilavorato Fagiolo baccello e.s. Local,0.0,0,0,8.2,28.2,29.078014184397162,11.280000000000001,,,STORICO_GESTIONALE_ATOM | Seriale 0000026882 | Taglio da esplosione commessa
HIST-ATOM-0000026873-S25/0188,STORICO-20250908-SPRAY,2025-09-08,,Spray Dryer,S25/0188,,WSDECHUC07R0400A,Semilavorato Echinacea purpurea erba    estratto secco D/E 4:1,0.0,0,0,69.6,169.6,41.0377358490566,69.6,,,STORICO_GESTIONALE_ATOM | Seriale 0000026873 | Taglio da esplosione commessa
HIST-ATOM-0000026862-S25/0187,STORICO-20250905-SPRAY,2025-09-05,,Spray Dryer,S25/0187,,WSDHRPPC1400500A,Semilavorato Artiglio del diavolo radicee.s. >= 2.5% arpagodside,0.0,0,0,155.4,215.4,72.14484679665738,155.4,,,STORICO_GESTIONALE_ATOM | Seriale 0000026862 | Taglio da esplosione commessa
HIST-ATOM-0000026855-S25/0186,STORICO-20250904-SPRAY,2025-09-04,,Spray Dryer,S25/0186,,YSDMNTPC08R0400A,Semilavorato Menta foglie estratto secco D/E 4:1,0.0,0,0,25.6,64.0,40.0,25.6,,,STORICO_GESTIONALE_ATOM | Seriale 0000026855 | Taglio standard 40% per assenza distinta completa
HIST-ATOM-0000026809-S25/0185,STORICO-20250904-SPRAY,2025-09-04,,Spray Dryer,S25/0185,,WSDANGAC14R0200A,Semilavorato Angelica Archangelica radice.s.,0.0,0,0,254.5,554.5,45.89720468890893,254.5,,,STORICO_GESTIONALE_ATOM | Seriale 0000026809 | Taglio da esplosione commessa
HIST-ATOM-0000026785-E25/2661,STORICO-20250903-SPRAY,2025-09-03,,Spray Dryer,E25/2661,,SSDPRNDC05R0400A,Prugna frutto estratto secco            D/E 4:1,0.0,0,0,27.5,50.0,55.00000000000001,27.5,,,STORICO_GESTIONALE_ATOM | Seriale 0000026785 | Taglio da esplosione commessa
HIST-ATOM-0000026777-S25/0184,STORICO-20250902-SPRAY,2025-09-02,,Spray Dryer,S25/0184,,WSDFNCOC17R0200A,Semilavorato Finocchio dolce seme e.s.,0.0,0,0,142.0,437.0,32.494279176201374,174.8,,,STORICO_GESTIONALE_ATOM | Seriale 0000026777 | Taglio da esplosione commessa
HIST-ATOM-0000026775-S25/0182,STORICO-20250901-SPRAY,2025-09-01,,Spray Dryer,S25/0182,,WSDGRFSC1718000A,Semilavorato Griffonia seme e.s.        18-23% 5-HTP,0.0,0,0,23.9,26.9,88.84758364312268,23.9,,,STORICO_GESTIONALE_ATOM | Seriale 0000026775 | Taglio da esplosione commessa
HIST-ATOM-0000026773-S25/0183,STORICO-20250901-SPRAY,2025-09-01,,Spray Dryer,S25/0183,,WSDCRNSC05R0400A,Semilavorato Coriandolo frutto e.s.     D/E 4:1,0.0,0,0,102.39999999999998,302.4,33.86243386243385,120.96,,,STORICO_GESTIONALE_ATOM | Seriale 0000026773 | Taglio da esplosione commessa
HIST-ATOM-0000026770-S25/0180,STORICO-20250829-SPRAY,2025-08-29,,Spray Dryer,S25/0180,,WSDARCLC1400000A,Semilavorato Bardana radice estratto sec,0.0,0,0,81.75,331.75,24.642049736247174,132.70000000000002,,,STORICO_GESTIONALE_ATOM | Seriale 0000026770 | Taglio da esplosione commessa
HIST-ATOM-0000026728-S25/0181,STORICO-20250828-SPRAY,2025-08-28,,Spray Dryer,S25/0181,,YSDCLNOC04R1000A,Semilavorato Calendula fiori e.s. D/E 10,0.0,0,0,122.5,382.5,32.02614379084967,153.0,,,STORICO_GESTIONALE_ATOM | Seriale 0000026728 | Taglio da esplosione commessa
HIST-ATOM-0000026697-E25/2623,STORICO-20250828-SPRAY,2025-08-28,,Spray Dryer,E25/2623,,TSDORTSC2200100A,Ortosifonide erba con fiori estratto     secco >=0.1%sinensetina,0.0,0,0,2.0,5.0,40.0,2.0,,,STORICO_GESTIONALE_ATOM | Seriale 0000026697 | Taglio standard 40% per assenza distinta completa
HIST-ATOM-0000026653-E25/2615,STORICO-20250827-SPRAY,2025-08-27,,Spray Dryer,E25/2615,,SSDPRNDC05R0400A,Prugna frutto estratto secco            D/E 4:1,0.0,0,0,49.5,80.0,61.875,49.5,,,STORICO_GESTIONALE_ATOM | Seriale 0000026653 | Taglio da esplosione commessa
HIST-ATOM-0000026644-S25/0179,STORICO-20250826-SPRAY,2025-08-26,,Spray Dryer,S25/0179,,WSDPLLCC17R0200A,Semilavorato Guarana' seme e.s.         D/E 2:1,0.0,0,0,147.2,355.2,41.44144144144144,147.2,,,STORICO_GESTIONALE_ATOM | Seriale 0000026644 | Taglio da esplosione commessa
HIST-ATOM-0000026631-S25/0176,STORICO-20250825-SPRAY,2025-08-25,,Spray Dryer,S25/0176,,WSDGLGOC07R0400A,Semilavorato Galega erba fiorita e.s.    D/E 4:1,0.0,0,0,105.0,295.0,35.59322033898305,118.0,,,STORICO_GESTIONALE_ATOM | Seriale 0000026631 | Taglio da esplosione commessa
HIST-ATOM-0000026630-S25/0177,STORICO-20250825-SPRAY,2025-08-25,,Spray Dryer,S25/0177,,WSDVTXAC05R0300A,Semilavorato Agnocasto frutto e.s.,0.0,0,0,58.5,126.0,46.42857142857143,58.5,,,STORICO_GESTIONALE_ATOM | Seriale 0000026630 | Taglio da esplosione commessa
HIST-ATOM-0000026629-S25/0178,STORICO-20250825-SPRAY,2025-08-25,,Spray Dryer,S25/0178,,WSDURTDC08R0200A,Semilavorato Ortica foglia estratto secc,0.0,0,0,129.60000000000002,304.6,42.547603414313855,129.60000000000002,,,STORICO_GESTIONALE_ATOM | Seriale 0000026629 | Taglio da esplosione commessa
HIST-ATOM-0000026628-S25/0175,STORICO-20250825-SPRAY,2025-08-25,,Spray Dryer,S25/0175,,WSDSSYOC34R0400A,Semilavorato Erisimo sommita' fiorita   estratto secco  D/E 4:1,0.0,0,0,99.0,324.0,30.555555555555557,129.6,,,STORICO_GESTIONALE_ATOM | Seriale 0000026628 | Taglio da esplosione commessa
HIST-ATOM-0000026626-S25/0174,STORICO-20250825-SPRAY,2025-08-25,,Spray Dryer,S25/0174,,WSDCNNZC02R0200A,Semilavorato Cannella corteccia e.s.     D/E 2:1,0.0,0,0,55.0,255.0,21.568627450980394,102.0,,,STORICO_GESTIONALE_ATOM | Seriale 0000026626 | Taglio da esplosione commessa
HIST-ATOM-0000026617-S25/0173,STORICO-20250808-SPRAY,2025-08-08,,Spray Dryer,S25/0173,,WSDORTSC08R0300A,Semilavorato Ortosiphon foglia e.s.,0.0,0,0,192.3,432.3,44.482997918112424,192.3,,,STORICO_GESTIONALE_ATOM | Seriale 0000026617 | Taglio da esplosione commessa
HIST-ATOM-0000026597-S25/0172,STORICO-20250807-SPRAY,2025-08-07,,Spray Dryer,S25/0172,,YSDMNTPC08R0400A,Semilavorato Menta foglie estratto secco D/E 4:1,0.0,0,0,40.0,100.0,40.0,40.0,,,STORICO_GESTIONALE_ATOM | Seriale 0000026597 | Taglio da esplosione commessa
HIST-ATOM-0000026592-S25/0171,STORICO-20250806-SPRAY,2025-08-06,,Spray Dryer,S25/0171,,WSDHDRHC08R0400A,Semilavorato Edera foglia e.s. D/E 4:1,0.0,0,0,163.0,338.0,48.22485207100592,163.0,,,STORICO_GESTIONALE_ATOM | Seriale 0000026592 | Taglio da esplosione commessa
HIST-ATOM-0000026589-S25/0170,STORICO-20250806-SPRAY,2025-08-06,,Spray Dryer,S25/0170,,WSDILLVC05R0200A,Semilavorato Anice stellato frutto e.s.,0.0,0,0,39.5,139.5,28.31541218637993,55.800000000000004,,,STORICO_GESTIONALE_ATOM | Seriale 0000026589 | Taglio da esplosione commessa
HIST-ATOM-0000026586-S25/0169,STORICO-20250805-SPRAY,2025-08-05,,Spray Dryer,S25/0169,,WSDMLVSC24R0400A,Semilavorato Malva fiori/foglie e.s.,0.0,0,0,216.60000000000002,561.6,38.56837606837607,224.64000000000001,,,STORICO_GESTIONALE_ATOM | Seriale 0000026586 | Taglio da esplosione commessa
HIST-ATOM-0000026574-S25/0167,STORICO-20250731-SPRAY,2025-07-31,,Spray Dryer,S25/0167,,WSDDSMAC08R0400A,Semilavorato Desmodio foglia e.s.       solubile D/E 4:1,0.0,0,0,52.400000000000006,162.4,32.266009852216754,64.96000000000001,,,STORICO_GESTIONALE_ATOM | Seriale 0000026574 | Taglio da esplosione commessa
HIST-ATOM-0000026573-S25/0165,STORICO-20250731-SPRAY,2025-07-31,,Spray Dryer,S25/0165,,YSDBTLAC08R0400A,Semilavorato Betulla foglie estratto sec,0.0,0,0,46.10000000000002,321.1,14.356898162566184,128.44000000000003,,,STORICO_GESTIONALE_ATOM | Seriale 0000026573 | Taglio da esplosione commessa
HIST-ATOM-0000026565-S25/0166,STORICO-20250730-SPRAY,2025-07-30,,Spray Dryer,S25/0166,,YSDVLROB1400200A,"Semilavorato Valeriana radice estratto   secco >=0,20% acidi sesquiterpenici tot. calc. co",0.0,0,0,74.4,154.4,48.186528497409334,74.4,,,STORICO_GESTIONALE_ATOM | Seriale 0000026565 | Taglio da esplosione commessa
HIST-ATOM-0000026561-S25/0164,STORICO-20250730-SPRAY,2025-07-30,,Spray Dryer,S25/0164,,WSDALTOC14R0200A,Semilavorato Altea radice estratto secco,0.0,0,0,70.4,230.4,30.555555555555557,92.16000000000001,,,STORICO_GESTIONALE_ATOM | Seriale 0000026561 | Taglio da esplosione commessa
HIST-ATOM-0000026560-S25/0163T,STORICO-20250729-SPRAY,2025-07-29,,Spray Dryer,S25/0163T,,WSDTNCPF08R0400A,Semilavorato Tanaceto Partenio erba fiore.s. D/E 4:1 da Filiera Certificata ISO 22005,0.0,0,0,76.5,266.5,28.705440900562852,106.60000000000001,,,STORICO_GESTIONALE_ATOM | Seriale 0000026560 | Taglio da esplosione commessa
HIST-ATOM-0000026555-S25/0162,STORICO-20250729-SPRAY,2025-07-29,,Spray Dryer,S25/0162,,WSDTRXOC14R0400A,Semilavorato Tarassaco radice estratto  secco D/E 4:1,0.0,0,0,51.0,226.0,22.566371681415927,90.4,,,STORICO_GESTIONALE_ATOM | Seriale 0000026555 | Taglio da esplosione commessa
HIST-ATOM-0000026532-S25/0155,STORICO-20250725-SPRAY,2025-07-25,,Spray Dryer,S25/0155,,WSDTLSPC04R0200A,Semilavorato Tiglio fiore estratto secco2:1,0.0,0,0,182.5,462.5,39.45945945945946,185.0,,,STORICO_GESTIONALE_ATOM | Seriale 0000026532 | Taglio da esplosione commessa
HIST-ATOM-0000026484-E25/2358,STORICO-20250721-SPRAY,2025-07-21,,Spray Dryer,E25/2358,,SSDPLLNC31R0300A,Polline naturale granuli estratto secco,0.0,0,0,80.0,200.0,40.0,80.0,,,STORICO_GESTIONALE_ATOM | Seriale 0000026484 | Taglio standard 40% per assenza distinta completa
HIST-ATOM-0000026435-E25/2328,STORICO-20250716-SPRAY,2025-07-16,,Spray Dryer,E25/2328,,VGLHONYC3200000A,Miele polvere 40-50,0.0,0,0,20.0,50.0,40.0,20.0,,,STORICO_GESTIONALE_ATOM | Seriale 0000026435 | Taglio standard 40% per assenza distinta completa
HIST-ATOM-0000026323-E25/2277,STORICO-20250709-SPRAY,2025-07-09,,Spray Dryer,E25/2277,,TSDORTSC2200100A,Ortosifonide erba con fiori estratto     secco >=0.1%sinensetina,0.0,0,0,2.0,5.0,40.0,2.0,,,STORICO_GESTIONALE_ATOM | Seriale 0000026323 | Taglio da esplosione commessa
HIST-ATOM-0000026299-S25/0154,STORICO-20250708-SPRAY,2025-07-08,,Spray Dryer,S25/0154,,WSDMLSOC08R0400A,Semilavorato Melissa foglia e.s. D/E 4:1,0.0,0,0,102.0,113.0,90.2654867256637,102.0,,,STORICO_GESTIONALE_ATOM | Seriale 0000026299 | Taglio da esplosione commessa
HIST-ATOM-0000026287-S25/0152,STORICO-20250703-SPRAY,2025-07-03,,Spray Dryer,S25/0152,,WSDMLSOC08R0400A,Semilavorato Melissa foglia e.s. D/E 4:1,0.0,0,0,205.2,231.7,88.56279671989643,205.2,,,STORICO_GESTIONALE_ATOM | Seriale 0000026287 | Taglio da esplosione commessa
HIST-ATOM-0000026254-S25/0148,STORICO-20250703-SPRAY,2025-07-03,,Spray Dryer,S25/0148,,WSDRSMOC08R0400A,Semilavorato Rosmarino foglia e.s.      D/E 4:1,0.0,0,0,181.5,249.5,72.74549098196393,181.5,,,STORICO_GESTIONALE_ATOM | Seriale 0000026254 | Taglio da esplosione commessa
HIST-ATOM-0000026253-S25/0151,STORICO-20250703-SPRAY,2025-07-03,,Spray Dryer,S25/0151,,VGLHONYC3200000A,Miele polvere 40-50,0.0,0,0,32.80000000000001,232.8,14.089347079037806,93.12,,,STORICO_GESTIONALE_ATOM | Seriale 0000026253 | Taglio da esplosione commessa
HIST-ATOM-0000026237-S25/0150,STORICO-20250701-SPRAY,2025-07-01,,Spray Dryer,S25/0150,,WSDLYCBC05R0400A,Semilavorato Goji frutto e.s. solubile   D/E 4:1,0.0,0,0,18.5,173.5,10.662824207492795,69.4,,,STORICO_GESTIONALE_ATOM | Seriale 0000026237 | Taglio da esplosione commessa
HIST-ATOM-0000026182-S25/0146,STORICO-20250627-SPRAY,2025-06-27,,Spray Dryer,S25/0146,,WSDPSSIC07R0400A,Semilavorato Passiflora erba fiorita e.sD/E 4:1,0.0,0,0,106.0,286.0,37.06293706293706,114.4,,,STORICO_GESTIONALE_ATOM | Seriale 0000026182 | Taglio da esplosione commessa
HIST-ATOM-0000026179-S25/0145,STORICO-20250627-SPRAY,2025-06-27,,Spray Dryer,S25/0145,,WSDHMLLC09R0200A,Semilavorato Luppolo infioresc. e.s.,0.0,0,0,58.0,208.0,27.884615384615387,83.2,,,STORICO_GESTIONALE_ATOM | Seriale 0000026179 | Taglio da esplosione commessa
HIST-ATOM-0000026168-S25/0143,STORICO-20250626-SPRAY,2025-06-26,,Spray Dryer,S25/0143,,WSDHRCPC0700000A,Semilavorato Pilosella Erba e.s.,0.0,0,0,46.0,236.0,19.491525423728813,94.4,,,STORICO_GESTIONALE_ATOM | Seriale 0000026168 | Taglio da esplosione commessa
HIST-ATOM-0000026159-E25/2105,STORICO-20250625-SPRAY,2025-06-25,,Spray Dryer,E25/2105,,TSDPSSIC0740000A,"Passiflora erba fiorita estr. secco >=  4,0% flavonoidi totali calc. come vitessina",0.0,0,0,97.0,107.0,90.65420560747664,97.0,,,STORICO_GESTIONALE_ATOM | Seriale 0000026159 | Taglio da esplosione commessa
HIST-ATOM-0000026141-S25/0140,STORICO-20250623-SPRAY,2025-06-23,,Spray Dryer,S25/0140,,WSDPLLCC17R0200A,Semilavorato Guarana' seme e.s.         D/E 2:1,0.0,0,0,224.5,709.5,31.64200140944327,283.8,,,STORICO_GESTIONALE_ATOM | Seriale 0000026141 | Taglio da esplosione commessa
HIST-ATOM-0000026140-E25/2057,STORICO-20250623-SPRAY,2025-06-23,,Spray Dryer,E25/2057,,SSDECHUC14R0200A,Echinacea purpurea radice estratto secco,0.0,0,0,147.0,204.0,72.05882352941177,147.0,,,STORICO_GESTIONALE_ATOM | Seriale 0000026140 | Taglio da esplosione commessa
HIST-ATOM-0000026138-S25/0141,STORICO-20250623-SPRAY,2025-06-23,,Spray Dryer,S25/0141,,WSDHRCPC0700000A,Semilavorato Pilosella Erba e.s.,0.0,0,0,7.0,47.0,14.893617021276595,18.8,,,STORICO_GESTIONALE_ATOM | Seriale 0000026138 | Taglio da esplosione commessa
HIST-ATOM-0000026137-E25/2085,STORICO-20250623-SPRAY,2025-06-23,,Spray Dryer,E25/2085,,SSDTLSPC04R0200A,Tiglio fiore estratto secco 2:1,0.0,0,0,5.700000000000003,65.7,8.675799086757994,26.28,,,STORICO_GESTIONALE_ATOM | Seriale 0000026137 | Taglio da esplosione commessa
HIST-ATOM-0000026099-E25/2050,STORICO-20250619-SPRAY,2025-06-19,,Spray Dryer,E25/2050,,ASDMLSOC0812000N,"Melissa foglia estratto secco >=12,0%    derivati idrossicinnamici calc.come acido rosmari",0.0,0,0,95.0,120.0,79.16666666666666,95.0,,,STORICO_GESTIONALE_ATOM | Seriale 0000026099 | Taglio da esplosione commessa
HIST-ATOM-0000026098-S25/0139,STORICO-20250618-SPRAY,2025-06-18,,Spray Dryer,S25/0139,,WSDMDBAC05R1000A,Semilavorato Mela annurca e.s. acquoso  frutto D/E 10:1,0.0,0,0,17.0,217.0,7.834101382488479,86.80000000000001,,,STORICO_GESTIONALE_ATOM | Seriale 0000026098 | Taglio da esplosione commessa
HIST-ATOM-0000026096-S25/0138,STORICO-20250617-SPRAY,2025-06-17,,Spray Dryer,S25/0138,,WSDTRGFC1700000A,Semilavorato Fieno greco seme es,0.0,0,0,69.30000000000001,344.3,20.127795527156554,137.72,,,STORICO_GESTIONALE_ATOM | Seriale 0000026096 | Taglio da esplosione commessa
HIST-ATOM-0000026087-S25/0137,STORICO-20250613-SPRAY,2025-06-13,,Spray Dryer,S25/0137,,WSDARCLC1400000A,Semilavorato Bardana radice estratto sec,0.0,0,0,39.19999999999999,274.2,14.296134208606853,109.68,,,STORICO_GESTIONALE_ATOM | Seriale 0000026087 | Taglio da esplosione commessa
HIST-ATOM-0000026082-S25/0136,STORICO-20250612-SPRAY,2025-06-12,,Spray Dryer,S25/0136,,YSDBTLAC08R0400A,Semilavorato Betulla foglie estratto sec,0.0,0,0,9.099999999999994,129.1,7.048799380325326,51.64,,,STORICO_GESTIONALE_ATOM | Seriale 0000026082 | Taglio da esplosione commessa
HIST-ATOM-0000026075-S25/0135,STORICO-20250612-SPRAY,2025-06-12,,Spray Dryer,S25/0135,,WSDMTRCC03R0400A,Semilavorato Camomilla fiore estratto    D/E 4:1,0.0,0,0,90.0,265.0,33.9622641509434,106.0,,,STORICO_GESTIONALE_ATOM | Seriale 0000026075 | Taglio da esplosione commessa
HIST-ATOM-0000026054-E25/1971,STORICO-20250611-SPRAY,2025-06-11,,Spray Dryer,E25/1971,,VGLHONYC3200000A,Miele polvere 40-50,0.0,0,0,176.0,200.0,88.0,176.0,,,STORICO_GESTIONALE_ATOM | Seriale 0000026054 | Taglio da esplosione commessa
HIST-ATOM-0000026049-S25/0134,STORICO-20250611-SPRAY,2025-06-11,,Spray Dryer,S25/0134,,WSDMDBAC05R1000A,Semilavorato Mela annurca e.s. acquoso  frutto D/E 10:1,0.0,0,0,47.5,261.5,18.164435946462714,104.60000000000001,,,STORICO_GESTIONALE_ATOM | Seriale 0000026049 | Taglio da esplosione commessa
HIST-ATOM-0000026038-S25/0133,STORICO-20250609-SPRAY,2025-06-09,,Spray Dryer,S25/0133,,WSDMLSOC08R0400A,Semilavorato Melissa foglia e.s. D/E 4:1,0.0,0,0,128.2,148.2,86.5047233468286,128.2,,,STORICO_GESTIONALE_ATOM | Seriale 0000026038 | Taglio da esplosione commessa
HIST-ATOM-0000026036-S25/0131,STORICO-20250609-SPRAY,2025-06-09,,Spray Dryer,S25/0131,,WSDVLTRC22R0200A,Semilavorato Viola tricolor erba fioritaestr.secco,0.0,0,0,92.5,292.5,31.62393162393162,117.0,,,STORICO_GESTIONALE_ATOM | Seriale 0000026036 | Taglio da esplosione commessa
HIST-ATOM-0000026035-E25/1939,STORICO-20250609-SPRAY,2025-06-09,,Spray Dryer,E25/1939,,TSDMLSOC0804000A,"Melissa foglia estratto secco >= 4,0%   acido rosmarinico (UV)",0.0,0,0,1.2000000000000002,5.0,24.000000000000004,2.0,,,STORICO_GESTIONALE_ATOM | Seriale 0000026035 | Taglio da esplosione commessa
HIST-ATOM-0000026031-E25/1940,STORICO-20250609-SPRAY,2025-06-09,,Spray Dryer,E25/1940,,ASDMLSOC0812000N,"Melissa foglia estratto secco >=12,0%    derivati idrossicinnamici calc.come acido rosmari",0.0,0,0,64.0,100.0,64.0,64.0,,,STORICO_GESTIONALE_ATOM | Seriale 0000026031 | Taglio da esplosione commessa
HIST-ATOM-0000026016-E25/1875,STORICO-20250606-SPRAY,2025-06-06,,Spray Dryer,E25/1875,,FTMTHYVC10R1062A,Timo sommità tintura madre D/E 1:10      (62°),0.0,0,0,4.0,10.0,40.0,4.0,,,STORICO_GESTIONALE_ATOM | Seriale 0000026016 | Taglio standard 40% per assenza distinta completa
HIST-ATOM-0000025956-S25/0132,STORICO-20250606-SPRAY,2025-06-06,,Spray Dryer,S25/0132,,WSDMLSOC08R0400A,Semilavorato Melissa foglia e.s. D/E 4:1,0.0,0,0,144.2,164.2,87.81973203410475,144.2,,,STORICO_GESTIONALE_ATOM | Seriale 0000025956 | Taglio da esplosione commessa
HIST-ATOM-0000025955-S25/0130,STORICO-20250605-SPRAY,2025-06-05,,Spray Dryer,S25/0130,,WSDRBSNC08R0300A,Semilavorato Ribes nero foglia e.s.,0.0,0,0,176.96000000000004,447.0,39.58836689038032,178.8,,,STORICO_GESTIONALE_ATOM | Seriale 0000025955 | Taglio da esplosione commessa
HIST-ATOM-0000025938-E25/1657,STORICO-20250604-SPRAY,2025-06-04,,Spray Dryer,E25/1657,,VSDTROXC3200000A,Troxerutina,0.0,0,0,480.0,500.0,96.0,480.0,,,STORICO_GESTIONALE_ATOM | Seriale 0000025938 | Taglio da esplosione commessa
HIST-ATOM-0000025937-S25/0129,STORICO-20250604-SPRAY,2025-06-04,,Spray Dryer,S25/0129,,WSDGLYGC14R0400A,Semilavorato Liquirizia radice e.s.     D/E 4:1,0.0,0,0,48.150000000000006,180.0,26.75,72.0,,,STORICO_GESTIONALE_ATOM | Seriale 0000025937 | Taglio da esplosione commessa
HIST-ATOM-0000025926-S25/0128,STORICO-20250603-SPRAY,2025-06-03,,Spray Dryer,S25/0128,,WSDHRPPC1400500A,Semilavorato Artiglio del diavolo radicee.s. >= 2.5% arpagodside,0.0,0,0,304.29999999999995,419.7,72.5041696449845,304.29999999999995,,,STORICO_GESTIONALE_ATOM | Seriale 0000025926 | Taglio da esplosione commessa
HIST-ATOM-0000025925-S25/0127,STORICO-20250603-SPRAY,2025-06-03,,Spray Dryer,S25/0127,,WSDHRPPC1400500A,Semilavorato Artiglio del diavolo radicee.s. >= 2.5% arpagodside,0.0,0,0,283.0,383.0,73.89033942558747,283.0,,,STORICO_GESTIONALE_ATOM | Seriale 0000025925 | Taglio da esplosione commessa
HIST-ATOM-0000025836-S25/0126,STORICO-20250529-SPRAY,2025-05-29,,Spray Dryer,S25/0126,,WSDCTRGC1700000A,Semilavorato Pompelmo seme e.s.,0.0,0,0,54.5,169.5,32.15339233038348,67.8,,,STORICO_GESTIONALE_ATOM | Seriale 0000025836 | Taglio da esplosione commessa
HIST-ATOM-0000025824-S25/0125,STORICO-20250528-SPRAY,2025-05-28,,Spray Dryer,S25/0125,,WSDFLPUC07R0400A,Semilavorato Spirea erba (sommita') e.s.D/E 4:1,0.0,0,0,88.5,248.5,35.61368209255533,99.4,,,STORICO_GESTIONALE_ATOM | Seriale 0000025824 | Taglio da esplosione commessa
HIST-ATOM-0000025819-S25/0121,STORICO-20250527-SPRAY,2025-05-27,,Spray Dryer,S25/0121,,WSDCLNTC17R0200A,Semilavorato Cola noci seme e.s. solubilD/E 2:1 2 % caffeina,0.0,0,0,77.75,237.75,32.70241850683491,95.10000000000001,,,STORICO_GESTIONALE_ATOM | Seriale 0000025819 | Taglio da esplosione commessa
HIST-ATOM-0000025814-S25/0123,STORICO-20250524-SPRAY,2025-05-24,,Spray Dryer,S25/0123,,YSDBTLAC08R0400A,Semilavorato Betulla foglie estratto sec,0.0,0,0,25.5,81.5,31.28834355828221,32.6,,,STORICO_GESTIONALE_ATOM | Seriale 0000025814 | Taglio da esplosione commessa
HIST-ATOM-0000025812-E25/1824,STORICO-20250524-SPRAY,2025-05-24,,Spray Dryer,E25/1824,,TSDMLSOC0804000A,"Melissa foglia estratto secco >= 4,0%   acido rosmarinico (UV)",0.0,0,0,39.5,200.0,19.75,80.0,,,STORICO_GESTIONALE_ATOM | Seriale 0000025812 | Taglio da esplosione commessa
HIST-ATOM-0000025810-S25/0122,STORICO-20250524-SPRAY,2025-05-24,,Spray Dryer,S25/0122,,WSDMLSOC08R0400A,Semilavorato Melissa foglia e.s. D/E 4:1,0.0,0,0,81.3,91.8,88.56209150326796,81.3,,,STORICO_GESTIONALE_ATOM | Seriale 0000025810 | Taglio da esplosione commessa
HIST-ATOM-0000025808-S25/0119,STORICO-20250524-SPRAY,2025-05-24,,Spray Dryer,S25/0119,,WSDMLVSC24R0400A,Semilavorato Malva fiori/foglie e.s.,0.0,0,0,53.0,123.0,43.08943089430895,53.0,,,STORICO_GESTIONALE_ATOM | Seriale 0000025808 | Taglio da esplosione commessa
HIST-ATOM-0000025807-S25/0118,STORICO-20250523-SPRAY,2025-05-23,,Spray Dryer,S25/0118,,WSDECHUC07R0400A,Semilavorato Echinacea purpurea erba    estratto secco D/E 4:1,0.0,0,0,119.0,269.0,44.237918215613384,119.0,,,STORICO_GESTIONALE_ATOM | Seriale 0000025807 | Taglio da esplosione commessa
HIST-ATOM-0000025799-S25/0115,STORICO-20250522-SPRAY,2025-05-22,,Spray Dryer,S25/0115,,WSDPLLCC17R0200A,Semilavorato Guarana' seme e.s.         D/E 2:1,0.0,0,0,212.0,602.0,35.21594684385382,240.8,,,STORICO_GESTIONALE_ATOM | Seriale 0000025799 | Taglio da esplosione commessa
HIST-ATOM-0000025738-S25/0116,STORICO-20250520-SPRAY,2025-05-20,,Spray Dryer,S25/0116,,WSDFLPUC07R0400A,Semilavorato Spirea erba (sommita') e.s.D/E 4:1,0.0,0,0,57.5,157.5,36.507936507936506,63.0,,,STORICO_GESTIONALE_ATOM | Seriale 0000025738 | Taglio da esplosione commessa
HIST-ATOM-0000025736-S25/0114,STORICO-20250519-SPRAY,2025-05-19,,Spray Dryer,S25/0114,,WSDORTSC08R0300A,Semilavorato Ortosiphon foglia e.s.,0.0,0,0,92.0,217.0,42.3963133640553,92.0,,,STORICO_GESTIONALE_ATOM | Seriale 0000025736 | Taglio da esplosione commessa
HIST-ATOM-0000025727-S25/0113,STORICO-20250517-SPRAY,2025-05-17,,Spray Dryer,S25/0113,,WSDURTDC08R0200A,Semilavorato Ortica foglia estratto secc,0.0,0,0,57.0,122.0,46.72131147540984,57.0,,,STORICO_GESTIONALE_ATOM | Seriale 0000025727 | Taglio da esplosione commessa
HIST-ATOM-0000025655-S25/0112,STORICO-20250517-SPRAY,2025-05-17,,Spray Dryer,S25/0112,,WSDPLLCC17R0200A,Semilavorato Guarana' seme e.s.         D/E 2:1,0.0,0,0,33.0,103.0,32.038834951456316,41.2,,,STORICO_GESTIONALE_ATOM | Seriale 0000025655 | Taglio da esplosione commessa
HIST-ATOM-0000025650-S25/0109,STORICO-20250516-SPRAY,2025-05-16,,Spray Dryer,S25/0109,,WSDFLPUC07R0400A,Semilavorato Spirea erba (sommita') e.s.D/E 4:1,0.0,0,0,34.0,109.0,31.19266055045872,43.6,,,STORICO_GESTIONALE_ATOM | Seriale 0000025650 | Taglio da esplosione commessa
HIST-ATOM-0000025649-E25/1758,STORICO-20250516-SPRAY,2025-05-16,,Spray Dryer,E25/1758,,ASDMLSOC0812000N,"Melissa foglia estratto secco >=12,0%    derivati idrossicinnamici calc.come acido rosmari",0.0,0,0,34.5,75.0,46.0,34.5,,,STORICO_GESTIONALE_ATOM | Seriale 0000025649 | Taglio da esplosione commessa
HIST-ATOM-0000025645-E25/1761,STORICO-20250516-SPRAY,2025-05-16,,Spray Dryer,E25/1761,,TSDMLSOC0804000A,"Melissa foglia estratto secco >= 4,0%   acido rosmarinico (UV)",0.0,0,0,68.5,450.0,15.222222222222223,180.0,,,STORICO_GESTIONALE_ATOM | Seriale 0000025645 | Taglio da esplosione commessa
HIST-ATOM-0000025644-S25/0107,STORICO-20250516-SPRAY,2025-05-16,,Spray Dryer,S25/0107,,WSDTRXOC08R0200A,Semilavorato Tarassaco foglia estratto  secco,0.0,0,0,97.60000000000001,244.0,40.0,97.60000000000001,,,STORICO_GESTIONALE_ATOM | Seriale 0000025644 | Taglio standard 40% per assenza distinta completa
HIST-ATOM-0000025639-S25/0106,STORICO-20250515-SPRAY,2025-05-15,,Spray Dryer,S25/0106,,WSDPLLCC17R0200A,Semilavorato Guarana' seme e.s.         D/E 2:1,0.0,0,0,122.80000000000001,307.0,40.0,122.80000000000001,,,STORICO_GESTIONALE_ATOM | Seriale 0000025639 | Taglio standard 40% per assenza distinta completa
HIST-ATOM-0000025636-S25/0111,STORICO-20250514-SPRAY,2025-05-14,,Spray Dryer,S25/0111,,WSDMLSOC08R0400A,Semilavorato Melissa foglia e.s. D/E 4:1,0.0,0,0,245.5,275.5,89.11070780399274,245.5,,,STORICO_GESTIONALE_ATOM | Seriale 0000025636 | Taglio da esplosione commessa
HIST-ATOM-0000025537-S25/0110,STORICO-20250509-SPRAY,2025-05-09,,Spray Dryer,S25/0110,,WSDGLYGC14R0400A,Semilavorato Liquirizia radice e.s.     D/E 4:1,0.0,0,0,117.0,242.0,48.34710743801653,117.0,,,STORICO_GESTIONALE_ATOM | Seriale 0000025537 | Taglio da esplosione commessa
HIST-ATOM-0000025513-S25/0105,STORICO-20250507-SPRAY,2025-05-07,,Spray Dryer,S25/0105,,WSDTRXOC14R0400A,Semilavorato Tarassaco radice estratto  secco D/E 4:1,0.0,0,0,192.0,462.0,41.55844155844156,192.0,,,STORICO_GESTIONALE_ATOM | Seriale 0000025513 | Taglio da esplosione commessa
HIST-ATOM-0000025502-S25/0104,STORICO-20250505-SPRAY,2025-05-05,,Spray Dryer,S25/0104,,WSDMLLOC2202000A,Semilavorato Meliloto erba fiorita e.s.,0.0,0,0,55.0,135.0,40.74074074074074,55.0,,,STORICO_GESTIONALE_ATOM | Seriale 0000025502 | Taglio da esplosione commessa
HIST-ATOM-0000025500-S25/0103,STORICO-20250505-SPRAY,2025-05-05,,Spray Dryer,S25/0103,,WSDFLPUC07R0400A,Semilavorato Spirea erba (sommita') e.s.D/E 4:1,0.0,0,0,7.5,30.0,25.0,12.0,,,STORICO_GESTIONALE_ATOM | Seriale 0000025500 | Taglio da esplosione commessa
HIST-ATOM-0000025499-E25/1228,STORICO-20250505-SPRAY,2025-05-05,,Spray Dryer,E25/1228,,VSDTROXC3200000A,Troxerutina,0.0,0,0,470.0,500.0,94.0,470.0,,,STORICO_GESTIONALE_ATOM | Seriale 0000025499 | Taglio da esplosione commessa
HIST-ATOM-0000025496-S25/0102,STORICO-20250430-SPRAY,2025-04-30,,Spray Dryer,S25/0102,,WSDLVNAC34R0400A,Semilavorato Lavanda fiore e.s. acquoso  D/E 4:1,0.0,0,0,62.5,142.5,43.859649122807014,62.5,,,STORICO_GESTIONALE_ATOM | Seriale 0000025496 | Taglio da esplosione commessa
HIST-ATOM-0000025452-S25/0101,STORICO-20250429-SPRAY,2025-04-29,,Spray Dryer,S25/0101,,WSDPPVRC38R0200A,Semilavorato Papavero Rosso fiore e.s.  D/E 2:1,0.0,0,0,42.2,92.2,45.77006507592191,42.2,,,STORICO_GESTIONALE_ATOM | Seriale 0000025452 | Taglio da esplosione commessa
HIST-ATOM-0000025439-S25/0099,STORICO-20250428-SPRAY,2025-04-28,,Spray Dryer,S25/0099,,WSDFLPUC07R0400A,Semilavorato Spirea erba (sommita') e.s.D/E 4:1,0.0,0,0,12.600000000000001,37.6,33.51063829787234,15.040000000000001,,,STORICO_GESTIONALE_ATOM | Seriale 0000025439 | Taglio da esplosione commessa
HIST-ATOM-0000025434-S25/0098,STORICO-20250424-SPRAY,2025-04-24,,Spray Dryer,S25/0098,,WSDPSSIC07R0400A,Semilavorato Passiflora erba fiorita e.sD/E 4:1,0.0,0,0,63.69999999999999,173.7,36.67242371905584,69.48,,,STORICO_GESTIONALE_ATOM | Seriale 0000025434 | Taglio da esplosione commessa
HIST-ATOM-0000025398-S25/0097,STORICO-20250424-SPRAY,2025-04-24,,Spray Dryer,S25/0097,,WSDALTOC14R0200A,Semilavorato Altea radice estratto secco,0.0,0,0,64.0,149.0,42.95302013422819,64.0,,,STORICO_GESTIONALE_ATOM | Seriale 0000025398 | Taglio da esplosione commessa
HIST-ATOM-0000025363-S25/0096,STORICO-20250423-SPRAY,2025-04-23,,Spray Dryer,S25/0096,,WSDSLVOC08R0400A,Semilavorato Salvia foglia e.s. D/E 4:1,0.0,0,0,71.0,121.0,58.67768595041323,71.0,,,STORICO_GESTIONALE_ATOM | Seriale 0000025363 | Taglio da esplosione commessa
HIST-ATOM-0000025361-S25/0095T,STORICO-20250423-SPRAY,2025-04-23,,Spray Dryer,S25/0095T,,WSDESCCF07R0200A,Semilavorato Escolzia erba e.s.         da Filiera Certificata ISO 22005,0.0,0,0,198.0,438.0,45.20547945205479,198.0,,,STORICO_GESTIONALE_ATOM | Seriale 0000025361 | Taglio da esplosione commessa
HIST-ATOM-0000025349-S25/0094,STORICO-20250417-SPRAY,2025-04-17,,Spray Dryer,S25/0094,,WSDCRCLC15R0300A,Semilavorato Curcuma rizoma e.s.,0.0,0,0,85.0,192.0,44.27083333333333,85.0,,,STORICO_GESTIONALE_ATOM | Seriale 0000025349 | Taglio da esplosione commessa
HIST-ATOM-0000025320-S25/0093,STORICO-20250416-SPRAY,2025-04-16,,Spray Dryer,S25/0093,,WSDHRPPC1400500A,Semilavorato Artiglio del diavolo radicee.s. >= 2.5% arpagodside,0.0,0,0,453.0,563.0,80.46181172291297,453.0,,,STORICO_GESTIONALE_ATOM | Seriale 0000025320 | Taglio da esplosione commessa
HIST-ATOM-0000025299-S25/0092,STORICO-20250414-SPRAY,2025-04-14,,Spray Dryer,S25/0092,,WSDPPVRC38R0200A,Semilavorato Papavero Rosso fiore e.s.  D/E 2:1,0.0,0,0,72.0,167.0,43.11377245508982,72.0,,,STORICO_GESTIONALE_ATOM | Seriale 0000025299 | Taglio da esplosione commessa
HIST-ATOM-0000025297-E25/1325,STORICO-20250414-SPRAY,2025-04-14,,Spray Dryer,E25/1325,,TSDORTSC2200100A,Ortosifonide erba con fiori estratto     secco >=0.1%sinensetina,0.0,0,0,2.0,5.0,40.0,2.0,,,STORICO_GESTIONALE_ATOM | Seriale 0000025297 | Taglio standard 40% per assenza distinta completa
HIST-ATOM-0000025278-S25/0090,STORICO-20250411-SPRAY,2025-04-11,,Spray Dryer,S25/0090,,WSDSLVOC08R0400A,Semilavorato Salvia foglia e.s. D/E 4:1,0.0,0,0,92.4,142.4,64.8876404494382,92.4,,,STORICO_GESTIONALE_ATOM | Seriale 0000025278 | Taglio da esplosione commessa
HIST-ATOM-0000025277-S25/0091,STORICO-20250411-SPRAY,2025-04-11,,Spray Dryer,S25/0091,,WSDPLLCC17R0200A,Semilavorato Guarana' seme e.s.         D/E 2:1,0.0,0,0,13.3,28.3,46.996466431095406,13.3,,,STORICO_GESTIONALE_ATOM | Seriale 0000025277 | Taglio da esplosione commessa
HIST-ATOM-0000025275-S25/0089,STORICO-20250410-SPRAY,2025-04-10,,Spray Dryer,S25/0089,,WSDPLLCC17R0200A,Semilavorato Guarana' seme e.s.         D/E 2:1,0.0,0,0,117.60000000000002,332.6,35.35778713168972,133.04000000000002,,,STORICO_GESTIONALE_ATOM | Seriale 0000025275 | Taglio da esplosione commessa
HIST-ATOM-0000025228-E25/1253,STORICO-20250410-SPRAY,2025-04-10,,Spray Dryer,E25/1253,,TSDVCCMC0501000N,"Mirtillo nero frutto estr.secco >=1,0%  antocianosidi (antocianine) calc. come cianidin 3-",0.0,0,0,101.3,200.0,50.64999999999999,101.3,,,STORICO_GESTIONALE_ATOM | Seriale 0000025228 | Taglio da esplosione commessa
HIST-ATOM-0000025225-S25/0087,STORICO-20250409-SPRAY,2025-04-09,,Spray Dryer,S25/0087,,WSDFNCOC17R0200A,Semilavorato Finocchio dolce seme e.s.,0.0,0,0,155.0,465.0,33.33333333333333,186.0,,,STORICO_GESTIONALE_ATOM | Seriale 0000025225 | Taglio da esplosione commessa
HIST-ATOM-0000025214-S25/0088,STORICO-20250409-SPRAY,2025-04-09,,Spray Dryer,S25/0088,,WSDSLVOC08R0400A,Semilavorato Salvia foglia e.s. D/E 4:1,0.0,0,0,37.0,57.0,64.91228070175438,37.0,,,STORICO_GESTIONALE_ATOM | Seriale 0000025214 | Taglio da esplosione commessa
HIST-ATOM-0000025203-S25/0086,STORICO-20250407-SPRAY,2025-04-07,,Spray Dryer,S25/0086,,WSDPLLCC17R0200A,Semilavorato Guarana' seme e.s.         D/E 2:1,0.0,0,0,37.0,112.0,33.035714285714285,44.800000000000004,,,STORICO_GESTIONALE_ATOM | Seriale 0000025203 | Taglio da esplosione commessa
HIST-ATOM-0000025191-S25/0083,STORICO-20250404-SPRAY,2025-04-04,,Spray Dryer,S25/0083,,WSDPLLNC31R0300A,Semilavorato Polline naturale granuli es,0.0,0,0,272.0,572.0,47.55244755244755,272.0,,,STORICO_GESTIONALE_ATOM | Seriale 0000025191 | Taglio da esplosione commessa
HIST-ATOM-0000025177-S25/0085,STORICO-20250403-SPRAY,2025-04-03,,Spray Dryer,S25/0085,,WSDPMPAC05R0400A,Semilavorato Anice verde frutto e.s. D/E4:1,0.0,0,0,21.5,86.5,24.85549132947977,34.6,,,STORICO_GESTIONALE_ATOM | Seriale 0000025177 | Taglio da esplosione commessa
HIST-ATOM-0000025143-S25/0084,STORICO-20250403-SPRAY,2025-04-03,,Spray Dryer,S25/0084,,WSDORTSC08R0300A,Semilavorato Ortosiphon foglia e.s.,0.0,0,0,154.39999999999998,344.4,44.83159117305458,154.39999999999998,,,STORICO_GESTIONALE_ATOM | Seriale 0000025143 | Taglio da esplosione commessa
HIST-ATOM-0000025138-S25/0082,STORICO-20250402-SPRAY,2025-04-02,,Spray Dryer,S25/0082,,WSDHRCPC0700000A,Semilavorato Pilosella Erba e.s.,0.0,0,0,100.0,250.0,40.0,100.0,,,STORICO_GESTIONALE_ATOM | Seriale 0000025138 | Taglio standard 40% per assenza distinta completa
HIST-ATOM-0000025112-S25/0076,STORICO-20250401-SPRAY,2025-04-01,,Spray Dryer,S25/0076,,WSDECHUC14R0200A,Semilavorato Echinacea purpurea radice  estratto secco,0.0,0,0,65.60000000000001,164.0,40.00000000000001,65.60000000000001,,,STORICO_GESTIONALE_ATOM | Seriale 0000025112 | Taglio standard 40% per assenza distinta completa
HIST-ATOM-0000025111-S25/0081,STORICO-20250331-SPRAY,2025-03-31,,Spray Dryer,S25/0081,,WSDONNSC14R0400A,Semilavorato Ononide radice e.s. D/E 4:1,0.0,0,0,57.0,162.0,35.18518518518518,64.8,,,STORICO_GESTIONALE_ATOM | Seriale 0000025111 | Taglio da esplosione commessa
HIST-ATOM-0000025107-S25/0080,STORICO-20250331-SPRAY,2025-03-31,,Spray Dryer,S25/0080,,WSDONNSC14R0400A,Semilavorato Ononide radice e.s. D/E 4:1,0.0,0,0,25.0,65.0,38.46153846153847,26.0,,,STORICO_GESTIONALE_ATOM | Seriale 0000025107 | Taglio da esplosione commessa
HIST-ATOM-0000025101-S25/0079,STORICO-20250328-SPRAY,2025-03-28,,Spray Dryer,S25/0079,,WSDHRCPC0700000A,Semilavorato Pilosella Erba e.s.,0.0,0,0,134.7,259.7,51.86753946861763,134.7,,,STORICO_GESTIONALE_ATOM | Seriale 0000025101 | Taglio da esplosione commessa
HIST-ATOM-0000025083-S25/0077,STORICO-20250328-SPRAY,2025-03-28,,Spray Dryer,S25/0077,,WSDCHRAC07R0400A,Semilavorato Crisantello erba e.s.      D/E 4:1,0.0,0,0,126.0,256.0,49.21875,126.0,,,STORICO_GESTIONALE_ATOM | Seriale 0000025083 | Taglio da esplosione commessa
HIST-ATOM-0000025036-S25/0078,STORICO-20250327-SPRAY,2025-03-27,,Spray Dryer,S25/0078,,WSDPTYOC02R0400A,Semilavorato Muira Puama corteccia e.s. D/E 4:1,0.0,0,0,34.39999999999998,294.4,11.684782608695645,117.75999999999999,,,STORICO_GESTIONALE_ATOM | Seriale 0000025036 | Taglio da esplosione commessa
HIST-ATOM-0000025023-S25/0074,STORICO-20250326-SPRAY,2025-03-26,,Spray Dryer,S25/0074,,WSDHBSSC04R0400A,Semilavorato Ibisco (Karkadè) fiore e.s.D/E 4:1,0.0,0,0,403.0,1193.0,33.78038558256497,477.20000000000005,,,STORICO_GESTIONALE_ATOM | Seriale 0000025023 | Taglio da esplosione commessa
HIST-ATOM-0000024984-S25/0073,STORICO-20250321-SPRAY,2025-03-21,,Spray Dryer,S25/0073,,WSDECHUC07R0400A,Semilavorato Echinacea purpurea erba    estratto secco D/E 4:1,0.0,0,0,85.60000000000001,214.0,40.0,85.60000000000001,,,STORICO_GESTIONALE_ATOM | Seriale 0000024984 | Taglio standard 40% per assenza distinta completa
HIST-ATOM-0000024966-S25/0072,STORICO-20250320-SPRAY,2025-03-20,,Spray Dryer,S25/0072,,WSDMLVSC24R0400A,Semilavorato Malva fiori/foglie e.s.,0.0,0,0,37.0,92.5,40.0,37.0,,,STORICO_GESTIONALE_ATOM | Seriale 0000024966 | Taglio standard 40% per assenza distinta completa
HIST-ATOM-0000024956-S25/0070,STORICO-20250320-SPRAY,2025-03-20,,Spray Dryer,S25/0070,,WSDFNCOC17R0200A,Semilavorato Finocchio dolce seme e.s.,0.0,0,0,102.2,255.5,40.0,102.2,,,STORICO_GESTIONALE_ATOM | Seriale 0000024956 | Taglio standard 40% per assenza distinta completa
HIST-ATOM-0000024953-S25/0071,STORICO-20250319-SPRAY,2025-03-19,,Spray Dryer,S25/0071,,WSDEQSAC07R0300A,Semilavorato Equiseto erba e.s.,0.0,0,0,246.39999999999998,561.4,43.89027431421446,246.39999999999998,,,STORICO_GESTIONALE_ATOM | Seriale 0000024953 | Taglio da esplosione commessa
HIST-ATOM-0000024931-S25/0069,STORICO-20250318-SPRAY,2025-03-18,,Spray Dryer,S25/0069,,WSDGRNRC10R0400A,Semilavorato Grindelia sommità e.s.,0.0,0,0,165.0,430.0,38.372093023255815,172.0,,,STORICO_GESTIONALE_ATOM | Seriale 0000024931 | Taglio da esplosione commessa
HIST-ATOM-0000024917-S25/0068,STORICO-20250314-SPRAY,2025-03-14,,Spray Dryer,S25/0068,,WSDMLVSC24R0400A,Semilavorato Malva fiori/foglie e.s.,0.0,0,0,114.5,286.25,40.0,114.5,,,STORICO_GESTIONALE_ATOM | Seriale 0000024917 | Taglio standard 40% per assenza distinta completa
HIST-ATOM-0000024859-E25/0927,STORICO-20250313-SPRAY,2025-03-13,,Spray Dryer,E25/0927,,TSDVCCMC0501000N,"Mirtillo nero frutto estr.secco >=1,0%  antocianosidi (antocianine) calc. come cianidin 3-",0.0,0,0,60.0,150.0,40.0,60.0,,,STORICO_GESTIONALE_ATOM | Seriale 0000024859 | Taglio standard 40% per assenza distinta completa
HIST-ATOM-0000024858-S25/0061,STORICO-20250313-SPRAY,2025-03-13,,Spray Dryer,S25/0061,,WSDEPLAC07R0400A,Semilavorato Epilobio (angustifolium)   erba estratto secco D/E 4:1,0.0,0,0,156.0,296.0,52.702702702702695,156.0,,,STORICO_GESTIONALE_ATOM | Seriale 0000024858 | Taglio da esplosione commessa
HIST-ATOM-0000024854-S25/0055,STORICO-20250312-SPRAY,2025-03-12,,Spray Dryer,S25/0055,,WSDPLLCC17R0200A,Semilavorato Guarana' seme e.s.         D/E 2:1,0.0,0,0,172.20000000000005,519.7,33.13450067346547,207.88000000000002,,,STORICO_GESTIONALE_ATOM | Seriale 0000024854 | Taglio da esplosione commessa
HIST-ATOM-0000024853-S25/0060,STORICO-20250312-SPRAY,2025-03-12,,Spray Dryer,S25/0060,,WSDMLSOC08R0400A,Semilavorato Melissa foglia e.s. D/E 4:1,0.0,0,0,56.5,60.0,94.16666666666667,56.5,,,STORICO_GESTIONALE_ATOM | Seriale 0000024853 | Taglio da esplosione commessa
HIST-ATOM-0000024826-S25/0059,STORICO-20250312-SPRAY,2025-03-12,,Spray Dryer,S25/0059,,WSDHRPPC1400500A,Semilavorato Artiglio del diavolo radicee.s. >= 2.5% arpagodside,0.0,0,0,92.0,230.0,40.0,92.0,,,STORICO_GESTIONALE_ATOM | Seriale 0000024826 | Taglio standard 40% per assenza distinta completa
HIST-ATOM-0000024819-S25/0058,STORICO-20250307-SPRAY,2025-03-07,,Spray Dryer,S25/0058,,WSDMLSOC08R0400A,Semilavorato Melissa foglia e.s. D/E 4:1,0.0,0,0,117.5,124.5,94.37751004016064,117.5,,,STORICO_GESTIONALE_ATOM | Seriale 0000024819 | Taglio da esplosione commessa
HIST-ATOM-0000024815-S25/0054,STORICO-20250307-SPRAY,2025-03-07,,Spray Dryer,S25/0054,,TSDVCCMC0501000N,"Mirtillo nero frutto estr.secco >=1,0%  antocianosidi (antocianine) calc. come cianidin 3-",0.0,0,0,0.9000000000000057,253.9,0.3544702638834209,101.56,,,STORICO_GESTIONALE_ATOM | Seriale 0000024815 | Taglio da esplosione commessa
HIST-ATOM-0000024814-S25/0056,STORICO-20250307-SPRAY,2025-03-07,,Spray Dryer,S25/0056,,WSDGRNRC10R0400A,Semilavorato Grindelia sommità e.s.,0.0,0,0,13.0,98.0,13.26530612244898,39.2,,,STORICO_GESTIONALE_ATOM | Seriale 0000024814 | Taglio da esplosione commessa
HIST-ATOM-0000024748-S25/0053,STORICO-20250306-SPRAY,2025-03-06,,Spray Dryer,S25/0053,,WSDFNCOC17R0200A,Semilavorato Finocchio dolce seme e.s.,0.0,0,0,98.5,283.5,34.74426807760141,113.4,,,STORICO_GESTIONALE_ATOM | Seriale 0000024748 | Taglio da esplosione commessa
HIST-ATOM-0000024729-S25/0050,STORICO-20250305-SPRAY,2025-03-05,,Spray Dryer,S25/0050,,WSDARNMC04R0400A,Semilavorato Arnica Montana fiori E.S.,0.0,0,0,2.0,52.0,3.8461538461538463,20.8,,,STORICO_GESTIONALE_ATOM | Seriale 0000024729 | Taglio da esplosione commessa
HIST-ATOM-0000024728-S25/0049,STORICO-20250305-SPRAY,2025-03-05,,Spray Dryer,S25/0049,,WSDCCRMC17R0400A,Semilavorato Zucca seme e.s.             4:1 (indicativo),0.0,0,0,9.199999999999989,284.2,3.237156931738209,113.68,,,STORICO_GESTIONALE_ATOM | Seriale 0000024728 | Taglio da esplosione commessa
HIST-ATOM-0000024727-S25/0051,STORICO-20250305-SPRAY,2025-03-05,,Spray Dryer,S25/0051,,WSDMLVSC24R0400A,Semilavorato Malva fiori/foglie e.s.,0.0,0,0,160.0,400.0,40.0,160.0,,,STORICO_GESTIONALE_ATOM | Seriale 0000024727 | Taglio standard 40% per assenza distinta completa
HIST-ATOM-0000024711-S25/0047,STORICO-20250303-SPRAY,2025-03-03,,Spray Dryer,S25/0047,,WSDCCRPC1700000A,Semilavorato Zucchini seme e.s.,0.0,0,0,9.0,384.0,2.34375,153.60000000000002,,,STORICO_GESTIONALE_ATOM | Seriale 0000024711 | Taglio da esplosione commessa
HIST-ATOM-0000024696-S25/0048,STORICO-20250228-SPRAY,2025-02-28,,Spray Dryer,S25/0048,,WSDPMSBC08R0300A,Semilavorato Boldo foglie e.s.,0.0,0,0,25.5,125.5,20.318725099601593,50.2,,,STORICO_GESTIONALE_ATOM | Seriale 0000024696 | Taglio da esplosione commessa
HIST-ATOM-0000024694-S25/0046,STORICO-20250228-SPRAY,2025-02-28,,Spray Dryer,S25/0046,,WSDHDRHC08R0400A,Semilavorato Edera foglia e.s. D/E 4:1,0.0,0,0,44.0,174.0,25.287356321839084,69.60000000000001,,,STORICO_GESTIONALE_ATOM | Seriale 0000024694 | Taglio da esplosione commessa
HIST-ATOM-0000024599-S25/0045,STORICO-20250227-SPRAY,2025-02-27,,Spray Dryer,S25/0045,,WSDFMROC10R0400A,Semilavorato Fumaria parti aeree sommitàestratto secco D/E 4:1,0.0,0,0,76.0,251.0,30.278884462151396,100.4,,,STORICO_GESTIONALE_ATOM | Seriale 0000024599 | Taglio da esplosione commessa
HIST-ATOM-0000024590-E25/0724,STORICO-20250225-SPRAY,2025-02-25,,Spray Dryer,E25/0724,,VSDCSSAC0820000A,"Senna foglia estratto secco >= 20,0%    idrossiantracen derivati calc. come sennoside B",0.0,0,0,120.0,300.0,40.0,120.0,,,STORICO_GESTIONALE_ATOM | Seriale 0000024590 | Taglio standard 40% per assenza distinta completa
HIST-ATOM-0000024589-S25/0044,STORICO-20250225-SPRAY,2025-02-25,,Spray Dryer,S25/0044,,SSDPRNDC05R0400A,Prugna frutto estratto secco            D/E 4:1,0.0,0,0,28.0,203.0,13.793103448275861,81.2,,,STORICO_GESTIONALE_ATOM | Seriale 0000024589 | Taglio da esplosione commessa
HIST-ATOM-0000024565-S25/0041,STORICO-20250221-SPRAY,2025-02-21,,Spray Dryer,S25/0041,,WSDFMROC10R0400A,Semilavorato Fumaria parti aeree sommitàestratto secco D/E 4:1,0.0,0,0,60.0,240.0,25.0,96.0,,,STORICO_GESTIONALE_ATOM | Seriale 0000024565 | Taglio da esplosione commessa
HIST-ATOM-0000024557-S25/0040,STORICO-20250221-SPRAY,2025-02-21,,Spray Dryer,S25/0040,,WSDEQSAC07R0300A,Semilavorato Equiseto erba e.s.,0.0,0,0,66.30000000000001,156.3,42.41842610364684,66.30000000000001,,,STORICO_GESTIONALE_ATOM | Seriale 0000024557 | Taglio da esplosione commessa
HIST-ATOM-0000024520-E25/0670,STORICO-20250220-SPRAY,2025-02-20,,Spray Dryer,E25/0670,,TSDVCCMC0501000N,"Mirtillo nero frutto estr.secco >=1,0%  antocianosidi (antocianine) calc. come cianidin 3-",0.0,0,0,0.0,100.0,0.0,40.0,,,STORICO_GESTIONALE_ATOM | Seriale 0000024520 | Taglio da esplosione commessa
HIST-ATOM-0000024514-S25/0039,STORICO-20250220-SPRAY,2025-02-20,,Spray Dryer,S25/0039,,WSDMLSOC08R0400A,Semilavorato Melissa foglia e.s. D/E 4:1,0.0,0,0,200.0,210.0,95.23809523809523,200.0,,,STORICO_GESTIONALE_ATOM | Seriale 0000024514 | Taglio da esplosione commessa
HIST-ATOM-0000024512-S25/0038,STORICO-20250219-SPRAY,2025-02-19,,Spray Dryer,S25/0038,,WSDMLVSC24R0400A,Semilavorato Malva fiori/foglie e.s.,0.0,0,0,194.5,419.5,46.36471990464839,194.5,,,STORICO_GESTIONALE_ATOM | Seriale 0000024512 | Taglio da esplosione commessa
HIST-ATOM-0000024511-S25/0029,STORICO-20250219-SPRAY,2025-02-19,,Spray Dryer,S25/0029,,YSDMDBAC05R1000C,Semilavorato Mela annurca e.s.          frutto D/E 10:1 uso cosmetico,0.0,0,0,19.8,49.5,40.0,19.8,,,STORICO_GESTIONALE_ATOM | Seriale 0000024511 | Taglio standard 40% per assenza distinta completa
HIST-ATOM-0000024503-S25/0036,STORICO-20250218-SPRAY,2025-02-18,,Spray Dryer,S25/0036,,WSDPLLCC17R0200A,Semilavorato Guarana' seme e.s.         D/E 2:1,0.0,0,0,89.2,223.0,40.0,89.2,,,STORICO_GESTIONALE_ATOM | Seriale 0000024503 | Taglio standard 40% per assenza distinta completa
HIST-ATOM-0000024487-S25/0035,STORICO-20250217-SPRAY,2025-02-17,,Spray Dryer,S25/0035,,WSDVSCAC0800000A,Semilavorato Vischio foglie             estratto secco     D/E 4:1,0.0,0,0,53.0,153.0,34.64052287581699,61.2,,,STORICO_GESTIONALE_ATOM | Seriale 0000024487 | Taglio da esplosione commessa
HIST-ATOM-0000024480-S25/0033,STORICO-20250214-SPRAY,2025-02-14,,Spray Dryer,S25/0033,,WSDGLLGOC07R0400A,Semilavorato Galega erba e.s.,0.0,0,0,15.0,75.0,20.0,30.0,,,STORICO_GESTIONALE_ATOM | Seriale 0000024480 | Taglio da esplosione commessa
HIST-ATOM-0000024478-S25/0034,STORICO-20250214-SPRAY,2025-02-14,,Spray Dryer,S25/0034,,WSDVTSTC08R0200A,Semilavorato Vite rossa foglia e.s.,0.0,0,0,103.28,258.2,40.0,103.28,,,STORICO_GESTIONALE_ATOM | Seriale 0000024478 | Taglio standard 40% per assenza distinta completa
HIST-ATOM-0000024472-S25/0031,STORICO-20250213-SPRAY,2025-02-13,,Spray Dryer,S25/0031,,WSDPLLCC17R0200A,Semilavorato Guarana' seme e.s.         D/E 2:1,0.0,0,0,25.0,70.0,35.714285714285715,28.0,,,STORICO_GESTIONALE_ATOM | Seriale 0000024472 | Taglio da esplosione commessa
HIST-ATOM-0000024439-S25/0030,STORICO-20250213-SPRAY,2025-02-13,,Spray Dryer,S25/0030,,WGLPLLCC17R0400A,Semilavorato Guaranà seme estratto seccoacquoso 4:1 granulare,0.0,0,0,59.0,159.0,37.10691823899371,63.6,,,STORICO_GESTIONALE_ATOM | Seriale 0000024439 | Taglio da esplosione commessa
HIST-ATOM-0000024432-S25/0028,STORICO-20250212-SPRAY,2025-02-12,,Spray Dryer,S25/0028,,WSDURTDC08R0200A,Semilavorato Ortica foglia estratto secc,0.0,0,0,185.0,405.0,45.67901234567901,185.0,,,STORICO_GESTIONALE_ATOM | Seriale 0000024432 | Taglio da esplosione commessa
HIST-ATOM-0000024426-S25/0025,STORICO-20250210-SPRAY,2025-02-10,,Spray Dryer,S25/0025,,WSDTRXOC14R0400A,Semilavorato Tarassaco radice estratto  secco D/E 4:1,0.0,0,0,107.10000000000002,327.1,32.742280648119845,130.84,,,STORICO_GESTIONALE_ATOM | Seriale 0000024426 | Taglio da esplosione commessa
HIST-ATOM-0000024418-S25/0026,STORICO-20250207-SPRAY,2025-02-07,,Spray Dryer,S25/0026,,WSDPPVRC38R0200A,Semilavorato Papavero Rosso fiore e.s.  D/E 2:1,0.0,0,0,39.2,98.0,40.0,39.2,,,STORICO_GESTIONALE_ATOM | Seriale 0000024418 | Taglio standard 40% per assenza distinta completa
HIST-ATOM-0000024377-S25/0024,STORICO-20250207-SPRAY,2025-02-07,,Spray Dryer,S25/0024,,WSDMLSOC08R0400A,Semilavorato Melissa foglia e.s. D/E 4:1,0.0,0,0,249.0,264.0,94.31818181818183,249.0,,,STORICO_GESTIONALE_ATOM | Seriale 0000024377 | Taglio da esplosione commessa
HIST-ATOM-0000024332-S25/0023,STORICO-20250206-SPRAY,2025-02-06,,Spray Dryer,S25/0023,,WSDGNTNC14R0400A,Semilavorato Genziana radice e.s.       D/E 4:1,0.0,0,0,87.0,237.0,36.708860759493675,94.80000000000001,,,STORICO_GESTIONALE_ATOM | Seriale 0000024332 | Taglio da esplosione commessa
HIST-ATOM-0000024331-S25/0022,STORICO-20250205-SPRAY,2025-02-05,,Spray Dryer,S25/0022,,WSDRHMFC0206000A,Semilavorato Frangula corteccia e.s.>=  6.0% glucofranguline calcolate come glucofrangulin,0.0,0,0,149.5,199.5,74.93734335839599,149.5,,,STORICO_GESTIONALE_ATOM | Seriale 0000024331 | Taglio da esplosione commessa
HIST-ATOM-0000024300-S25/0021,STORICO-20250204-SPRAY,2025-02-04,,Spray Dryer,S25/0021,,WSDPHSVL12R0200A,Semilavorato Fagiolo baccello e.s. Local,0.0,0,0,14.199999999999989,234.2,6.063193851409047,93.68,,,STORICO_GESTIONALE_ATOM | Seriale 0000024300 | Taglio da esplosione commessa
HIST-ATOM-0000024253-S25/0019,STORICO-20250204-SPRAY,2025-02-04,,Spray Dryer,S25/0019,,WSDECLGC08R0200A,Semilavorato Eucalipto foglia e.s.,0.0,0,0,170.0,470.0,36.17021276595745,188.0,,,STORICO_GESTIONALE_ATOM | Seriale 0000024253 | Taglio da esplosione commessa
HIST-ATOM-0000024243-S25/0018,STORICO-20250131-SPRAY,2025-01-31,,Spray Dryer,S25/0018,,WSDMLSOC08R0400A,Semilavorato Melissa foglia e.s. D/E 4:1,0.0,0,0,81.0,86.0,94.18604651162791,81.0,,,STORICO_GESTIONALE_ATOM | Seriale 0000024243 | Taglio da esplosione commessa
HIST-ATOM-0000024235-S25/0016,STORICO-20250130-SPRAY,2025-01-30,,Spray Dryer,S25/0016,,YSDMNTPC08R0400A,Semilavorato Menta foglie estratto secco D/E 4:1,0.0,0,0,187.0,542.0,34.50184501845018,216.8,,,STORICO_GESTIONALE_ATOM | Seriale 0000024235 | Taglio da esplosione commessa
HIST-ATOM-0000024221-S25/0017,STORICO-20250129-SPRAY,2025-01-29,,Spray Dryer,S25/0017,,WSDMLVSC24R0400A,Semilavorato Malva fiori/foglie e.s.,0.0,0,0,20.0,45.0,44.44444444444444,20.0,,,STORICO_GESTIONALE_ATOM | Seriale 0000024221 | Taglio da esplosione commessa
HIST-ATOM-0000024218-E25/0304,STORICO-20250128-SPRAY,2025-01-28,,Spray Dryer,E25/0304,,VSDCSSAC0820000A,"Senna foglia estratto secco >= 20,0%    idrossiantracen derivati calc. come sennoside B",0.0,0,0,200.0,500.0,40.0,200.0,,,STORICO_GESTIONALE_ATOM | Seriale 0000024218 | Taglio standard 40% per assenza distinta completa
HIST-ATOM-0000024136-S25/0014,STORICO-20250124-SPRAY,2025-01-24,,Spray Dryer,S25/0014,,WSDURTDC08R0200A,Semilavorato Ortica foglia estratto secc,0.0,0,0,65.0,135.0,48.148148148148145,65.0,,,STORICO_GESTIONALE_ATOM | Seriale 0000024136 | Taglio da esplosione commessa
HIST-ATOM-0000024127-S25/0015,STORICO-20250124-SPRAY,2025-01-24,,Spray Dryer,S25/0015,,WSDEQSAC07R0300A,Semilavorato Equiseto erba e.s.,0.0,0,0,18.6,46.5,40.0,18.6,,,STORICO_GESTIONALE_ATOM | Seriale 0000024127 | Taglio standard 40% per assenza distinta completa
HIST-ATOM-0000024108-S25/0012,STORICO-20250123-SPRAY,2025-01-23,,Spray Dryer,S25/0012,,WSDALTOC14R0200A,Semilavorato Altea radice estratto secco,0.0,0,0,68.0,288.0,23.61111111111111,115.2,,,STORICO_GESTIONALE_ATOM | Seriale 0000024108 | Taglio da esplosione commessa
HIST-ATOM-0000024107-S25/0013,STORICO-20250122-SPRAY,2025-01-22,,Spray Dryer,S25/0013,,WSDMLSOC08R0400A,Semilavorato Melissa foglia e.s. D/E 4:1,0.0,0,0,100.4,113.4,88.53615520282186,100.4,,,STORICO_GESTIONALE_ATOM | Seriale 0000024107 | Taglio da esplosione commessa
HIST-ATOM-0000024106-S25/0011,STORICO-20250122-SPRAY,2025-01-22,,Spray Dryer,S25/0011,,WSDLSPCC10R0300A,Semilavorato Lespedeza parti aeree e.s.,0.0,0,0,57.0,277.0,20.577617328519857,110.80000000000001,,,STORICO_GESTIONALE_ATOM | Seriale 0000024106 | Taglio da esplosione commessa
HIST-ATOM-0000024104-E25/0250,STORICO-20250121-SPRAY,2025-01-21,,Spray Dryer,E25/0250,,TSDVCCMC0501000N,"Mirtillo nero frutto estr.secco >=1,0%  antocianosidi (antocianine) calc. come cianidin 3-",0.0,0,0,0.0,125.0,0.0,50.0,,,STORICO_GESTIONALE_ATOM | Seriale 0000024104 | Taglio da esplosione commessa
HIST-ATOM-0000024103-S25/0010,STORICO-20250121-SPRAY,2025-01-21,,Spray Dryer,S25/0010,,WSDVTXAC05R0300A,Semilavorato Agnocasto frutto e.s.,0.0,0,0,66.25,151.25,43.80165289256198,66.25,,,STORICO_GESTIONALE_ATOM | Seriale 0000024103 | Taglio da esplosione commessa
HIST-ATOM-0000024040-S25/0009,STORICO-20250117-SPRAY,2025-01-17,,Spray Dryer,S25/0009,,WSDCRCLC15R0300A,Semilavorato Curcuma rizoma e.s.,0.0,0,0,35.0,235.0,14.893617021276595,94.0,,,STORICO_GESTIONALE_ATOM | Seriale 0000024040 | Taglio da esplosione commessa
HIST-ATOM-0000024024-S25/0006,STORICO-20250117-SPRAY,2025-01-17,,Spray Dryer,S25/0006,,WSDEQSAC07R0300A,Semilavorato Equiseto erba e.s.,0.0,0,0,132.5,412.5,32.121212121212125,165.0,,,STORICO_GESTIONALE_ATOM | Seriale 0000024024 | Taglio da esplosione commessa
HIST-ATOM-0000024022-S25/0007,STORICO-20250116-SPRAY,2025-01-16,,Spray Dryer,S25/0007,,WSDTRXOC14R0400A,Semilavorato Tarassaco radice estratto  secco D/E 4:1,0.0,0,0,148.0,448.0,33.035714285714285,179.20000000000002,,,STORICO_GESTIONALE_ATOM | Seriale 0000024022 | Taglio da esplosione commessa
HIST-ATOM-0000024004-S25/0004,STORICO-20250114-SPRAY,2025-01-14,,Spray Dryer,S25/0004,,WSDTMRIC05R0200A,Semilavorato Tamarindo frutto estratto  secco acquoso,0.0,0,0,254.0,274.0,92.7007299270073,254.0,,,STORICO_GESTIONALE_ATOM | Seriale 0000024004 | Taglio da esplosione commessa
HIST-ATOM-0000023954-S25/0003,STORICO-20250110-SPRAY,2025-01-10,,Spray Dryer,S25/0003,,WSDHDRHC08R0400A,Semilavorato Edera foglia e.s. D/E 4:1,0.0,0,0,168.0,188.0,89.36170212765957,168.0,,,STORICO_GESTIONALE_ATOM | Seriale 0000023954 | Taglio da esplosione commessa
HIST-ATOM-0000023937-S25/0002,STORICO-20250110-SPRAY,2025-01-10,,Spray Dryer,S25/0002,,WSDBTLAC0803000A,"Semilavorato Betulla foglia e.s.         >= 1,0%   flavonoidi totali calc. come vitessina;",0.0,0,0,42.5,482.5,8.808290155440414,193.0,,,STORICO_GESTIONALE_ATOM | Seriale 0000023937 | Taglio da esplosione commessa
HIST-ATOM-0000023930-S25/0005,STORICO-20250109-SPRAY,2025-01-09,,Spray Dryer,S25/0005,,WSDFNCOC17R0200A,Semilavorato Finocchio dolce seme e.s.,0.0,0,0,59.0,459.0,12.854030501089325,183.60000000000002,,,STORICO_GESTIONALE_ATOM | Seriale 0000023930 | Taglio da esplosione commessa
HIST-ATOM-0000023917-S24/0238,STORICO-20241219-SPRAY,2024-12-19,,Spray Dryer,S24/0238,,WSDRBSNC08R0300A,Semilavorato Ribes nero foglia e.s.,0.0,0,0,240.0,600.0,40.0,240.0,,,STORICO_GESTIONALE_ATOM | Seriale 0000023917 | Taglio standard 40% per assenza distinta completa
HIST-ATOM-0000023903-S24/0237,STORICO-20241218-SPRAY,2024-12-18,,Spray Dryer,S24/0237,,WSDSLDVC22R0400A,Semilavorato Verga d' oro parti aeree    (erba fiorita) estratto secco D/E 4:1,0.0,0,0,104.80000000000001,262.0,40.0,104.80000000000001,,,STORICO_GESTIONALE_ATOM | Seriale 0000023903 | Taglio standard 40% per assenza distinta completa
HIST-ATOM-0000023860-S24/0235,STORICO-20241213-SPRAY,2024-12-13,,Spray Dryer,S24/0235,,WSDPSSIC07R0400A,Semilavorato Passiflora erba fiorita e.sD/E 4:1,0.0,0,0,360.0,900.0,40.0,360.0,,,STORICO_GESTIONALE_ATOM | Seriale 0000023860 | Taglio standard 40% per assenza distinta completa
HIST-ATOM-0000023787-S24/0234,STORICO-20241209-SPRAY,2024-12-09,,Spray Dryer,S24/0234,,VSDOLERC0504000A,Acqua di vegetazione olivo,0.0,0,0,9.200000000000001,23.0,40.0,9.200000000000001,,,STORICO_GESTIONALE_ATOM | Seriale 0000023787 | Taglio standard 40% per assenza distinta completa
HIST-ATOM-0000023777-S24/0233,STORICO-20241206-SPRAY,2024-12-06,,Spray Dryer,S24/0233,,WSDCSSAC08R0600A,Semilavorato Senna foglia e.s. D/E 6:1  - < 3.0% idrossiantracen derivati,0.0,0,0,93.60000000000001,234.0,40.0,93.60000000000001,,,STORICO_GESTIONALE_ATOM | Seriale 0000023777 | Taglio standard 40% per assenza distinta completa
HIST-ATOM-0000023774-S24/0232,STORICO-20241205-SPRAY,2024-12-05,,Spray Dryer,S24/0232,,WSDCSSAC08R0600A,Semilavorato Senna foglia e.s. D/E 6:1  - < 3.0% idrossiantracen derivati,0.0,0,0,110.80000000000001,277.0,40.0,110.80000000000001,,,STORICO_GESTIONALE_ATOM | Seriale 0000023774 | Taglio standard 40% per assenza distinta completa
HIST-ATOM-0000023760-S24/0230T,STORICO-20241204-SPRAY,2024-12-04,,Spray Dryer,S24/0230T,,WSDMLSOC08R0400A,Semilavorato Melissa foglia e.s. D/E 4:1,0.0,0,0,10.0,25.0,40.0,10.0,,,STORICO_GESTIONALE_ATOM | Seriale 0000023760 | Taglio standard 40% per assenza distinta completa
HIST-ATOM-0000023724-S24/0229,STORICO-20241204-SPRAY,2024-12-04,,Spray Dryer,S24/0229,,WSDHRCPC0700000A,Semilavorato Pilosella Erba e.s.,0.0,0,0,101.32000000000001,253.3,40.0,101.32000000000001,,,STORICO_GESTIONALE_ATOM | Seriale 0000023724 | Taglio standard 40% per assenza distinta completa
HIST-ATOM-0000023723-S24/0231,STORICO-20241204-SPRAY,2024-12-04,,Spray Dryer,S24/0231,,WSDCSSAC08R0600A,Semilavorato Senna foglia e.s. D/E 6:1  - < 3.0% idrossiantracen derivati,0.0,0,0,40.0,100.0,40.0,40.0,,,STORICO_GESTIONALE_ATOM | Seriale 0000023723 | Taglio standard 40% per assenza distinta completa
HIST-ATOM-0000023711-S24/0228,STORICO-20241202-SPRAY,2024-12-02,,Spray Dryer,S24/0228,,WSDTRGFC1700000A,Semilavorato Fieno greco seme es,0.0,0,0,61.6,154.0,40.0,61.6,,,STORICO_GESTIONALE_ATOM | Seriale 0000023711 | Taglio standard 40% per assenza distinta completa
HIST-ATOM-0000023707-S24/0227,STORICO-20241128-SPRAY,2024-11-28,,Spray Dryer,S24/0227,,WSDTRGFC1700000A,Semilavorato Fieno greco seme es,0.0,0,0,77.0,192.5,40.0,77.0,,,STORICO_GESTIONALE_ATOM | Seriale 0000023707 | Taglio standard 40% per assenza distinta completa
HIST-ATOM-0000023696-S24/0225,STORICO-20241127-SPRAY,2024-11-27,,Spray Dryer,S24/0225,,WSDPLLCC17R0200A,Semilavorato Guarana' seme e.s.         D/E 2:1,0.0,0,0,95.60000000000001,239.0,40.0,95.60000000000001,,,STORICO_GESTIONALE_ATOM | Seriale 0000023696 | Taglio standard 40% per assenza distinta completa
HIST-ATOM-0000023672-S24/0226,STORICO-20241127-SPRAY,2024-11-27,,Spray Dryer,S24/0226,,WSDORTSC08R0300A,Semilavorato Ortosiphon foglia e.s.,0.0,0,0,77.4,193.5,40.0,77.4,,,STORICO_GESTIONALE_ATOM | Seriale 0000023672 | Taglio standard 40% per assenza distinta completa
HIST-ATOM-0000023634-S24/0223,STORICO-20241122-SPRAY,2024-11-22,,Spray Dryer,S24/0223,,WSDORTSC08R0300A,Semilavorato Ortosiphon foglia e.s.,0.0,0,0,79.0,197.5,40.0,79.0,,,STORICO_GESTIONALE_ATOM | Seriale 0000023634 | Taglio standard 40% per assenza distinta completa
HIST-ATOM-0000023618-S24/0221,STORICO-20241121-SPRAY,2024-11-21,,Spray Dryer,S24/0221,,WSDORTSC08R0300A,Semilavorato Ortosiphon foglia e.s.,0.0,0,0,80.0,200.0,40.0,80.0,,,STORICO_GESTIONALE_ATOM | Seriale 0000023618 | Taglio standard 40% per assenza distinta completa
HIST-ATOM-0000023613-S24/0222,STORICO-20241121-SPRAY,2024-11-21,,Spray Dryer,S24/0222,,YSDVLROB1400200A,"Semilavorato Valeriana radice estratto   secco >=0,20% acidi sesquiterpenici tot. calc. co",0.0,0,0,48.480000000000004,121.2,40.0,48.480000000000004,,,STORICO_GESTIONALE_ATOM | Seriale 0000023613 | Taglio standard 40% per assenza distinta completa
HIST-ATOM-0000023610-S24/0220,STORICO-20241121-SPRAY,2024-11-21,,Spray Dryer,S24/0220,,WSDVRBTC04R0300A,Semilavorato Verbasco fiore estr.secco,0.0,0,0,34.800000000000004,87.0,40.0,34.800000000000004,,,STORICO_GESTIONALE_ATOM | Seriale 0000023610 | Taglio standard 40% per assenza distinta completa
HIST-ATOM-0000023525-E24/3061,STORICO-20241113-SPRAY,2024-11-13,,Spray Dryer,E24/3061,,TSDVCCMC0501000N,"Mirtillo nero frutto estr.secco >=1,0%  antocianosidi (antocianine) calc. come cianidin 3-",0.0,0,0,80.0,200.0,40.0,80.0,,,STORICO_GESTIONALE_ATOM | Seriale 0000023525 | Taglio standard 40% per assenza distinta completa
HIST-ATOM-0000023500-S24/0217,STORICO-20241112-SPRAY,2024-11-12,,Spray Dryer,S24/0217,,WSDEQSAC07R0300A,Semilavorato Equiseto erba e.s.,0.0,0,0,108.80000000000001,272.0,40.0,108.80000000000001,,,STORICO_GESTIONALE_ATOM | Seriale 0000023500 | Taglio standard 40% per assenza distinta completa
HIST-ATOM-0000023497-S24/0216,STORICO-20241111-SPRAY,2024-11-11,,Spray Dryer,S24/0216,,WSDRBSNC08R0300A,Semilavorato Ribes nero foglia e.s.,0.0,0,0,245.36,613.4,40.0,245.36,,,STORICO_GESTIONALE_ATOM | Seriale 0000023497 | Taglio standard 40% per assenza distinta completa
HIST-ATOM-0000023495-E24/3055,STORICO-20241108-SPRAY,2024-11-08,,Spray Dryer,E24/3055,,ASDPSSIC1700000A,Passiflora farina di semi e.s.          Alidans,0.0,0,0,32.0,80.0,40.0,32.0,,,STORICO_GESTIONALE_ATOM | Seriale 0000023495 | Taglio standard 40% per assenza distinta completa
HIST-ATOM-0000023471-S24/0215,STORICO-20241107-SPRAY,2024-11-07,,Spray Dryer,S24/0215,,WSDRSMOC08R0400A,Semilavorato Rosmarino foglia e.s.      D/E 4:1,0.0,0,0,87.60000000000001,219.0,40.0,87.60000000000001,,,STORICO_GESTIONALE_ATOM | Seriale 0000023471 | Taglio standard 40% per assenza distinta completa
HIST-ATOM-0000023467-E24/3021,STORICO-20241107-SPRAY,2024-11-07,,Spray Dryer,E24/3021,,VSDCSSAC0820000A,"Senna foglia estratto secco >= 20,0%    idrossiantracen derivati calc. come sennoside B",0.0,0,0,80.0,200.0,40.0,80.0,,,STORICO_GESTIONALE_ATOM | Seriale 0000023467 | Taglio standard 40% per assenza distinta completa
HIST-ATOM-0000023431-S24/0214,STORICO-20241031-SPRAY,2024-10-31,,Spray Dryer,S24/0214,,YSDCLNOC04R1000A,Semilavorato Calendula fiori e.s. D/E 10,0.0,0,0,47.2,118.0,40.0,47.2,,,STORICO_GESTIONALE_ATOM | Seriale 0000023431 | Taglio standard 40% per assenza distinta completa
HIST-ATOM-0000023428-S24/0213,STORICO-20241031-SPRAY,2024-10-31,,Spray Dryer,S24/0213,,WSDPTRCC14R0400A,Semilavorato Prezzemolo radice e.s.     D/E 4:1,0.0,0,0,18.76,46.9,40.0,18.76,,,STORICO_GESTIONALE_ATOM | Seriale 0000023428 | Taglio standard 40% per assenza distinta completa
HIST-ATOM-0000023426-S24/0211,STORICO-20241031-SPRAY,2024-10-31,,Spray Dryer,S24/0211,,WSDFNCOC17R0200A,Semilavorato Finocchio dolce seme e.s.,0.0,0,0,66.0,165.0,40.0,66.0,,,STORICO_GESTIONALE_ATOM | Seriale 0000023426 | Taglio standard 40% per assenza distinta completa
HIST-ATOM-0000023401-S24/0212,STORICO-20241030-SPRAY,2024-10-30,,Spray Dryer,S24/0212,,WSDRSMOC08R0400A,Semilavorato Rosmarino foglia e.s.      D/E 4:1,0.0,0,0,23.880000000000003,59.7,40.0,23.880000000000003,,,STORICO_GESTIONALE_ATOM | Seriale 0000023401 | Taglio standard 40% per assenza distinta completa
HIST-ATOM-0000023389-S24/0209,STORICO-20241030-SPRAY,2024-10-30,,Spray Dryer,S24/0209,,WSDTHYVC08R0200A,Semilavorato Timo pianta (parte aerea)  estratto seccoD/E 2:1,0.0,0,0,56.6,141.5,40.0,56.6,,,STORICO_GESTIONALE_ATOM | Seriale 0000023389 | Taglio standard 40% per assenza distinta completa
HIST-ATOM-0000023355-E24/2858,STORICO-20241029-SPRAY,2024-10-29,,Spray Dryer,E24/2858,,VSDHLNAC3200000A,LECITINA DI GIRASOLE POLVERE,0.0,0,0,82.80000000000001,207.0,40.00000000000001,82.80000000000001,,,STORICO_GESTIONALE_ATOM | Seriale 0000023355 | Taglio standard 40% per assenza distinta completa
HIST-ATOM-0000023354-S24/0210,STORICO-20241029-SPRAY,2024-10-29,,Spray Dryer,S24/0210,,WSDSLNAF0500500A,Semilavorato SOLANRED® - estratto secco da frutto fresco di Melanzana Rossa Lucana - 1-3%,0.0,0,0,4.68,11.7,40.0,4.68,,,STORICO_GESTIONALE_ATOM | Seriale 0000023354 | Taglio standard 40% per assenza distinta completa
HIST-ATOM-0000023347-S24/0208,STORICO-20241029-SPRAY,2024-10-29,,Spray Dryer,S24/0208,,WSDMLVSC24R0400A,Semilavorato Malva fiori/foglie e.s.,0.0,0,0,98.68,246.7,40.0,98.68,,,STORICO_GESTIONALE_ATOM | Seriale 0000023347 | Taglio standard 40% per assenza distinta completa
HIST-ATOM-0000023335-S24/0207,STORICO-20241028-SPRAY,2024-10-28,,Spray Dryer,S24/0207,,WSDTHYVC08R0200A,Semilavorato Timo pianta (parte aerea)  estratto seccoD/E 2:1,0.0,0,0,194.60000000000002,486.5,40.0,194.60000000000002,,,STORICO_GESTIONALE_ATOM | Seriale 0000023335 | Taglio standard 40% per assenza distinta completa
HIST-ATOM-0000023325-S24/0206,STORICO-20241025-SPRAY,2024-10-25,,Spray Dryer,S24/0206,,WSDMLSOJ0804000A,"Semilavorato Melissa foglia e. s. bio   >= 4,0% acido rosmarinico (HPLC)",0.0,0,0,32.6,81.5,40.0,32.6,,,STORICO_GESTIONALE_ATOM | Seriale 0000023325 | Taglio standard 40% per assenza distinta completa
HIST-ATOM-0000023296-S24/0205,STORICO-20241024-SPRAY,2024-10-24,,Spray Dryer,S24/0205,,WSDILXPB0801000A,"Semilavorato Matè foglia Bio e. secco   >=1,0% caffeina PRODUCT FROM BIOLOGICAL AGRICOLTUR",0.0,0,0,231.8,579.5,40.0,231.8,,,STORICO_GESTIONALE_ATOM | Seriale 0000023296 | Taglio standard 40% per assenza distinta completa
HIST-ATOM-0000023279-S24/0204,STORICO-20241022-SPRAY,2024-10-22,,Spray Dryer,S24/0204,,WSDILXPC08R0400A,Semilavorato Mate' foglia e.s.          4:1,0.0,0,0,222.56,556.4,40.0,222.56,,,STORICO_GESTIONALE_ATOM | Seriale 0000023279 | Taglio standard 40% per assenza distinta completa
HIST-ATOM-0000023274-E24/2799,STORICO-20241018-SPRAY,2024-10-18,,Spray Dryer,E24/2799,,VSDCSSAC0820000A,"Senna foglia estratto secco >= 20,0%    idrossiantracen derivati calc. come sennoside B",0.0,0,0,40.0,100.0,40.0,40.0,,,STORICO_GESTIONALE_ATOM | Seriale 0000023274 | Taglio standard 40% per assenza distinta completa
HIST-ATOM-0000023265-S24/0203,STORICO-20241017-SPRAY,2024-10-17,,Spray Dryer,S24/0203,,WSDILXPC08R0400A,Semilavorato Mate' foglia e.s.          4:1,0.0,0,0,211.92,529.8,40.0,211.92,,,STORICO_GESTIONALE_ATOM | Seriale 0000023265 | Taglio standard 40% per assenza distinta completa
HIST-ATOM-0000023213-S24/0202,STORICO-20241016-SPRAY,2024-10-16,,Spray Dryer,S24/0202,,WSDAVNSC17R0200A,Semilavorato Avena seme estratto secco  D/E 2:1,0.0,0,0,16.0,40.0,40.0,16.0,,,STORICO_GESTIONALE_ATOM | Seriale 0000023213 | Taglio standard 40% per assenza distinta completa
HIST-ATOM-0000023212-S24/0201,STORICO-20241016-SPRAY,2024-10-16,,Spray Dryer,S24/0201,,WSDGLLGOC07R0400A,Semilavorato Galega erba e.s.,0.0,0,0,69.4,173.5,40.0,69.4,,,STORICO_GESTIONALE_ATOM | Seriale 0000023212 | Taglio standard 40% per assenza distinta completa
HIST-ATOM-0000023205-S24/0198,STORICO-20241016-SPRAY,2024-10-16,,Spray Dryer,S24/0198,,WSDMLSOJ0804000A,"Semilavorato Melissa foglia e. s. bio   >= 4,0% acido rosmarinico (HPLC)",0.0,0,0,83.92000000000002,209.8,40.00000000000001,83.92000000000002,,,STORICO_GESTIONALE_ATOM | Seriale 0000023205 | Taglio standard 40% per assenza distinta completa
HIST-ATOM-0000023204-S24/0200,STORICO-20241016-SPRAY,2024-10-16,,Spray Dryer,S24/0200,,WSDMLSOC08R0400A,Semilavorato Melissa foglia e.s. D/E 4:1,0.0,0,0,98.0,245.0,40.0,98.0,,,STORICO_GESTIONALE_ATOM | Seriale 0000023204 | Taglio standard 40% per assenza distinta completa
HIST-ATOM-0000023203-S24/0199,STORICO-20241015-SPRAY,2024-10-15,,Spray Dryer,S24/0199,,WSDEPHOC22R0400A,Semilavorato Eufrasia parte aerea e.s.  D/E   4:1,0.0,0,0,64.4,161.0,40.0,64.4,,,STORICO_GESTIONALE_ATOM | Seriale 0000023203 | Taglio standard 40% per assenza distinta completa
HIST-ATOM-0000023202-CA24/0135,STORICO-20241015-SPRAY,2024-10-15,,Spray Dryer,CA24/0135,,SSDPRNDC05R0400A,Prugna frutto estratto secco            D/E 4:1,0.0,0,0,0.04000000000000001,0.1,40.00000000000001,0.04000000000000001,,,STORICO_GESTIONALE_ATOM | Seriale 0000023202 | Taglio standard 40% per assenza distinta completa
HIST-ATOM-0000023201-S24/0195,STORICO-20241015-SPRAY,2024-10-15,,Spray Dryer,S24/0195,,WSDRSCNC05R0400A,Semilavorato Rosa canina frutto e.s. D/E4:1,0.0,0,0,268.71999999999997,671.8,40.0,268.71999999999997,,,STORICO_GESTIONALE_ATOM | Seriale 0000023201 | Taglio standard 40% per assenza distinta completa
HIST-ATOM-0000023200-S24/0197,STORICO-20241015-SPRAY,2024-10-15,,Spray Dryer,S24/0197,,WSDBTLAC0803000A,"Semilavorato Betulla foglia e.s.         >= 1,0%   flavonoidi totali calc. come vitessina;",0.0,0,0,64.0,160.0,40.0,64.0,,,STORICO_GESTIONALE_ATOM | Seriale 0000023200 | Taglio standard 40% per assenza distinta completa
HIST-ATOM-0000023184-E24/2736,STORICO-20241009-SPRAY,2024-10-09,,Spray Dryer,E24/2736,,ASDMLSOC0812000N,"Melissa foglia estratto secco >=12,0%    derivati idrossicinnamici calc.come acido rosmari",0.0,0,0,40.0,100.0,40.0,40.0,,,STORICO_GESTIONALE_ATOM | Seriale 0000023184 | Taglio standard 40% per assenza distinta completa
HIST-ATOM-0000023105-S24/0196,STORICO-20241003-SPRAY,2024-10-03,,Spray Dryer,S24/0196,,WSDEQSAC07R0300A,Semilavorato Equiseto erba e.s.,0.0,0,0,39.080000000000005,97.7,40.0,39.080000000000005,,,STORICO_GESTIONALE_ATOM | Seriale 0000023105 | Taglio standard 40% per assenza distinta completa
HIST-ATOM-0000023058-E24/2696,STORICO-20241003-SPRAY,2024-10-03,,Spray Dryer,E24/2696,,ASDPSSIC1700000A,Passiflora farina di semi e.s.          Alidans,0.0,0,0,20.400000000000002,51.0,40.0,20.400000000000002,,,STORICO_GESTIONALE_ATOM | Seriale 0000023058 | Taglio standard 40% per assenza distinta completa
HIST-ATOM-0000023057-S24/0194,STORICO-20241002-SPRAY,2024-10-02,,Spray Dryer,S24/0194,,WSDORTSC08R0300A,Semilavorato Ortosiphon foglia e.s.,0.0,0,0,78.4,196.0,40.0,78.4,,,STORICO_GESTIONALE_ATOM | Seriale 0000023057 | Taglio standard 40% per assenza distinta completa
HIST-ATOM-0000023049-S24/0193,STORICO-20241002-SPRAY,2024-10-02,,Spray Dryer,S24/0193,,WSDURTDC14R0400A,Semilavorato Ortica radice estratto secc,0.0,0,0,62.56,156.4,40.0,62.56,,,STORICO_GESTIONALE_ATOM | Seriale 0000023049 | Taglio standard 40% per assenza distinta completa
HIST-ATOM-0000023043-S24/0192,STORICO-20241001-SPRAY,2024-10-01,,Spray Dryer,S24/0192,,WSDURTDC08R0200A,Semilavorato Ortica foglia estratto secc,0.0,0,0,146.0,365.0,40.0,146.0,,,STORICO_GESTIONALE_ATOM | Seriale 0000023043 | Taglio standard 40% per assenza distinta completa
HIST-ATOM-0000023037-S24/0191,STORICO-20240927-SPRAY,2024-09-27,,Spray Dryer,S24/0191,,WSDSLVOC08R0400A,Semilavorato Salvia foglia e.s. D/E 4:1,0.0,0,0,112.4,281.0,40.0,112.4,,,STORICO_GESTIONALE_ATOM | Seriale 0000023037 | Taglio standard 40% per assenza distinta completa
HIST-ATOM-0000023032-S24/0190,STORICO-20240926-SPRAY,2024-09-26,,Spray Dryer,S24/0190,,WSDMLSOC08R0400A,Semilavorato Melissa foglia e.s. D/E 4:1,0.0,0,0,135.0,337.5,40.0,135.0,,,STORICO_GESTIONALE_ATOM | Seriale 0000023032 | Taglio standard 40% per assenza distinta completa
HIST-ATOM-0000022983-E24/2459,STORICO-20240924-SPRAY,2024-09-24,,Spray Dryer,E24/2459,,ASDPSSIC1700000A,Passiflora farina di semi e.s.          Alidans,0.0,0,0,27.6,69.0,40.0,27.6,,,STORICO_GESTIONALE_ATOM | Seriale 0000022983 | Taglio standard 40% per assenza distinta completa
HIST-ATOM-0000022963-S24/0189,STORICO-20240920-SPRAY,2024-09-20,,Spray Dryer,S24/0189,,WSDMRRVC10R0200A,Semilavorato Marrubio bianco parti aeree estratto secco D/ 2:1,0.0,0,0,62.800000000000004,157.0,40.0,62.800000000000004,,,STORICO_GESTIONALE_ATOM | Seriale 0000022963 | Taglio standard 40% per assenza distinta completa
HIST-ATOM-0000022956-S24/0188,STORICO-20240919-SPRAY,2024-09-19,,Spray Dryer,S24/0188,,WSDMRRVC10R0200A,Semilavorato Marrubio bianco parti aeree estratto secco D/ 2:1,0.0,0,0,47.6,119.0,40.0,47.6,,,STORICO_GESTIONALE_ATOM | Seriale 0000022956 | Taglio standard 40% per assenza distinta completa
HIST-ATOM-0000022952-S24/0187,STORICO-20240918-SPRAY,2024-09-18,,Spray Dryer,S24/0187,,WSDMRRVC10R0200A,Semilavorato Marrubio bianco parti aeree estratto secco D/ 2:1,0.0,0,0,55.2,138.0,40.0,55.2,,,STORICO_GESTIONALE_ATOM | Seriale 0000022952 | Taglio standard 40% per assenza distinta completa
HIST-ATOM-0000022950-S24/0186,STORICO-20240918-SPRAY,2024-09-18,,Spray Dryer,S24/0186,,WSDHRPPC1400500A,Semilavorato Artiglio del diavolo radicee.s. >= 2.5% arpagodside,0.0,0,0,87.60000000000001,219.0,40.0,87.60000000000001,,,STORICO_GESTIONALE_ATOM | Seriale 0000022950 | Taglio standard 40% per assenza distinta completa
HIST-ATOM-0000022932-S24/0184,STORICO-20240917-SPRAY,2024-09-17,,Spray Dryer,S24/0184,,WSDHRPPC1400500A,Semilavorato Artiglio del diavolo radicee.s. >= 2.5% arpagodside,0.0,0,0,96.4,241.0,40.0,96.4,,,STORICO_GESTIONALE_ATOM | Seriale 0000022932 | Taglio standard 40% per assenza distinta completa
HIST-ATOM-0000022931-E24/2353,STORICO-20240917-SPRAY,2024-09-17,,Spray Dryer,E24/2353,,VSDTROXC3200000A,Troxerutina,0.0,0,0,400.0,1000.0,40.0,400.0,,,STORICO_GESTIONALE_ATOM | Seriale 0000022931 | Taglio standard 40% per assenza distinta completa
HIST-ATOM-0000022927-S24/0183,STORICO-20240916-SPRAY,2024-09-16,,Spray Dryer,S24/0183,,WSDHRPPC1400500A,Semilavorato Artiglio del diavolo radicee.s. >= 2.5% arpagodside,0.0,0,0,106.0,265.0,40.0,106.0,,,STORICO_GESTIONALE_ATOM | Seriale 0000022927 | Taglio standard 40% per assenza distinta completa
HIST-ATOM-0000022925-S24/0182,STORICO-20240913-SPRAY,2024-09-13,,Spray Dryer,S24/0182,,WSDHRPPC1400500A,Semilavorato Artiglio del diavolo radicee.s. >= 2.5% arpagodside,0.0,0,0,98.4,246.0,40.0,98.4,,,STORICO_GESTIONALE_ATOM | Seriale 0000022925 | Taglio standard 40% per assenza distinta completa
HIST-ATOM-0000022907-S24/0181,STORICO-20240912-SPRAY,2024-09-12,,Spray Dryer,S24/0181,,WSDCRNSC05R0400A,Semilavorato Coriandolo frutto e.s.     D/E 4:1,0.0,0,0,68.2,170.5,40.0,68.2,,,STORICO_GESTIONALE_ATOM | Seriale 0000022907 | Taglio standard 40% per assenza distinta completa
HIST-ATOM-0000022835-S24/0179,STORICO-20240903-SPRAY,2024-09-03,,Spray Dryer,S24/0179,,WSDCRNSC05R0400A,Semilavorato Coriandolo frutto e.s.     D/E 4:1,0.0,0,0,94.80000000000001,237.0,40.0,94.80000000000001,,,STORICO_GESTIONALE_ATOM | Seriale 0000022835 | Taglio standard 40% per assenza distinta completa
HIST-ATOM-0000022834-S24/0178,STORICO-20240903-SPRAY,2024-09-03,,Spray Dryer,S24/0178,,WSDPTYOC02R0400A,Semilavorato Muira Puama corteccia e.s. D/E 4:1,0.0,0,0,122.80000000000001,307.0,40.0,122.80000000000001,,,STORICO_GESTIONALE_ATOM | Seriale 0000022834 | Taglio standard 40% per assenza distinta completa
HIST-ATOM-0000022811-S24/0177,STORICO-20240830-SPRAY,2024-08-30,,Spray Dryer,S24/0177,,WSDURTDC08R0200A,Semilavorato Ortica foglia estratto secc,0.0,0,0,83.2,208.0,40.0,83.2,,,STORICO_GESTIONALE_ATOM | Seriale 0000022811 | Taglio standard 40% per assenza distinta completa
HIST-ATOM-0000022770-S24/0176,STORICO-20240830-SPRAY,2024-08-30,,Spray Dryer,S24/0176,,WSDCLNTC17R0200A,Semilavorato Cola noci seme e.s. solubilD/E 2:1 2 % caffeina,0.0,0,0,220.0,550.0,40.0,220.0,,,STORICO_GESTIONALE_ATOM | Seriale 0000022770 | Taglio standard 40% per assenza distinta completa
HIST-ATOM-0000022722-S24/0174,STORICO-20240826-SPRAY,2024-08-26,,Spray Dryer,S24/0174,,WSDRBSNC08R0300A,Semilavorato Ribes nero foglia e.s.,0.0,0,0,249.8,624.5,40.0,249.8,,,STORICO_GESTIONALE_ATOM | Seriale 0000022722 | Taglio standard 40% per assenza distinta completa
HIST-ATOM-0000022670-S24/0173,STORICO-20240809-SPRAY,2024-08-09,,Spray Dryer,S24/0173,,WSDCLNTC17R0200A,Semilavorato Cola noci seme e.s. solubilD/E 2:1 2 % caffeina,0.0,0,0,227.32,568.3,40.0,227.32,,,STORICO_GESTIONALE_ATOM | Seriale 0000022670 | Taglio standard 40% per assenza distinta completa
HIST-ATOM-0000022667-S24/0172,STORICO-20240808-SPRAY,2024-08-08,,Spray Dryer,S24/0172,,WSDORTSC08R0300A,Semilavorato Ortosiphon foglia e.s.,0.0,0,0,123.4,308.5,40.0,123.4,,,STORICO_GESTIONALE_ATOM | Seriale 0000022667 | Taglio standard 40% per assenza distinta completa
HIST-ATOM-0000022641-S24/0171,STORICO-20240806-SPRAY,2024-08-06,,Spray Dryer,S24/0171,,WSDORTSC08R0300A,Semilavorato Ortosiphon foglia e.s.,0.0,0,0,54.400000000000006,136.0,40.0,54.400000000000006,,,STORICO_GESTIONALE_ATOM | Seriale 0000022641 | Taglio standard 40% per assenza distinta completa
HIST-ATOM-0000022632-S24/0144,STORICO-20240806-SPRAY,2024-08-06,,Spray Dryer,S24/0144,,WSDMLSOC08R0400A,Semilavorato Melissa foglia e.s. D/E 4:1,0.0,0,0,54.0,135.0,40.0,54.0,,,STORICO_GESTIONALE_ATOM | Seriale 0000022632 | Taglio standard 40% per assenza distinta completa
HIST-ATOM-0000022598-S24/0143,STORICO-20240805-SPRAY,2024-08-05,,Spray Dryer,S24/0143,,WSDTRGFC1700000A,Semilavorato Fieno greco seme es,0.0,0,0,236.8,592.0,40.0,236.8,,,STORICO_GESTIONALE_ATOM | Seriale 0000022598 | Taglio standard 40% per assenza distinta completa
HIST-ATOM-0000022578-S24/0142,STORICO-20240801-SPRAY,2024-08-01,,Spray Dryer,S24/0142,,WSDEQSAC07R0300A,Semilavorato Equiseto erba e.s.,0.0,0,0,189.20000000000002,473.0,40.0,189.20000000000002,,,STORICO_GESTIONALE_ATOM | Seriale 0000022578 | Taglio standard 40% per assenza distinta completa
HIST-ATOM-0000022492-S24/0138,STORICO-20240731-SPRAY,2024-07-31,,Spray Dryer,S24/0138,,WSDTRXOC14R0400A,Semilavorato Tarassaco radice estratto  secco D/E 4:1,0.0,0,0,178.4,446.0,40.0,178.4,,,STORICO_GESTIONALE_ATOM | Seriale 0000022492 | Taglio standard 40% per assenza distinta completa
HIST-ATOM-0000022491-S24/0137,STORICO-20240730-SPRAY,2024-07-30,,Spray Dryer,S24/0137,,WSDPMSBC08R0300A,Semilavorato Boldo foglie e.s.,0.0,0,0,174.60000000000002,436.5,40.00000000000001,174.60000000000002,,,STORICO_GESTIONALE_ATOM | Seriale 0000022491 | Taglio standard 40% per assenza distinta completa
HIST-ATOM-0000022481-S24/0135,STORICO-20240726-SPRAY,2024-07-26,,Spray Dryer,S24/0135,,WSDGRNRC10R0400A,Semilavorato Grindelia sommità e.s.,0.0,0,0,160.68,401.7,40.0,160.68,,,STORICO_GESTIONALE_ATOM | Seriale 0000022481 | Taglio standard 40% per assenza distinta completa
HIST-ATOM-0000022466-S24/0134,STORICO-20240724-SPRAY,2024-07-24,,Spray Dryer,S24/0134,,WSDSLVOC08R0400A,Semilavorato Salvia foglia e.s. D/E 4:1,0.0,0,0,81.2,203.0,40.0,81.2,,,STORICO_GESTIONALE_ATOM | Seriale 0000022466 | Taglio standard 40% per assenza distinta completa
HIST-ATOM-0000022461-S24/0132,STORICO-20240723-SPRAY,2024-07-23,,Spray Dryer,S24/0132,,WSDGLYGC14R0400A,Semilavorato Liquirizia radice e.s.     D/E 4:1,0.0,0,0,128.20000000000002,320.5,40.00000000000001,128.20000000000002,,,STORICO_GESTIONALE_ATOM | Seriale 0000022461 | Taglio standard 40% per assenza distinta completa
HIST-ATOM-0000022459-S24/0133,STORICO-20240723-SPRAY,2024-07-23,,Spray Dryer,S24/0133,,SSDOLERCSA00000A,Sansa di oliva disoleata estratto secco,0.0,0,0,17.080000000000002,42.7,40.0,17.080000000000002,,,STORICO_GESTIONALE_ATOM | Seriale 0000022459 | Taglio standard 40% per assenza distinta completa
HIST-ATOM-0000022427-S24/0131,STORICO-20240719-SPRAY,2024-07-19,,Spray Dryer,S24/0131,,WSDMLLOC2202000A,Semilavorato Meliloto erba fiorita e.s.,0.0,0,0,107.2,268.0,40.0,107.2,,,STORICO_GESTIONALE_ATOM | Seriale 0000022427 | Taglio standard 40% per assenza distinta completa
HIST-ATOM-0000022411-S24/0130,STORICO-20240719-SPRAY,2024-07-19,,Spray Dryer,S24/0130,,WSDURTDC08R0200A,Semilavorato Ortica foglia estratto secc,0.0,0,0,94.0,235.0,40.0,94.0,,,STORICO_GESTIONALE_ATOM | Seriale 0000022411 | Taglio standard 40% per assenza distinta completa
HIST-ATOM-0000022406-S24/0128,STORICO-20240718-SPRAY,2024-07-18,,Spray Dryer,S24/0128,,WSDSSYOC34R0200A,Semilavorato Erisimo sommità es,0.0,0,0,172.08,430.2,40.0,172.08,,,STORICO_GESTIONALE_ATOM | Seriale 0000022406 | Taglio standard 40% per assenza distinta completa
HIST-ATOM-0000022399-S24/0129,STORICO-20240717-SPRAY,2024-07-17,,Spray Dryer,S24/0129,,WSDALCVC07R0400A,Semilavorato Alchemilla erba            D/E 4:1,0.0,0,0,48.0,120.0,40.0,48.0,,,STORICO_GESTIONALE_ATOM | Seriale 0000022399 | Taglio standard 40% per assenza distinta completa
HIST-ATOM-0000022393-S24/0127,STORICO-20240717-SPRAY,2024-07-17,,Spray Dryer,S24/0127,,WSDRSMOC08R0400A,Semilavorato Rosmarino foglia e.s.      D/E 4:1,0.0,0,0,26.72,66.8,40.0,26.72,,,STORICO_GESTIONALE_ATOM | Seriale 0000022393 | Taglio standard 40% per assenza distinta completa
HIST-ATOM-0000022389-S24/0126,STORICO-20240716-SPRAY,2024-07-16,,Spray Dryer,S24/0126,,WSDPLNLC08R0200A,Semilavorato Piantaggine lanceolata fogle.s.,0.0,0,0,88.44,221.1,40.0,88.44,,,STORICO_GESTIONALE_ATOM | Seriale 0000022389 | Taglio standard 40% per assenza distinta completa
HIST-ATOM-0000022384-S24/0124,STORICO-20240716-SPRAY,2024-07-16,,Spray Dryer,S24/0124,,YSDMLSOK0805000A,"Semilavorato Melissa foglia estratto     secco >= 5,0%   tot idross. come acido rosmarinic",0.0,0,0,126.0,315.0,40.0,126.0,,,STORICO_GESTIONALE_ATOM | Seriale 0000022384 | Taglio standard 40% per assenza distinta completa
HIST-ATOM-0000022375-S24/0123,STORICO-20240715-SPRAY,2024-07-15,,Spray Dryer,S24/0123,,WSDMLSOC08R0400A,Semilavorato Melissa foglia e.s. D/E 4:1,0.0,0,0,88.52000000000001,221.3,40.0,88.52000000000001,,,STORICO_GESTIONALE_ATOM | Seriale 0000022375 | Taglio standard 40% per assenza distinta completa
HIST-ATOM-0000022362-S24/0122,STORICO-20240712-SPRAY,2024-07-12,,Spray Dryer,S24/0122,,WSDRSMOC08R0400A,Semilavorato Rosmarino foglia e.s.      D/E 4:1,0.0,0,0,136.0,340.0,40.0,136.0,,,STORICO_GESTIONALE_ATOM | Seriale 0000022362 | Taglio standard 40% per assenza distinta completa
HIST-ATOM-0000022361-S24/0121,STORICO-20240712-SPRAY,2024-07-12,,Spray Dryer,S24/0121,,WSDURTDC08R0200A,Semilavorato Ortica foglia estratto secc,0.0,0,0,53.2,133.0,40.0,53.2,,,STORICO_GESTIONALE_ATOM | Seriale 0000022361 | Taglio standard 40% per assenza distinta completa
HIST-ATOM-0000022343-S24/0120T,STORICO-20240710-SPRAY,2024-07-10,,Spray Dryer,S24/0120T,,WSDMDBAC05R1000A,Semilavorato Mela annurca e.s. acquoso  frutto D/E 10:1,0.0,0,0,381.12,952.8,40.0,381.12,,,STORICO_GESTIONALE_ATOM | Seriale 0000022343 | Taglio standard 40% per assenza distinta completa
HIST-ATOM-0000022235-S24/0119,STORICO-20240705-SPRAY,2024-07-05,,Spray Dryer,S24/0119,,WSDHRPPC1400500A,Semilavorato Artiglio del diavolo radicee.s. >= 2.5% arpagodside,0.0,0,0,228.0,570.0,40.0,228.0,,,STORICO_GESTIONALE_ATOM | Seriale 0000022235 | Taglio standard 40% per assenza distinta completa
HIST-ATOM-0000022230-S24/0118,STORICO-20240704-SPRAY,2024-07-04,,Spray Dryer,S24/0118,,WSDMRNOC08R0400A,Semilavorato Moringa oleifera foglie e.s 4:1,0.0,0,0,33.72,84.3,40.0,33.72,,,STORICO_GESTIONALE_ATOM | Seriale 0000022230 | Taglio standard 40% per assenza distinta completa
HIST-ATOM-0000022222-S24/0117,STORICO-20240703-SPRAY,2024-07-03,,Spray Dryer,S24/0117,,WSDASPLC08R0400A,Semilavorato Rooibos foglia estratto secD/E 4:1,0.0,0,0,52.400000000000006,131.0,40.0,52.400000000000006,,,STORICO_GESTIONALE_ATOM | Seriale 0000022222 | Taglio standard 40% per assenza distinta completa
HIST-ATOM-0000022221-S24/0112,STORICO-20240703-SPRAY,2024-07-03,,Spray Dryer,S24/0112,,WSDALTOC14R0200A,Semilavorato Altea radice estratto secco,0.0,0,0,135.44000000000003,338.6,40.00000000000001,135.44000000000003,,,STORICO_GESTIONALE_ATOM | Seriale 0000022221 | Taglio standard 40% per assenza distinta completa
HIST-ATOM-0000022218-S24/0116,STORICO-20240703-SPRAY,2024-07-03,,Spray Dryer,S24/0116,,WSDMRRVC10R0200A,Semilavorato Marrubio bianco parti aeree estratto secco D/ 2:1,0.0,0,0,102.0,255.0,40.0,102.0,,,STORICO_GESTIONALE_ATOM | Seriale 0000022218 | Taglio standard 40% per assenza distinta completa
HIST-ATOM-0000022217-S24/0115,STORICO-20240703-SPRAY,2024-07-03,,Spray Dryer,S24/0115,,WSDHLCIL04R0200A,Semilavorato Elicriso erba fiorita      e. secco Locale,0.0,0,0,63.04,157.6,40.0,63.04,,,STORICO_GESTIONALE_ATOM | Seriale 0000022217 | Taglio standard 40% per assenza distinta completa
HIST-ATOM-0000022163-S24/0111,STORICO-20240628-SPRAY,2024-06-28,,Spray Dryer,S24/0111,,WSDMLSOC08R0400A,Semilavorato Melissa foglia e.s. D/E 4:1,0.0,0,0,73.2,183.0,40.0,73.2,,,STORICO_GESTIONALE_ATOM | Seriale 0000022163 | Taglio standard 40% per assenza distinta completa
HIST-ATOM-0000022156-S24/0110,STORICO-20240627-SPRAY,2024-06-27,,Spray Dryer,S24/0110,,WSDMTRCC03R0400A,Semilavorato Camomilla fiore estratto    D/E 4:1,0.0,0,0,64.4,161.0,40.0,64.4,,,STORICO_GESTIONALE_ATOM | Seriale 0000022156 | Taglio standard 40% per assenza distinta completa
HIST-ATOM-0000022147-S24/0109,STORICO-20240626-SPRAY,2024-06-26,,Spray Dryer,S24/0109,,WSDCRMCC05R0200A,Semilavorato Carvi frutto estratto secco,0.0,0,0,84.0,210.0,40.0,84.0,,,STORICO_GESTIONALE_ATOM | Seriale 0000022147 | Taglio standard 40% per assenza distinta completa
HIST-ATOM-0000022144-S24/0106,STORICO-20240625-SPRAY,2024-06-25,,Spray Dryer,S24/0106,,WSDMLVSC24R0200A,Semilavorato Malva fiori/foglie e.s. 2:1,0.0,0,0,175.16,437.9,40.0,175.16,,,STORICO_GESTIONALE_ATOM | Seriale 0000022144 | Taglio standard 40% per assenza distinta completa
HIST-ATOM-0000022123-S24/0105,STORICO-20240624-SPRAY,2024-06-24,,Spray Dryer,S24/0105,,WSDTRXOC14R0400A,Semilavorato Tarassaco radice estratto  secco D/E 4:1,0.0,0,0,351.48,878.7,40.0,351.48,,,STORICO_GESTIONALE_ATOM | Seriale 0000022123 | Taglio standard 40% per assenza distinta completa
HIST-ATOM-0000022093-S24/0104,STORICO-20240619-SPRAY,2024-06-19,,Spray Dryer,S24/0104,,WSDPTRCC14R0400A,Semilavorato Prezzemolo radice e.s.     D/E 4:1,0.0,0,0,38.480000000000004,96.2,40.0,38.480000000000004,,,STORICO_GESTIONALE_ATOM | Seriale 0000022093 | Taglio standard 40% per assenza distinta completa
HIST-ATOM-0000022090-S24/0103,STORICO-20240619-SPRAY,2024-06-19,,Spray Dryer,S24/0103,,WSDTRXOC08R0200A,Semilavorato Tarassaco foglia estratto  secco,0.0,0,0,179.20000000000002,448.0,40.0,179.20000000000002,,,STORICO_GESTIONALE_ATOM | Seriale 0000022090 | Taglio standard 40% per assenza distinta completa
HIST-ATOM-0000022086-S24/0101,STORICO-20240618-SPRAY,2024-06-18,,Spray Dryer,S24/0101,,WSDHMLLC09R0200A,Semilavorato Luppolo infioresc. e.s.,0.0,0,0,220.0,550.0,40.0,220.0,,,STORICO_GESTIONALE_ATOM | Seriale 0000022086 | Taglio standard 40% per assenza distinta completa
HIST-ATOM-0000022053-S24/0100,STORICO-20240614-SPRAY,2024-06-14,,Spray Dryer,S24/0100,,WSDMTRCC03R0400A,Semilavorato Camomilla fiore estratto    D/E 4:1,0.0,0,0,95.92000000000002,239.8,40.0,95.92000000000002,,,STORICO_GESTIONALE_ATOM | Seriale 0000022053 | Taglio standard 40% per assenza distinta completa
HIST-ATOM-0000022047-S24/0098,STORICO-20240613-SPRAY,2024-06-13,,Spray Dryer,S24/0098,,WSDCTRGC1700000A,Semilavorato Pompelmo seme e.s.,0.0,0,0,103.2,258.0,40.0,103.2,,,STORICO_GESTIONALE_ATOM | Seriale 0000022047 | Taglio standard 40% per assenza distinta completa
HIST-ATOM-0000021989-S24/0096,STORICO-20240612-SPRAY,2024-06-12,,Spray Dryer,S24/0096,,WSDCHCIC14R0200A,Semilavorato Cicoria radice e.s.        D/E 2:1,0.0,0,0,456.20000000000005,1140.5,40.0,456.20000000000005,,,STORICO_GESTIONALE_ATOM | Seriale 0000021989 | Taglio standard 40% per assenza distinta completa
HIST-ATOM-0000021986-S24/0097,STORICO-20240612-SPRAY,2024-06-12,,Spray Dryer,S24/0097,,WSDFNCOC17R0200A,Semilavorato Finocchio dolce seme e.s.,0.0,0,0,56.68,141.7,40.0,56.68,,,STORICO_GESTIONALE_ATOM | Seriale 0000021986 | Taglio standard 40% per assenza distinta completa
HIST-ATOM-0000021936-S24/0095,STORICO-20240606-SPRAY,2024-06-06,,Spray Dryer,S24/0095,,WSDFLPUC07R0400A,Semilavorato Spirea erba (sommita') e.s.D/E 4:1,0.0,0,0,162.0,405.0,40.0,162.0,,,STORICO_GESTIONALE_ATOM | Seriale 0000021936 | Taglio standard 40% per assenza distinta completa
HIST-ATOM-0000021931-S24/0094,STORICO-20240604-SPRAY,2024-06-04,,Spray Dryer,S24/0094,,WSDARCLC1400000A,Semilavorato Bardana radice estratto sec,0.0,0,0,413.20000000000005,1033.0,40.0,413.20000000000005,,,STORICO_GESTIONALE_ATOM | Seriale 0000021931 | Taglio standard 40% per assenza distinta completa
HIST-ATOM-0000021862-S24/0093,STORICO-20240530-SPRAY,2024-05-30,,Spray Dryer,S24/0093,,WSDPLLCC17R0200A,Semilavorato Guarana' seme e.s.         D/E 2:1,0.0,0,0,244.20000000000002,610.5,40.0,244.20000000000002,,,STORICO_GESTIONALE_ATOM | Seriale 0000021862 | Taglio standard 40% per assenza distinta completa
HIST-ATOM-0000021850-S24/0092,STORICO-20240528-SPRAY,2024-05-28,,Spray Dryer,S24/0092,,WSDGLYGC14R0400A,Semilavorato Liquirizia radice e.s.     D/E 4:1,0.0,0,0,163.4,408.5,40.0,163.4,,,STORICO_GESTIONALE_ATOM | Seriale 0000021850 | Taglio standard 40% per assenza distinta completa
HIST-ATOM-0000021834-S24/0091,STORICO-20240527-SPRAY,2024-05-27,,Spray Dryer,S24/0091,,WSDVTXAC05R0300A,Semilavorato Agnocasto frutto e.s.,0.0,0,0,41.0,102.5,40.0,41.0,,,STORICO_GESTIONALE_ATOM | Seriale 0000021834 | Taglio standard 40% per assenza distinta completa
HIST-ATOM-0000021832-S24/0090,STORICO-20240524-SPRAY,2024-05-24,,Spray Dryer,S24/0090,,WSDURTDC08R0200A,Semilavorato Ortica foglia estratto secc,0.0,0,0,157.08,392.7,40.0,157.08,,,STORICO_GESTIONALE_ATOM | Seriale 0000021832 | Taglio standard 40% per assenza distinta completa
HIST-ATOM-0000021772-S24/0089,STORICO-20240523-SPRAY,2024-05-23,,Spray Dryer,S24/0089,,WSDORTSC08R0300A,Semilavorato Ortosiphon foglia e.s.,0.0,0,0,74.8,187.0,40.0,74.8,,,STORICO_GESTIONALE_ATOM | Seriale 0000021772 | Taglio standard 40% per assenza distinta completa
HIST-ATOM-0000021759-S24/0088T,STORICO-20240523-SPRAY,2024-05-23,,Spray Dryer,S24/0088T,,WSDMDBAC05R1000A,Semilavorato Mela annurca e.s. acquoso  frutto D/E 10:1,0.0,0,0,257.8,644.5,40.0,257.8,,,STORICO_GESTIONALE_ATOM | Seriale 0000021759 | Taglio standard 40% per assenza distinta completa
HIST-ATOM-0000021741-S24/0087T,STORICO-20240521-SPRAY,2024-05-21,,Spray Dryer,S24/0087T,,WSDMDBAC05R1000A,Semilavorato Mela annurca e.s. acquoso  frutto D/E 10:1,0.0,0,0,349.8,874.5,40.0,349.8,,,STORICO_GESTIONALE_ATOM | Seriale 0000021741 | Taglio standard 40% per assenza distinta completa
HIST-ATOM-0000021729-S24/0086,STORICO-20240516-SPRAY,2024-05-16,,Spray Dryer,S24/0086,,WSDMLSOC08R0400A,Semilavorato Melissa foglia e.s. D/E 4:1,0.0,0,0,28.64,71.6,40.0,28.64,,,STORICO_GESTIONALE_ATOM | Seriale 0000021729 | Taglio standard 40% per assenza distinta completa
HIST-ATOM-0000021726-S24/0085,STORICO-20240516-SPRAY,2024-05-16,,Spray Dryer,S24/0085,,WSDALTOC14R0200A,Semilavorato Altea radice estratto secco,0.0,0,0,127.36,318.4,40.0,127.36,,,STORICO_GESTIONALE_ATOM | Seriale 0000021726 | Taglio standard 40% per assenza distinta completa
HIST-ATOM-0000021718-S24/0084,STORICO-20240515-SPRAY,2024-05-15,,Spray Dryer,S24/0084,,WSDCNCSC02R0400A,Semilavorato China (Cinchona Succirubra)corteccia  e. s.,0.0,0,0,134.48,336.2,40.0,134.48,,,STORICO_GESTIONALE_ATOM | Seriale 0000021718 | Taglio standard 40% per assenza distinta completa
HIST-ATOM-0000021717-S24/0083,STORICO-20240514-SPRAY,2024-05-14,,Spray Dryer,S24/0083,,WSDPLLCC17R0200A,Semilavorato Guarana' seme e.s.         D/E 2:1,0.0,0,0,90.4,226.0,40.0,90.4,,,STORICO_GESTIONALE_ATOM | Seriale 0000021717 | Taglio standard 40% per assenza distinta completa
HIST-ATOM-0000021716-S24/0082,STORICO-20240514-SPRAY,2024-05-14,,Spray Dryer,S24/0082,,WSDHRCPC0700000A,Semilavorato Pilosella Erba e.s.,0.0,0,0,115.60000000000001,289.0,40.0,115.60000000000001,,,STORICO_GESTIONALE_ATOM | Seriale 0000021716 | Taglio standard 40% per assenza distinta completa
HIST-ATOM-0000021714-S24/0081,STORICO-20240514-SPRAY,2024-05-14,,Spray Dryer,S24/0081,,WSDSRSRC22R0200A,Semilavorato Drosera erba fiorita estr.sD/E 2:1,0.0,0,0,132.56,331.4,40.0,132.56,,,STORICO_GESTIONALE_ATOM | Seriale 0000021714 | Taglio standard 40% per assenza distinta completa
HIST-ATOM-0000021706-S24/0079,STORICO-20240509-SPRAY,2024-05-09,,Spray Dryer,S24/0079,,WSDTLSPC04R0200A,Semilavorato Tiglio fiore estratto secco2:1,0.0,0,0,118.48,296.2,40.0,118.48,,,STORICO_GESTIONALE_ATOM | Seriale 0000021706 | Taglio standard 40% per assenza distinta completa
HIST-ATOM-0000021656-S24/0076,STORICO-20240509-SPRAY,2024-05-09,,Spray Dryer,S24/0076,,WSDPLLCC17R0200A,Semilavorato Guarana' seme e.s.         D/E 2:1,0.0,0,0,187.0,467.5,40.0,187.0,,,STORICO_GESTIONALE_ATOM | Seriale 0000021656 | Taglio standard 40% per assenza distinta completa
HIST-ATOM-0000021585-S24/0075,STORICO-20240507-SPRAY,2024-05-07,,Spray Dryer,S24/0075,,WSDPLLCC17R0200A,Semilavorato Guarana' seme e.s.         D/E 2:1,0.0,0,0,93.4,233.5,40.0,93.4,,,STORICO_GESTIONALE_ATOM | Seriale 0000021585 | Taglio standard 40% per assenza distinta completa
HIST-ATOM-0000021579-S24/0074,STORICO-20240506-SPRAY,2024-05-06,,Spray Dryer,S24/0074,,WSDHBSSC04R0400A,Semilavorato Ibisco (Karkadè) fiore e.s.D/E 4:1,0.0,0,0,485.20000000000005,1213.0,40.0,485.20000000000005,,,STORICO_GESTIONALE_ATOM | Seriale 0000021579 | Taglio standard 40% per assenza distinta completa
HIST-ATOM-0000021504-S24/0073,STORICO-20240429-SPRAY,2024-04-29,,Spray Dryer,S24/0073,,WSDHBSSC04R0400A,Semilavorato Ibisco (Karkadè) fiore e.s.D/E 4:1,0.0,0,0,254.0,635.0,40.0,254.0,,,STORICO_GESTIONALE_ATOM | Seriale 0000021504 | Taglio standard 40% per assenza distinta completa
HIST-ATOM-0000021462-S24/0070,STORICO-20240422-SPRAY,2024-04-22,,Spray Dryer,S24/0070,,YSDMLSOC0812000N,"Semilavorato Melissa foglia              estratto secco >=12,0% derivati idrossicinnamici",0.0,0,0,85.28,213.2,40.0,85.28,,,STORICO_GESTIONALE_ATOM | Seriale 0000021462 | Taglio standard 40% per assenza distinta completa
HIST-ATOM-0000021442-S24/0069,STORICO-20240418-SPRAY,2024-04-18,,Spray Dryer,S24/0069,,YSDMLSOK0805000A,"Semilavorato Melissa foglia estratto     secco >= 5,0%   tot idross. come acido rosmarinic",0.0,0,0,16.240000000000002,40.6,40.0,16.240000000000002,,,STORICO_GESTIONALE_ATOM | Seriale 0000021442 | Taglio standard 40% per assenza distinta completa
HIST-ATOM-0000021441-S24/0068,STORICO-20240417-SPRAY,2024-04-17,,Spray Dryer,S24/0068,,WSDTRXOC08R0200A,Semilavorato Tarassaco foglia estratto  secco,0.0,0,0,162.84000000000003,407.1,40.00000000000001,162.84000000000003,,,STORICO_GESTIONALE_ATOM | Seriale 0000021441 | Taglio standard 40% per assenza distinta completa
HIST-ATOM-0000021436-S24/0066,STORICO-20240416-SPRAY,2024-04-16,,Spray Dryer,S24/0066,,WSDHDRHC08R0400A,Semilavorato Edera foglia e.s. D/E 4:1,0.0,0,0,116.4,291.0,40.0,116.4,,,STORICO_GESTIONALE_ATOM | Seriale 0000021436 | Taglio standard 40% per assenza distinta completa
HIST-ATOM-0000021412-S24/0065,STORICO-20240416-SPRAY,2024-04-16,,Spray Dryer,S24/0065,,YSDPLNLC0804000N,Semilavorato Piantaggine foglia         >=4% verbascosidi,0.0,0,0,139.12,347.8,40.0,139.12,,,STORICO_GESTIONALE_ATOM | Seriale 0000021412 | Taglio standard 40% per assenza distinta completa
HIST-ATOM-0000021361-S24/0064,STORICO-20240412-SPRAY,2024-04-12,,Spray Dryer,S24/0064,,WSDASPOC14R0500A,Semilavorato Asparago radice e.s.,0.0,0,0,32.0,80.0,40.0,32.0,,,STORICO_GESTIONALE_ATOM | Seriale 0000021361 | Taglio standard 40% per assenza distinta completa
HIST-ATOM-0000021349-S24/0062,STORICO-20240412-SPRAY,2024-04-12,,Spray Dryer,S24/0062,,WSDCRCLC15R0300A,Semilavorato Curcuma rizoma e.s.,0.0,0,0,37.88,94.7,40.0,37.88,,,STORICO_GESTIONALE_ATOM | Seriale 0000021349 | Taglio standard 40% per assenza distinta completa
HIST-ATOM-0000021344-S24/0061,STORICO-20240411-SPRAY,2024-04-11,,Spray Dryer,S24/0061,,WSDCLNTC17R0200A,Semilavorato Cola noci seme e.s. solubilD/E 2:1 2 % caffeina,0.0,0,0,42.2,105.5,40.0,42.2,,,STORICO_GESTIONALE_ATOM | Seriale 0000021344 | Taglio standard 40% per assenza distinta completa
HIST-ATOM-0000021334-S24/0059,STORICO-20240411-SPRAY,2024-04-11,,Spray Dryer,S24/0059,,WSDTHYVC08R0200A,Semilavorato Timo pianta (parte aerea)  estratto seccoD/E 2:1,0.0,0,0,201.28,503.2,40.0,201.28,,,STORICO_GESTIONALE_ATOM | Seriale 0000021334 | Taglio standard 40% per assenza distinta completa
HIST-ATOM-0000021325-S24/0058,STORICO-20240410-SPRAY,2024-04-10,,Spray Dryer,S24/0058,,WSDMLVSC24R0200A,Semilavorato Malva fiori/foglie e.s. 2:1,0.0,0,0,160.0,400.0,40.0,160.0,,,STORICO_GESTIONALE_ATOM | Seriale 0000021325 | Taglio standard 40% per assenza distinta completa
HIST-ATOM-0000021315-S24/0056T,STORICO-20240408-SPRAY,2024-04-08,,Spray Dryer,S24/0056T,,WSDMDBAC05R1000A,Semilavorato Mela annurca e.s. acquoso  frutto D/E 10:1,0.0,0,0,431.08000000000004,1077.7,40.0,431.08000000000004,,,STORICO_GESTIONALE_ATOM | Seriale 0000021315 | Taglio standard 40% per assenza distinta completa
HIST-ATOM-0000021309-S24/0057,STORICO-20240404-SPRAY,2024-04-04,,Spray Dryer,S24/0057,,WSDCRMCC05R0400A,Semilavorato Carvi frutti e.s. D/E 4:1,0.0,0,0,36.800000000000004,92.0,40.0,36.800000000000004,,,STORICO_GESTIONALE_ATOM | Seriale 0000021309 | Taglio standard 40% per assenza distinta completa
HIST-ATOM-0000021282-S24/0054,STORICO-20240403-SPRAY,2024-04-03,,Spray Dryer,S24/0054,,WSDMDBAC05R1000A,Semilavorato Mela annurca e.s. acquoso  frutto D/E 10:1,0.0,0,0,446.84,1117.1,40.0,446.84,,,STORICO_GESTIONALE_ATOM | Seriale 0000021282 | Taglio standard 40% per assenza distinta completa
HIST-ATOM-0000021238-S24/0052,STORICO-20240327-SPRAY,2024-03-27,,Spray Dryer,S24/0052,,WSDCRMCC05R0200A,Semilavorato Carvi frutto estratto secco,0.0,0,0,31.480000000000004,78.7,40.0,31.480000000000004,,,STORICO_GESTIONALE_ATOM | Seriale 0000021238 | Taglio standard 40% per assenza distinta completa
HIST-ATOM-0000021237-S24/0053,STORICO-20240327-SPRAY,2024-03-27,,Spray Dryer,S24/0053,,WSDCLNTC17R0200A,Semilavorato Cola noci seme e.s. solubilD/E 2:1 2 % caffeina,0.0,0,0,55.28,138.2,40.0,55.28,,,STORICO_GESTIONALE_ATOM | Seriale 0000021237 | Taglio standard 40% per assenza distinta completa
HIST-ATOM-0000021226-S24/0051,STORICO-20240326-SPRAY,2024-03-26,,Spray Dryer,S24/0051,,WSDMLVSC24R0200A,Semilavorato Malva fiori/foglie e.s. 2:1,0.0,0,0,165.0,412.5,40.0,165.0,,,STORICO_GESTIONALE_ATOM | Seriale 0000021226 | Taglio standard 40% per assenza distinta completa
HIST-ATOM-0000021214-S24/0050,STORICO-20240322-SPRAY,2024-03-22,,Spray Dryer,S24/0050,,WSDESCCF07R0200A,Semilavorato Escolzia erba e.s.         da Filiera Certificata ISO 22005,0.0,0,0,169.52,423.8,40.0,169.52,,,STORICO_GESTIONALE_ATOM | Seriale 0000021214 | Taglio standard 40% per assenza distinta completa
HIST-ATOM-0000021188-S24/0048,STORICO-20240321-SPRAY,2024-03-21,,Spray Dryer,S24/0048,,WSDPPVRC38R0200A,Semilavorato Papavero Rosso fiore e.s.  D/E 2:1,0.0,0,0,57.879999999999995,144.7,40.0,57.879999999999995,,,STORICO_GESTIONALE_ATOM | Seriale 0000021188 | Taglio standard 40% per assenza distinta completa
HIST-ATOM-0000021186-S24/0047,STORICO-20240320-SPRAY,2024-03-20,,Spray Dryer,S24/0047,,WSDMDBAC05R1000A,Semilavorato Mela annurca e.s. acquoso  frutto D/E 10:1,0.0,0,0,260.6,651.5,40.0,260.6,,,STORICO_GESTIONALE_ATOM | Seriale 0000021186 | Taglio standard 40% per assenza distinta completa
HIST-ATOM-0000021175-S24/0046,STORICO-20240318-SPRAY,2024-03-18,,Spray Dryer,S24/0046,,WSDFLPUC07R0400A,Semilavorato Spirea erba (sommita') e.s.D/E 4:1,0.0,0,0,145.6,364.0,40.0,145.6,,,STORICO_GESTIONALE_ATOM | Seriale 0000021175 | Taglio standard 40% per assenza distinta completa
HIST-ATOM-0000021163-S24/0045,STORICO-20240314-SPRAY,2024-03-14,,Spray Dryer,S24/0045,,YSDMLSOC0812000N,"Semilavorato Melissa foglia              estratto secco >=12,0% derivati idrossicinnamici",0.0,0,0,76.80000000000001,192.0,40.00000000000001,76.80000000000001,,,STORICO_GESTIONALE_ATOM | Seriale 0000021163 | Taglio standard 40% per assenza distinta completa
HIST-ATOM-0000021161-S24/0044,STORICO-20240313-SPRAY,2024-03-13,,Spray Dryer,S24/0044,,WSDCRNSC05R0400A,Semilavorato Coriandolo frutto e.s.     D/E 4:1,0.0,0,0,90.48,226.2,40.0,90.48,,,STORICO_GESTIONALE_ATOM | Seriale 0000021161 | Taglio standard 40% per assenza distinta completa
HIST-ATOM-0000021105-S24/0043,STORICO-20240312-SPRAY,2024-03-12,,Spray Dryer,S24/0043,,WSDARNMC04R0400A,Semilavorato Arnica Montana fiori E.S.,0.0,0,0,2.08,5.2,40.0,2.08,,,STORICO_GESTIONALE_ATOM | Seriale 0000021105 | Taglio standard 40% per assenza distinta completa
HIST-ATOM-0000021103-S24/0041,STORICO-20240311-SPRAY,2024-03-11,,Spray Dryer,S24/0041,,WSDHRPPC1400500A,Semilavorato Artiglio del diavolo radicee.s. >= 2.5% arpagodside,0.0,0,0,318.84000000000003,797.1,40.0,318.84000000000003,,,STORICO_GESTIONALE_ATOM | Seriale 0000021103 | Taglio standard 40% per assenza distinta completa
HIST-ATOM-0000020980-S24/0039,STORICO-20240307-SPRAY,2024-03-07,,Spray Dryer,S24/0039,,VGLMLTDC3200000A,Maltodestrina Caramellata,0.0,0,0,184.0,460.0,40.0,184.0,,,STORICO_GESTIONALE_ATOM | Seriale 0000020980 | Taglio standard 40% per assenza distinta completa
HIST-ATOM-0000020979-S24/0040,STORICO-20240306-SPRAY,2024-03-06,,Spray Dryer,S24/0040,,WSDMLSOC0805000A,"Semilavorato Melissa foglia e.s.acquoso >= 5,0% derivati idrossicinnamici tot. calc.come a",0.0,0,0,57.32000000000001,143.3,40.0,57.32000000000001,,,STORICO_GESTIONALE_ATOM | Seriale 0000020979 | Taglio standard 40% per assenza distinta completa
HIST-ATOM-0000020959-S24/0038,STORICO-20240306-SPRAY,2024-03-06,,Spray Dryer,S24/0038,,VGLMLTDC3200000A,Maltodestrina Caramellata,0.0,0,0,149.16,372.9,40.0,149.16,,,STORICO_GESTIONALE_ATOM | Seriale 0000020959 | Taglio standard 40% per assenza distinta completa
HIST-ATOM-0000020944-S24/0037,STORICO-20240304-SPRAY,2024-03-04,,Spray Dryer,S24/0037,,VGLHONYC3200000A,Miele polvere 40-50,0.0,0,0,156.4,391.0,40.0,156.4,,,STORICO_GESTIONALE_ATOM | Seriale 0000020944 | Taglio standard 40% per assenza distinta completa
HIST-ATOM-0000020942-S24/0036,STORICO-20240301-SPRAY,2024-03-01,,Spray Dryer,S24/0036,,WSDTNCPF08R0400A,Semilavorato Tanaceto Partenio erba fiore.s. D/E 4:1 da Filiera Certificata ISO 22005,0.0,0,0,103.88,259.7,40.0,103.88,,,STORICO_GESTIONALE_ATOM | Seriale 0000020942 | Taglio standard 40% per assenza distinta completa
HIST-ATOM-0000020922-S24/0035,STORICO-20240229-SPRAY,2024-02-29,,Spray Dryer,S24/0035,,WSDPTYOC02R0400A,Semilavorato Muira Puama corteccia e.s. D/E 4:1,0.0,0,0,107.04000000000002,267.6,40.0,107.04000000000002,,,STORICO_GESTIONALE_ATOM | Seriale 0000020922 | Taglio standard 40% per assenza distinta completa
HIST-ATOM-0000020920-S24/0034,STORICO-20240228-SPRAY,2024-02-28,,Spray Dryer,S24/0034,,WSDECHSC07R0200A,Semilavorato Echinacea purpurea erba e.s,0.0,0,0,122.28,305.7,40.0,122.28,,,STORICO_GESTIONALE_ATOM | Seriale 0000020920 | Taglio standard 40% per assenza distinta completa
HIST-ATOM-0000020913-S24/0033,STORICO-20240227-SPRAY,2024-02-27,,Spray Dryer,S24/0033,,WSDAVNSC17R0200A,Semilavorato Avena seme estratto secco  D/E 2:1,0.0,0,0,126.96,317.4,40.0,126.96,,,STORICO_GESTIONALE_ATOM | Seriale 0000020913 | Taglio standard 40% per assenza distinta completa
HIST-ATOM-0000020872-S24/0032,STORICO-20240226-SPRAY,2024-02-26,,Spray Dryer,S24/0032,,WSDAVNSC17R0200A,Semilavorato Avena seme estratto secco  D/E 2:1,0.0,0,0,120.64000000000001,301.6,40.0,120.64000000000001,,,STORICO_GESTIONALE_ATOM | Seriale 0000020872 | Taglio standard 40% per assenza distinta completa
HIST-ATOM-0000020816-S24/0031,STORICO-20240223-SPRAY,2024-02-23,,Spray Dryer,S24/0031,,WSDEQSAC07R0300A,Semilavorato Equiseto erba e.s.,0.0,0,0,202.52,506.3,40.0,202.52,,,STORICO_GESTIONALE_ATOM | Seriale 0000020816 | Taglio standard 40% per assenza distinta completa
HIST-ATOM-0000020810-S24/0030,STORICO-20240222-SPRAY,2024-02-22,,Spray Dryer,S24/0030,,WSDMDBAC05R1000A,Semilavorato Mela annurca e.s. acquoso  frutto D/E 10:1,0.0,0,0,238.28000000000003,595.7,40.0,238.28000000000003,,,STORICO_GESTIONALE_ATOM | Seriale 0000020810 | Taglio standard 40% per assenza distinta completa
HIST-ATOM-0000020786-S24/0028,STORICO-20240220-SPRAY,2024-02-20,,Spray Dryer,S24/0028,,WSDURTDC08R0200A,Semilavorato Ortica foglia estratto secc,0.0,0,0,154.28,385.7,40.0,154.28,,,STORICO_GESTIONALE_ATOM | Seriale 0000020786 | Taglio standard 40% per assenza distinta completa
HIST-ATOM-0000020784-S24/0026,STORICO-20240219-SPRAY,2024-02-19,,Spray Dryer,S24/0026,,WSDGRNRF2200000A,Semilavorato GRINDELIA ERBA FIORITA E.S. FILIERA CERTIFICATA ISO 22005,0.0,0,0,185.72000000000003,464.3,40.0,185.72000000000003,,,STORICO_GESTIONALE_ATOM | Seriale 0000020784 | Taglio standard 40% per assenza distinta completa
HIST-ATOM-0000020775-S24/0027,STORICO-20240215-SPRAY,2024-02-15,,Spray Dryer,S24/0027,,WSDMLSOC0805000A,"Semilavorato Melissa foglia e.s.acquoso >= 5,0% derivati idrossicinnamici tot. calc.come a",0.0,0,0,49.800000000000004,124.5,40.0,49.800000000000004,,,STORICO_GESTIONALE_ATOM | Seriale 0000020775 | Taglio standard 40% per assenza distinta completa
HIST-ATOM-0000020772-S24/0024,STORICO-20240215-SPRAY,2024-02-15,,Spray Dryer,S24/0024,,WSDECHSC07R0200A,Semilavorato Echinacea purpurea erba e.s,0.0,0,0,154.0,385.0,40.0,154.0,,,STORICO_GESTIONALE_ATOM | Seriale 0000020772 | Taglio standard 40% per assenza distinta completa
HIST-ATOM-0000020769-S24/0025,STORICO-20240214-SPRAY,2024-02-14,,Spray Dryer,S24/0025,,WSDMDBAC05R1000A,Semilavorato Mela annurca e.s. acquoso  frutto D/E 10:1,0.0,0,0,24.880000000000003,62.2,40.0,24.880000000000003,,,STORICO_GESTIONALE_ATOM | Seriale 0000020769 | Taglio standard 40% per assenza distinta completa
HIST-ATOM-0000020698-S24/0022,STORICO-20240214-SPRAY,2024-02-14,,Spray Dryer,S24/0022,,WSDTRGFC1700000A,Semilavorato Fieno greco seme es,0.0,0,0,180.52,451.3,40.0,180.52,,,STORICO_GESTIONALE_ATOM | Seriale 0000020698 | Taglio standard 40% per assenza distinta completa
HIST-ATOM-0000020651-S24/0021,STORICO-20240212-SPRAY,2024-02-12,,Spray Dryer,S24/0021,,WSDECHSC07R0200A,Semilavorato Echinacea purpurea erba e.s,0.0,0,0,158.24,395.6,40.0,158.24,,,STORICO_GESTIONALE_ATOM | Seriale 0000020651 | Taglio standard 40% per assenza distinta completa
HIST-ATOM-0000020646-S24/0018,STORICO-20240209-SPRAY,2024-02-09,,Spray Dryer,S24/0018,,WSDSLDVC22R0400A,Semilavorato Verga d' oro parti aeree    (erba fiorita) estratto secco D/E 4:1,0.0,0,0,138.20000000000002,345.5,40.0,138.20000000000002,,,STORICO_GESTIONALE_ATOM | Seriale 0000020646 | Taglio standard 40% per assenza distinta completa
HIST-ATOM-0000020575-E24/0507,STORICO-20240208-SPRAY,2024-02-08,,Spray Dryer,E24/0507,,VGLHONYC3200000A,Miele polvere 40-50,0.0,0,0,200.0,500.0,40.0,200.0,,,STORICO_GESTIONALE_ATOM | Seriale 0000020575 | Taglio standard 40% per assenza distinta completa
HIST-ATOM-0000020574-S24/0019,STORICO-20240208-SPRAY,2024-02-08,,Spray Dryer,S24/0019,,WSDRSMOC08R0400A,Semilavorato Rosmarino foglia e.s.      D/E 4:1,0.0,0,0,43.28,108.2,40.0,43.28,,,STORICO_GESTIONALE_ATOM | Seriale 0000020574 | Taglio standard 40% per assenza distinta completa
HIST-ATOM-0000020570-S24/0020,STORICO-20240207-SPRAY,2024-02-07,,Spray Dryer,S24/0020,,WSDMDBAC05R1000A,Semilavorato Mela annurca e.s. acquoso  frutto D/E 10:1,0.0,0,0,36.4,91.0,40.0,36.4,,,STORICO_GESTIONALE_ATOM | Seriale 0000020570 | Taglio standard 40% per assenza distinta completa
HIST-ATOM-0000020564-S24/0017,STORICO-20240207-SPRAY,2024-02-07,,Spray Dryer,S24/0017,,WSDORTSC08R0300A,Semilavorato Ortosiphon foglia e.s.,0.0,0,0,174.56,436.4,40.0,174.56,,,STORICO_GESTIONALE_ATOM | Seriale 0000020564 | Taglio standard 40% per assenza distinta completa
HIST-ATOM-0000020563-S24/0012,STORICO-20240207-SPRAY,2024-02-07,,Spray Dryer,S24/0012,,VGLHONYC3200000A,Miele polvere 40-50,0.0,0,0,155.0,387.5,40.0,155.0,,,STORICO_GESTIONALE_ATOM | Seriale 0000020563 | Taglio standard 40% per assenza distinta completa
HIST-ATOM-0000020553-S24/0015,STORICO-20240205-SPRAY,2024-02-05,,Spray Dryer,S24/0015,,WSDRSMOC08R0400A,Semilavorato Rosmarino foglia e.s.      D/E 4:1,0.0,0,0,85.48,213.7,40.0,85.48,,,STORICO_GESTIONALE_ATOM | Seriale 0000020553 | Taglio standard 40% per assenza distinta completa
HIST-ATOM-0000020536-S24/0011,STORICO-20240201-SPRAY,2024-02-01,,Spray Dryer,S24/0011,,WSDFRXEC08R0200A,Semilavorato Frassino foglia e.s.,0.0,0,0,147.72,369.3,40.0,147.72,,,STORICO_GESTIONALE_ATOM | Seriale 0000020536 | Taglio standard 40% per assenza distinta completa
HIST-ATOM-0000020530-E24/0404,STORICO-20240131-SPRAY,2024-01-31,,Spray Dryer,E24/0404,,SSDASCHC02R0200A,Ippocastano corteccia e.s. D/E 2:1,0.0,0,0,137.32000000000002,343.3,40.0,137.32000000000002,,,STORICO_GESTIONALE_ATOM | Seriale 0000020530 | Taglio standard 40% per assenza distinta completa
HIST-ATOM-0000020526-S24/0010,STORICO-20240130-SPRAY,2024-01-30,,Spray Dryer,S24/0010,,WSDFNCOC17R0200A,Semilavorato Finocchio dolce seme e.s.,0.0,0,0,222.60000000000002,556.5,40.0,222.60000000000002,,,STORICO_GESTIONALE_ATOM | Seriale 0000020526 | Taglio standard 40% per assenza distinta completa
HIST-ATOM-0000020518-E24/0401,STORICO-20240129-SPRAY,2024-01-29,,Spray Dryer,E24/0401,,VSDTROXC3200000A,Troxerutina,0.0,0,0,168.0,420.0,40.0,168.0,,,STORICO_GESTIONALE_ATOM | Seriale 0000020518 | Taglio standard 40% per assenza distinta completa
HIST-ATOM-0000020453-S24/0008,STORICO-20240124-SPRAY,2024-01-24,,Spray Dryer,S24/0008,,ASDVLROB1400200A,"Valeriana radice estratto secco >=0,20%  acidi sesquiterpenici tot. calc. come acido valer",0.0,0,0,9.4,23.5,40.0,9.4,,,STORICO_GESTIONALE_ATOM | Seriale 0000020453 | Taglio standard 40% per assenza distinta completa
HIST-ATOM-0000020418-S24/0006,STORICO-20240119-SPRAY,2024-01-19,,Spray Dryer,S24/0006,,WSDPMPAC05R0400A,Semilavorato Anice verde frutto e.s. D/E4:1,0.0,0,0,201.64000000000001,504.1,40.0,201.64000000000001,,,STORICO_GESTIONALE_ATOM | Seriale 0000020418 | Taglio standard 40% per assenza distinta completa
HIST-ATOM-0000020413-E24/0324,STORICO-20240118-SPRAY,2024-01-18,,Spray Dryer,E24/0324,,SSDRHMFC0207000A,"Frangula corteccia estratto secco >=7,0%glucofranguline calcolate come glucofrangulina A",0.0,0,0,120.0,300.0,40.0,120.0,,,STORICO_GESTIONALE_ATOM | Seriale 0000020413 | Taglio standard 40% per assenza distinta completa
HIST-ATOM-0000020402-S24/0004,STORICO-20240117-SPRAY,2024-01-17,,Spray Dryer,S24/0004,,WSDCPSBC10R0400A,Semilavorato Borsa del Pastore           parte aerea e.secco,0.0,0,0,47.400000000000006,118.5,40.0,47.400000000000006,,,STORICO_GESTIONALE_ATOM | Seriale 0000020402 | Taglio standard 40% per assenza distinta completa
HIST-ATOM-0000020401-S24/0005,STORICO-20240117-SPRAY,2024-01-17,,Spray Dryer,S24/0005,,WSDHRPPC1400500A,Semilavorato Artiglio del diavolo radicee.s. >= 2.5% arpagodside,0.0,0,0,274.0,685.0,40.0,274.0,,,STORICO_GESTIONALE_ATOM | Seriale 0000020401 | Taglio standard 40% per assenza distinta completa
HIST-ATOM-0000020399-E24/0300,STORICO-20240117-SPRAY,2024-01-17,,Spray Dryer,E24/0300,,VGLHONYC3200000A,Miele polvere 40-50,0.0,0,0,20.0,50.0,40.0,20.0,,,STORICO_GESTIONALE_ATOM | Seriale 0000020399 | Taglio standard 40% per assenza distinta completa
HIST-ATOM-0000020384-S24/0003,STORICO-20240117-SPRAY,2024-01-17,,Spray Dryer,S24/0003,,WSDHDRHC08R0400A,Semilavorato Edera foglia e.s. D/E 4:1,0.0,0,0,100.92000000000002,252.3,40.0,100.92000000000002,,,STORICO_GESTIONALE_ATOM | Seriale 0000020384 | Taglio standard 40% per assenza distinta completa
HIST-ATOM-0000020383-E24/0219,STORICO-20240116-SPRAY,2024-01-16,,Spray Dryer,E24/0219,,VGLHONYC3200000A,Miele polvere 40-50,0.0,0,0,2.0,5.0,40.0,2.0,,,STORICO_GESTIONALE_ATOM | Seriale 0000020383 | Taglio standard 40% per assenza distinta completa
HIST-ATOM-0000020331-S24/0001,STORICO-20240109-SPRAY,2024-01-09,,Spray Dryer,S24/0001,,YSDMLSOC0805000A,"Semilavorato Melissa foglia estratto    secco >= 5,0%   derivati idrossicinnamici tot. cal",0.0,0,0,161.60000000000002,404.0,40.00000000000001,161.60000000000002,,,STORICO_GESTIONALE_ATOM | Seriale 0000020331 | Taglio standard 40% per assenza distinta completa
HIST-ATOM-0000020277-S23/0208,STORICO-20231219-SPRAY,2023-12-19,,Spray Dryer,S23/0208,,WSDHLCIL04R0200A,Semilavorato Elicriso erba fiorita      e. secco Locale,0.0,0,0,168.44000000000003,421.1,40.0,168.44000000000003,,,STORICO_GESTIONALE_ATOM | Seriale 0000020277 | Taglio standard 40% per assenza distinta completa
HIST-ATOM-0000020265-S23/0206,STORICO-20231218-SPRAY,2023-12-18,,Spray Dryer,S23/0206,,WSDBRSBC08R0300A,Semilavorato Broccoli foglia e.s.,0.0,0,0,42.6,106.5,40.0,42.6,,,STORICO_GESTIONALE_ATOM | Seriale 0000020265 | Taglio standard 40% per assenza distinta completa
HIST-ATOM-0000020245-S23/0205,STORICO-20231215-SPRAY,2023-12-15,,Spray Dryer,S23/0205,,WSDMLVSC24R0200A,Semilavorato Malva fiori/foglie e.s. 2:1,0.0,0,0,105.44000000000001,263.6,40.0,105.44000000000001,,,STORICO_GESTIONALE_ATOM | Seriale 0000020245 | Taglio standard 40% per assenza distinta completa
HIST-ATOM-0000020243-S23/0204,STORICO-20231214-SPRAY,2023-12-14,,Spray Dryer,S23/0204,,WSDURTDC08R0200A,Semilavorato Ortica foglia estratto secc,0.0,0,0,125.32000000000001,313.3,40.0,125.32000000000001,,,STORICO_GESTIONALE_ATOM | Seriale 0000020243 | Taglio standard 40% per assenza distinta completa
HIST-ATOM-0000020234-S23/0203,STORICO-20231214-SPRAY,2023-12-14,,Spray Dryer,S23/0203,,WSDCLNTC17R0200A,Semilavorato Cola noci seme e.s. solubilD/E 2:1 2 % caffeina,0.0,0,0,117.0,292.5,40.0,117.0,,,STORICO_GESTIONALE_ATOM | Seriale 0000020234 | Taglio standard 40% per assenza distinta completa
HIST-ATOM-0000020233-S23/0202,STORICO-20231213-SPRAY,2023-12-13,,Spray Dryer,S23/0202,,WSDRSMOC08R0200A,Semilavorato Rosmarino foglia e.s.,0.0,0,0,224.32,560.8,40.0,224.32,,,STORICO_GESTIONALE_ATOM | Seriale 0000020233 | Taglio standard 40% per assenza distinta completa
HIST-ATOM-0000020225-S23/0198,STORICO-20231212-SPRAY,2023-12-12,,Spray Dryer,S23/0198,,WSDPSSIC07R0400A,Semilavorato Passiflora erba fiorita e.sD/E 4:1,0.0,0,0,363.52,908.8,40.0,363.52,,,STORICO_GESTIONALE_ATOM | Seriale 0000020225 | Taglio standard 40% per assenza distinta completa
HIST-ATOM-0000020181-S23/0200,STORICO-20231207-SPRAY,2023-12-07,,Spray Dryer,S23/0200,,WSDPLLCC17R0200A,Semilavorato Guarana' seme e.s.         D/E 2:1,0.0,0,0,234.8,587.0,40.0,234.8,,,STORICO_GESTIONALE_ATOM | Seriale 0000020181 | Taglio standard 40% per assenza distinta completa
HIST-ATOM-0000020164-S23/0199,STORICO-20231206-SPRAY,2023-12-06,,Spray Dryer,S23/0199,,WSDORTSC08R0300A,Semilavorato Ortosiphon foglia e.s.,0.0,0,0,101.0,252.5,40.0,101.0,,,STORICO_GESTIONALE_ATOM | Seriale 0000020164 | Taglio standard 40% per assenza distinta completa
HIST-ATOM-0000020087-S23/0192,STORICO-20231130-SPRAY,2023-11-30,,Spray Dryer,S23/0192,,VSDMDVEC3200000A,MALTODESTRINA VERDE,0.0,0,0,170.8,427.0,40.0,170.8,,,STORICO_GESTIONALE_ATOM | Seriale 0000020087 | Taglio standard 40% per assenza distinta completa
HIST-ATOM-0000020047-S23/0195,STORICO-20231130-SPRAY,2023-11-30,,Spray Dryer,S23/0195,,VGLHONYC3200000A,Miele polvere 40-50,0.0,0,0,76.60000000000001,191.5,40.0,76.60000000000001,,,STORICO_GESTIONALE_ATOM | Seriale 0000020047 | Taglio standard 40% per assenza distinta completa
HIST-ATOM-0000020046-S23/0197,STORICO-20231130-SPRAY,2023-11-30,,Spray Dryer,S23/0197,,WSDSLNAF0500500A,Semilavorato SOLANRED® - estratto secco da frutto fresco di Melanzana Rossa Lucana - 1-3%,0.0,0,0,1.0,2.5,40.0,1.0,,,STORICO_GESTIONALE_ATOM | Seriale 0000020046 | Taglio standard 40% per assenza distinta completa
HIST-ATOM-0000020032-S23/0194,STORICO-20231129-SPRAY,2023-11-29,,Spray Dryer,S23/0194,,WSDALTOC14R0200A,Semilavorato Altea radice estratto secco,0.0,0,0,140.8,352.0,40.0,140.8,,,STORICO_GESTIONALE_ATOM | Seriale 0000020032 | Taglio standard 40% per assenza distinta completa
HIST-ATOM-0000020031-S23/0196,STORICO-20231128-SPRAY,2023-11-28,,Spray Dryer,S23/0196,,WSDMLSOC0802000N,"Semilavorato Melissa foglia e.s.>=2,0%   acido rosmarinico (HPLC)",0.0,0,0,51.760000000000005,129.4,40.0,51.760000000000005,,,STORICO_GESTIONALE_ATOM | Seriale 0000020031 | Taglio standard 40% per assenza distinta completa
HIST-ATOM-0000020012-S23/0193,STORICO-20231127-SPRAY,2023-11-27,,Spray Dryer,S23/0193,,WSDRBSNC08R0300A,Semilavorato Ribes nero foglia e.s.,0.0,0,0,320.0,800.0,40.0,320.0,,,STORICO_GESTIONALE_ATOM | Seriale 0000020012 | Taglio standard 40% per assenza distinta completa
HIST-ATOM-0000020006-S23/0191,STORICO-20231122-SPRAY,2023-11-22,,Spray Dryer,S23/0191,,WSDCNNZC02R0200A,Semilavorato Cannella corteccia e.s.     D/E 2:1,0.0,0,0,71.60000000000001,179.0,40.0,71.60000000000001,,,STORICO_GESTIONALE_ATOM | Seriale 0000020006 | Taglio standard 40% per assenza distinta completa
HIST-ATOM-0000019990-S23/0190,STORICO-20231122-SPRAY,2023-11-22,,Spray Dryer,S23/0190,,WSDSLNAF0500500A,Semilavorato SOLANRED® - estratto secco da frutto fresco di Melanzana Rossa Lucana - 1-3%,0.0,0,0,2.2,5.5,40.0,2.2,,,STORICO_GESTIONALE_ATOM | Seriale 0000019990 | Taglio standard 40% per assenza distinta completa
HIST-ATOM-0000019989-S23/0189,STORICO-20231122-SPRAY,2023-11-22,,Spray Dryer,S23/0189,,WSDTHYVC08R0200A,Semilavorato Timo pianta (parte aerea)  estratto seccoD/E 2:1,0.0,0,0,205.48000000000002,513.7,40.0,205.48000000000002,,,STORICO_GESTIONALE_ATOM | Seriale 0000019989 | Taglio standard 40% per assenza distinta completa
HIST-ATOM-0000019942-S23/0188,STORICO-20231120-SPRAY,2023-11-20,,Spray Dryer,S23/0188,,WSDHRCPC0700000A,Semilavorato Pilosella Erba e.s.,0.0,0,0,90.72000000000001,226.8,40.0,90.72000000000001,,,STORICO_GESTIONALE_ATOM | Seriale 0000019942 | Taglio standard 40% per assenza distinta completa
HIST-ATOM-0000019937-S23/0184,STORICO-20231117-SPRAY,2023-11-17,,Spray Dryer,S23/0184,,WSDFNCOC17R0200A,Semilavorato Finocchio dolce seme e.s.,0.0,0,0,103.88,259.7,40.0,103.88,,,STORICO_GESTIONALE_ATOM | Seriale 0000019937 | Taglio standard 40% per assenza distinta completa
HIST-ATOM-0000019918-E23/3464,STORICO-20231117-SPRAY,2023-11-17,,Spray Dryer,E23/3464,,VGLHONYC3200000A,Miele polvere 40-50,0.0,0,0,0.4,1.0,40.0,0.4,,,STORICO_GESTIONALE_ATOM | Seriale 0000019918 | Taglio standard 40% per assenza distinta completa
HIST-ATOM-0000019917-S23/0187,STORICO-20231117-SPRAY,2023-11-17,,Spray Dryer,S23/0187,,VGLHONYC3200000A,Miele polvere 40-50,0.0,0,0,6.4,16.0,40.0,6.4,,,STORICO_GESTIONALE_ATOM | Seriale 0000019917 | Taglio standard 40% per assenza distinta completa
HIST-ATOM-0000019914-S23/0185,STORICO-20231116-SPRAY,2023-11-16,,Spray Dryer,S23/0185,,YSDCLNOC04R1000A,Semilavorato Calendula fiori e.s. D/E 10,0.0,0,0,79.76,199.4,40.0,79.76,,,STORICO_GESTIONALE_ATOM | Seriale 0000019914 | Taglio standard 40% per assenza distinta completa
HIST-ATOM-0000019911-S23/0180,STORICO-20231116-SPRAY,2023-11-16,,Spray Dryer,S23/0180,,WSDGRNRF2200000A,Semilavorato GRINDELIA ERBA FIORITA E.S. FILIERA CERTIFICATA ISO 22005,0.0,0,0,129.68,324.2,40.0,129.68,,,STORICO_GESTIONALE_ATOM | Seriale 0000019911 | Taglio standard 40% per assenza distinta completa
HIST-ATOM-0000019910-S23/0182,STORICO-20231116-SPRAY,2023-11-16,,Spray Dryer,S23/0182,,WSDSLNAF0500500A,Semilavorato SOLANRED® - estratto secco da frutto fresco di Melanzana Rossa Lucana - 1-3%,0.0,0,0,35.160000000000004,87.9,40.0,35.160000000000004,,,STORICO_GESTIONALE_ATOM | Seriale 0000019910 | Taglio standard 40% per assenza distinta completa
HIST-ATOM-0000019891-S23/0183,STORICO-20231114-SPRAY,2023-11-14,,Spray Dryer,S23/0183,,YSDMLSOC0804000N,Semilavorato Melissa foglie e.s.        >= 4% Ac. Rosmarinic(HPLC),0.0,0,0,86.88,217.2,40.0,86.88,,,STORICO_GESTIONALE_ATOM | Seriale 0000019891 | Taglio standard 40% per assenza distinta completa
HIST-ATOM-0000019879-S23/0181,STORICO-20231114-SPRAY,2023-11-14,,Spray Dryer,S23/0181,,WSDCHRAC07R0400A,Semilavorato Crisantello erba e.s.      D/E 4:1,0.0,0,0,42.0,105.0,40.0,42.0,,,STORICO_GESTIONALE_ATOM | Seriale 0000019879 | Taglio standard 40% per assenza distinta completa
HIST-ATOM-0000019877-S23/0179,STORICO-20231113-SPRAY,2023-11-13,,Spray Dryer,S23/0179,,WSDRSMOC08R0200A,Semilavorato Rosmarino foglia e.s.,0.0,0,0,44.84,112.1,40.00000000000001,44.84,,,STORICO_GESTIONALE_ATOM | Seriale 0000019877 | Taglio standard 40% per assenza distinta completa
HIST-ATOM-0000019875-S23/0178,STORICO-20231110-SPRAY,2023-11-10,,Spray Dryer,S23/0178,,WSDHLCIL04R0200A,Semilavorato Elicriso erba fiorita      e. secco Locale,0.0,0,0,139.8,349.5,40.0,139.8,,,STORICO_GESTIONALE_ATOM | Seriale 0000019875 | Taglio standard 40% per assenza distinta completa
HIST-ATOM-0000019872-S23/0177,STORICO-20231109-SPRAY,2023-11-09,,Spray Dryer,S23/0177,,WSDFNCOC17R0200A,Semilavorato Finocchio dolce seme e.s.,0.0,0,0,10.88,27.2,40.0,10.88,,,STORICO_GESTIONALE_ATOM | Seriale 0000019872 | Taglio standard 40% per assenza distinta completa
HIST-ATOM-0000019870-S23/0175,STORICO-20231109-SPRAY,2023-11-09,,Spray Dryer,S23/0175,,WSDPLNLC08R0200A,Semilavorato Piantaggine lanceolata fogle.s.,0.0,0,0,133.88,334.7,40.0,133.88,,,STORICO_GESTIONALE_ATOM | Seriale 0000019870 | Taglio standard 40% per assenza distinta completa
HIST-ATOM-0000019863-E23/3209,STORICO-20231108-SPRAY,2023-11-08,,Spray Dryer,E23/3209,,TSDHDRHC0801000A,"Edera foglia estratto secco >=1,0%      ederagenina",0.0,0,0,76.0,190.0,40.0,76.0,,,STORICO_GESTIONALE_ATOM | Seriale 0000019863 | Taglio standard 40% per assenza distinta completa
HIST-ATOM-0000019765-S23/0176,STORICO-20231108-SPRAY,2023-11-08,,Spray Dryer,S23/0176,,WSDTHYVC08R0200A,Semilavorato Timo pianta (parte aerea)  estratto seccoD/E 2:1,0.0,0,0,27.28,68.2,40.0,27.28,,,STORICO_GESTIONALE_ATOM | Seriale 0000019765 | Taglio standard 40% per assenza distinta completa
HIST-ATOM-0000019764-S23/0173,STORICO-20231108-SPRAY,2023-11-08,,Spray Dryer,S23/0173,,WSDTMRIC05R0200A,Semilavorato Tamarindo frutto estratto  secco acquoso,0.0,0,0,114.0,285.0,40.0,114.0,,,STORICO_GESTIONALE_ATOM | Seriale 0000019764 | Taglio standard 40% per assenza distinta completa
HIST-ATOM-0000019758-S23/0171,STORICO-20231107-SPRAY,2023-11-07,,Spray Dryer,S23/0171,,WSDSPRUC34R0200A,Semilavorato Spirea erba estratto secco  D/E 2:1,0.0,0,0,126.28,315.7,40.0,126.28,,,STORICO_GESTIONALE_ATOM | Seriale 0000019758 | Taglio standard 40% per assenza distinta completa
HIST-ATOM-0000019757-S23/0174,STORICO-20231107-SPRAY,2023-11-07,,Spray Dryer,S23/0174,,WSDGRNRF2200000A,Semilavorato GRINDELIA ERBA FIORITA E.S. FILIERA CERTIFICATA ISO 22005,0.0,0,0,22.52,56.3,40.0,22.52,,,STORICO_GESTIONALE_ATOM | Seriale 0000019757 | Taglio standard 40% per assenza distinta completa
HIST-ATOM-0000019750-E23/2789,STORICO-20231103-SPRAY,2023-11-03,,Spray Dryer,E23/2789,,VSDTROXC3200000A,Troxerutina,0.0,0,0,80.0,200.0,40.0,80.0,,,STORICO_GESTIONALE_ATOM | Seriale 0000019750 | Taglio standard 40% per assenza distinta completa
HIST-ATOM-0000019744-S23/0168,STORICO-20231103-SPRAY,2023-11-03,,Spray Dryer,S23/0168,,VGLHONYC3200000A,Miele polvere 40-50,0.0,0,0,133.84,334.6,40.0,133.84,,,STORICO_GESTIONALE_ATOM | Seriale 0000019744 | Taglio standard 40% per assenza distinta completa
HIST-ATOM-0000019683-E23/3217,STORICO-20231030-SPRAY,2023-10-30,,Spray Dryer,E23/3217,,SSDFNCOC17R0200A,Finocchio dolce seme estratto secco,0.0,0,0,114.72000000000001,286.8,40.0,114.72000000000001,,,STORICO_GESTIONALE_ATOM | Seriale 0000019683 | Taglio standard 40% per assenza distinta completa
HIST-ATOM-0000019680-S23/0166,STORICO-20231027-SPRAY,2023-10-27,,Spray Dryer,S23/0166,,YSDCLNOC04R1000A,Semilavorato Calendula fiori e.s. D/E 10,0.0,0,0,84.0,210.0,40.0,84.0,,,STORICO_GESTIONALE_ATOM | Seriale 0000019680 | Taglio standard 40% per assenza distinta completa
HIST-ATOM-0000019679-S23/0167,STORICO-20231026-SPRAY,2023-10-26,,Spray Dryer,S23/0167,,WSDMLSOC08R0400A,Semilavorato Melissa foglia e.s. D/E 4:1,0.0,0,0,43.400000000000006,108.5,40.00000000000001,43.400000000000006,,,STORICO_GESTIONALE_ATOM | Seriale 0000019679 | Taglio standard 40% per assenza distinta completa
HIST-ATOM-0000019625-S23/0165,STORICO-20231026-SPRAY,2023-10-26,,Spray Dryer,S23/0165,,WSDGRNRF2200000A,Semilavorato GRINDELIA ERBA FIORITA E.S. FILIERA CERTIFICATA ISO 22005,0.0,0,0,162.64000000000001,406.6,40.0,162.64000000000001,,,STORICO_GESTIONALE_ATOM | Seriale 0000019625 | Taglio standard 40% per assenza distinta completa
HIST-ATOM-0000019623-S23/0163,STORICO-20231025-SPRAY,2023-10-25,,Spray Dryer,S23/0163,,WSDGLYGC14R0400A,Semilavorato Liquirizia radice e.s.     D/E 4:1,0.0,0,0,218.0,545.0,40.0,218.0,,,STORICO_GESTIONALE_ATOM | Seriale 0000019623 | Taglio standard 40% per assenza distinta completa
HIST-ATOM-0000019618-S23/0164,STORICO-20231023-SPRAY,2023-10-23,,Spray Dryer,S23/0164,,WSDARNMC04R0400A,Semilavorato Arnica Montana fiori E.S.,0.0,0,0,19.040000000000003,47.6,40.0,19.040000000000003,,,STORICO_GESTIONALE_ATOM | Seriale 0000019618 | Taglio standard 40% per assenza distinta completa
HIST-ATOM-0000019616-S23/0162,STORICO-20231020-SPRAY,2023-10-20,,Spray Dryer,S23/0162,,WSDSSYOC34R0200A,Semilavorato Erisimo sommità es,0.0,0,0,195.4,488.5,40.0,195.4,,,STORICO_GESTIONALE_ATOM | Seriale 0000019616 | Taglio standard 40% per assenza distinta completa
HIST-ATOM-0000019593-S23/0156,STORICO-20231019-SPRAY,2023-10-19,,Spray Dryer,S23/0156,,WSDFNCOC17R0200A,Semilavorato Finocchio dolce seme e.s.,0.0,0,0,212.08000000000004,530.2,40.0,212.08000000000004,,,STORICO_GESTIONALE_ATOM | Seriale 0000019593 | Taglio standard 40% per assenza distinta completa
HIST-ATOM-0000019535-S23/0159,STORICO-20231013-SPRAY,2023-10-13,,Spray Dryer,S23/0159,,WSDGLYGC14R0400A,Semilavorato Liquirizia radice e.s.     D/E 4:1,0.0,0,0,7.76,19.4,40.0,7.76,,,STORICO_GESTIONALE_ATOM | Seriale 0000019535 | Taglio standard 40% per assenza distinta completa
HIST-ATOM-0000019533-S23/0157,STORICO-20231013-SPRAY,2023-10-13,,Spray Dryer,S23/0157,,VGLHONYC3200000A,Miele polvere 40-50,0.0,0,0,146.24,365.6,40.0,146.24,,,STORICO_GESTIONALE_ATOM | Seriale 0000019533 | Taglio standard 40% per assenza distinta completa
HIST-ATOM-0000019509-S23/0155,STORICO-20231012-SPRAY,2023-10-12,,Spray Dryer,S23/0155,,WSDTLSPC04R0200A,Semilavorato Tiglio fiore estratto secco2:1,0.0,0,0,189.72000000000003,474.3,40.0,189.72000000000003,,,STORICO_GESTIONALE_ATOM | Seriale 0000019509 | Taglio standard 40% per assenza distinta completa
HIST-ATOM-0000019503-E23/3062,STORICO-20231010-SPRAY,2023-10-10,,Spray Dryer,E23/3062,,SSDMLSOC0805000A,"Melissa foglia e. s. acquoso >= 5,0%    derivati idrossicinnamici tot. calc.come acido ros",0.0,0,0,120.0,300.0,40.0,120.0,,,STORICO_GESTIONALE_ATOM | Seriale 0000019503 | Taglio standard 40% per assenza distinta completa
HIST-ATOM-0000019502-S23/0154,STORICO-20231010-SPRAY,2023-10-10,,Spray Dryer,S23/0154,,WSDCTRIC28R0200A,Semilavorato Lichene islandico tallo e.s D/E 2:1,0.0,0,0,106.0,265.0,40.0,106.0,,,STORICO_GESTIONALE_ATOM | Seriale 0000019502 | Taglio standard 40% per assenza distinta completa
HIST-ATOM-0000019482-E23/1158,STORICO-20231006-SPRAY,2023-10-06,,Spray Dryer,E23/1158,,VSDHLNAZ3200000A,LECITINA DI GIRASOLE ALLERGEN FREE      POLVERE,0.0,0,0,48.0,120.0,40.0,48.0,,,STORICO_GESTIONALE_ATOM | Seriale 0000019482 | Taglio standard 40% per assenza distinta completa
HIST-ATOM-0000019481-S23/0153,STORICO-20231006-SPRAY,2023-10-06,,Spray Dryer,S23/0153,,WSDVRBOC07R0200A,Semilavorato Verbena parti aeree es,0.0,0,0,154.60000000000002,386.5,40.00000000000001,154.60000000000002,,,STORICO_GESTIONALE_ATOM | Seriale 0000019481 | Taglio standard 40% per assenza distinta completa
HIST-ATOM-0000019480-E23/2808,STORICO-20231006-SPRAY,2023-10-06,,Spray Dryer,E23/2808,,VSDOGEXC3200000A,ORANGEX DRY EXTRACT,0.0,0,0,42.0,105.0,40.0,42.0,,,STORICO_GESTIONALE_ATOM | Seriale 0000019480 | Taglio standard 40% per assenza distinta completa
HIST-ATOM-0000019477-E23/2387,STORICO-20231005-SPRAY,2023-10-05,,Spray Dryer,E23/2387,,ASDCMLTC0810000A,"The verde foglia estratto secco         >=5,0% EGCG; >=5.0% caffeina",0.0,0,0,2.0,5.0,40.0,2.0,,,STORICO_GESTIONALE_ATOM | Seriale 0000019477 | Taglio standard 40% per assenza distinta completa
HIST-ATOM-0000019471-S23/0151,STORICO-20231005-SPRAY,2023-10-05,,Spray Dryer,S23/0151,,WSDGLYGC14R0400A,Semilavorato Liquirizia radice e.s.     D/E 4:1,0.0,0,0,205.60000000000002,514.0,40.0,205.60000000000002,,,STORICO_GESTIONALE_ATOM | Seriale 0000019471 | Taglio standard 40% per assenza distinta completa
HIST-ATOM-0000019420-S23/0150,STORICO-20231004-SPRAY,2023-10-04,,Spray Dryer,S23/0150,,WSDORTSC08R0300A,Semilavorato Ortosiphon foglia e.s.,0.0,0,0,57.720000000000006,144.3,40.0,57.720000000000006,,,STORICO_GESTIONALE_ATOM | Seriale 0000019420 | Taglio standard 40% per assenza distinta completa
HIST-ATOM-0000019419-S23/0149,STORICO-20231004-SPRAY,2023-10-04,,Spray Dryer,S23/0149,,WSDALTOC14R0200A,Semilavorato Altea radice estratto secco,0.0,0,0,135.48,338.7,40.0,135.48,,,STORICO_GESTIONALE_ATOM | Seriale 0000019419 | Taglio standard 40% per assenza distinta completa
HIST-ATOM-0000019408-S23/0152,STORICO-20231003-SPRAY,2023-10-03,,Spray Dryer,S23/0152,,WSDECHSC07R0200A,Semilavorato Echinacea purpurea erba e.s,0.0,0,0,108.4,271.0,40.0,108.4,,,STORICO_GESTIONALE_ATOM | Seriale 0000019408 | Taglio standard 40% per assenza distinta completa
HIST-ATOM-0000019386-E23/2883,STORICO-20230927-SPRAY,2023-09-27,,Spray Dryer,E23/2883,,VGLHONYC3200000A,Miele polvere 40-50,0.0,0,0,2.0,5.0,40.0,2.0,,,STORICO_GESTIONALE_ATOM | Seriale 0000019386 | Taglio standard 40% per assenza distinta completa
HIST-ATOM-0000019362-S23/0145,STORICO-20230926-SPRAY,2023-09-26,,Spray Dryer,S23/0145,,WSDSRSRC22R0200A,Semilavorato Drosera erba fiorita estr.sD/E 2:1,0.0,0,0,93.92000000000002,234.8,40.0,93.92000000000002,,,STORICO_GESTIONALE_ATOM | Seriale 0000019362 | Taglio standard 40% per assenza distinta completa
HIST-ATOM-0000019343-S23/0139,STORICO-20230925-SPRAY,2023-09-25,,Spray Dryer,S23/0139,,WSDTHYVC08R0200A,Semilavorato Timo pianta (parte aerea)  estratto seccoD/E 2:1,0.0,0,0,150.8,377.0,40.0,150.8,,,STORICO_GESTIONALE_ATOM | Seriale 0000019343 | Taglio standard 40% per assenza distinta completa
HIST-ATOM-0000019295-S23/0137,STORICO-20230921-SPRAY,2023-09-21,,Spray Dryer,S23/0137,,WSDBRSBC08R0300A,Semilavorato Broccoli foglia e.s.,0.0,0,0,35.6,89.0,40.0,35.6,,,STORICO_GESTIONALE_ATOM | Seriale 0000019295 | Taglio standard 40% per assenza distinta completa
HIST-ATOM-0000019288-S23/0138,STORICO-20230921-SPRAY,2023-09-21,,Spray Dryer,S23/0138,,WSDARNMC04R0400A,Semilavorato Arnica Montana fiori E.S.,0.0,0,0,18.0,45.0,40.0,18.0,,,STORICO_GESTIONALE_ATOM | Seriale 0000019288 | Taglio standard 40% per assenza distinta completa
HIST-ATOM-0000019287-S23/0135,STORICO-20230921-SPRAY,2023-09-21,,Spray Dryer,S23/0135,,WSDTRXOC14R0400A,Semilavorato Tarassaco radice estratto  secco D/E 4:1,0.0,0,0,237.32,593.3,40.0,237.32,,,STORICO_GESTIONALE_ATOM | Seriale 0000019287 | Taglio standard 40% per assenza distinta completa
HIST-ATOM-0000019280-E23/2782,STORICO-20230919-SPRAY,2023-09-19,,Spray Dryer,E23/2782,,VSDTROXC3200000A,Troxerutina,0.0,0,0,4.28,10.7,40.0,4.28,,,STORICO_GESTIONALE_ATOM | Seriale 0000019280 | Taglio standard 40% per assenza distinta completa
HIST-ATOM-0000019272-S23/0134,STORICO-20230919-SPRAY,2023-09-19,,Spray Dryer,S23/0134,,WSDPLLCC17R0200A,Semilavorato Guarana' seme e.s.         D/E 2:1,0.0,0,0,78.28,195.7,40.0,78.28,,,STORICO_GESTIONALE_ATOM | Seriale 0000019272 | Taglio standard 40% per assenza distinta completa
HIST-ATOM-0000019268-S23/0133,STORICO-20230918-SPRAY,2023-09-18,,Spray Dryer,S23/0133,,WSDBTLAC0803000A,"Semilavorato Betulla foglia e.s.         >= 1,0%   flavonoidi totali calc. come vitessina;",0.0,0,0,68.4,171.0,40.0,68.4,,,STORICO_GESTIONALE_ATOM | Seriale 0000019268 | Taglio standard 40% per assenza distinta completa
HIST-ATOM-0000019257-S23/0131,STORICO-20230915-SPRAY,2023-09-15,,Spray Dryer,S23/0131,,WSDCRNSF05R0200A,Semilavorato CORIANDOLO frutto E.S.     da Filiera Certificata ISO 22005,0.0,0,0,106.2,265.5,40.0,106.2,,,STORICO_GESTIONALE_ATOM | Seriale 0000019257 | Taglio standard 40% per assenza distinta completa
HIST-ATOM-0000019256-S23/0130,STORICO-20230914-SPRAY,2023-09-14,,Spray Dryer,S23/0130,,WSDCRMCC05R0200A,Semilavorato Carvi frutto estratto secco,0.0,0,0,106.64000000000001,266.6,40.0,106.64000000000001,,,STORICO_GESTIONALE_ATOM | Seriale 0000019256 | Taglio standard 40% per assenza distinta completa
HIST-ATOM-0000019254-S23/0128,STORICO-20230914-SPRAY,2023-09-14,,Spray Dryer,S23/0128,,WSDVTXAC05R0300A,Semilavorato Agnocasto frutto e.s.,0.0,0,0,56.2,140.5,40.0,56.2,,,STORICO_GESTIONALE_ATOM | Seriale 0000019254 | Taglio standard 40% per assenza distinta completa
HIST-ATOM-0000019253-S23/0129,STORICO-20230914-SPRAY,2023-09-14,,Spray Dryer,S23/0129,,WSDCTRIC28R0200A,Semilavorato Lichene islandico tallo e.s D/E 2:1,0.0,0,0,10.72,26.8,40.0,10.72,,,STORICO_GESTIONALE_ATOM | Seriale 0000019253 | Taglio standard 40% per assenza distinta completa
HIST-ATOM-0000019250-S23/0127,STORICO-20230913-SPRAY,2023-09-13,,Spray Dryer,S23/0127,,WSDTRXOC08R0200A,Semilavorato Tarassaco foglia estratto  secco,0.0,0,0,398.76,996.9,40.0,398.76,,,STORICO_GESTIONALE_ATOM | Seriale 0000019250 | Taglio standard 40% per assenza distinta completa
HIST-ATOM-0000019189-S23/0125,STORICO-20230908-SPRAY,2023-09-08,,Spray Dryer,S23/0125,,WSDPNCMC17R0200A,Semilavorato Miglio semi e.s.,0.0,0,0,109.75999999999999,274.4,40.0,109.75999999999999,,,STORICO_GESTIONALE_ATOM | Seriale 0000019189 | Taglio standard 40% per assenza distinta completa
HIST-ATOM-0000019186-S23/0126,STORICO-20230908-SPRAY,2023-09-08,,Spray Dryer,S23/0126,,WSDSLVOC0800500A,Semilavorato Salvia foglie e.s.         acquoso 0.5%-1% tot. idross. come ac. rosmarinico,0.0,0,0,53.2,133.0,40.0,53.2,,,STORICO_GESTIONALE_ATOM | Seriale 0000019186 | Taglio standard 40% per assenza distinta completa
HIST-ATOM-0000019137-S23/0121,STORICO-20230906-SPRAY,2023-09-06,,Spray Dryer,S23/0121,,WSDSSYOC34R0200A,Semilavorato Erisimo sommità es,0.0,0,0,65.67999999999999,164.2,40.0,65.67999999999999,,,STORICO_GESTIONALE_ATOM | Seriale 0000019137 | Taglio standard 40% per assenza distinta completa
HIST-ATOM-0000019125-S23/0123,STORICO-20230906-SPRAY,2023-09-06,,Spray Dryer,S23/0123,,WSDRBSNC08R0300A,Semilavorato Ribes nero foglia e.s.,0.0,0,0,225.12,562.8,40.0,225.12,,,STORICO_GESTIONALE_ATOM | Seriale 0000019125 | Taglio standard 40% per assenza distinta completa
HIST-ATOM-0000019112-S23/0120,STORICO-20230901-SPRAY,2023-09-01,,Spray Dryer,S23/0120,,WSDVTXAC05R0300A,Semilavorato Agnocasto frutto e.s.,0.0,0,0,30.52,76.3,40.0,30.52,,,STORICO_GESTIONALE_ATOM | Seriale 0000019112 | Taglio standard 40% per assenza distinta completa
HIST-ATOM-0000019107-S23/0118,STORICO-20230901-SPRAY,2023-09-01,,Spray Dryer,S23/0118,,WSDPSSIC07R0400A,Semilavorato Passiflora erba fiorita e.sD/E 4:1,0.0,0,0,87.60000000000001,219.0,40.0,87.60000000000001,,,STORICO_GESTIONALE_ATOM | Seriale 0000019107 | Taglio standard 40% per assenza distinta completa
HIST-ATOM-0000019099-S23/0116,STORICO-20230901-SPRAY,2023-09-01,,Spray Dryer,S23/0116,,WSDMDBAC05R1000A,Semilavorato Mela annurca e.s. acquoso  frutto D/E 10:1,0.0,0,0,119.48,298.7,40.0,119.48,,,STORICO_GESTIONALE_ATOM | Seriale 0000019099 | Taglio standard 40% per assenza distinta completa
HIST-ATOM-0000019086-S23/0115,STORICO-20230831-SPRAY,2023-08-31,,Spray Dryer,S23/0115,,WSDMDBAC05R1000A,Semilavorato Mela annurca e.s. acquoso  frutto D/E 10:1,0.0,0,0,91.64,229.1,40.0,91.64,,,STORICO_GESTIONALE_ATOM | Seriale 0000019086 | Taglio standard 40% per assenza distinta completa
HIST-ATOM-0000019065-S23/0112,STORICO-20230830-SPRAY,2023-08-30,,Spray Dryer,S23/0112,,WSDMDBAC05R1000A,Semilavorato Mela annurca e.s. acquoso  frutto D/E 10:1,0.0,0,0,225.32,563.3,40.0,225.32,,,STORICO_GESTIONALE_ATOM | Seriale 0000019065 | Taglio standard 40% per assenza distinta completa
HIST-ATOM-0000019061-E23/2453,STORICO-20230829-SPRAY,2023-08-29,,Spray Dryer,E23/2453,,SSDMLSOC08R0400A,Melissa foglia estratto secco D/E 4:1,0.0,0,0,18.8,47.0,40.0,18.8,,,STORICO_GESTIONALE_ATOM | Seriale 0000019061 | Taglio standard 40% per assenza distinta completa
HIST-ATOM-0000019029-E23/1073,STORICO-20230828-SPRAY,2023-08-28,,Spray Dryer,E23/1073,,VSDHLNAC3200000A,LECITINA DI GIRASOLE POLVERE,0.0,0,0,39.72,99.3,40.0,39.72,,,STORICO_GESTIONALE_ATOM | Seriale 0000019029 | Taglio standard 40% per assenza distinta completa
HIST-ATOM-0000019028-S23/0110,STORICO-20230828-SPRAY,2023-08-28,,Spray Dryer,S23/0110,,WSDMDBAC05R1000A,Semilavorato Mela annurca e.s. acquoso  frutto D/E 10:1,0.0,0,0,219.32,548.3,40.0,219.32,,,STORICO_GESTIONALE_ATOM | Seriale 0000019028 | Taglio standard 40% per assenza distinta completa
HIST-ATOM-0000019021-S23/0109,STORICO-20230811-SPRAY,2023-08-11,,Spray Dryer,S23/0109,,WSDTRXOC14R0400A,Semilavorato Tarassaco radice estratto  secco D/E 4:1,0.0,0,0,8.0,20.0,40.0,8.0,,,STORICO_GESTIONALE_ATOM | Seriale 0000019021 | Taglio standard 40% per assenza distinta completa
HIST-ATOM-0000019015-S23/0108,STORICO-20230809-SPRAY,2023-08-09,,Spray Dryer,S23/0108,,WSDCLNTC17R0200A,Semilavorato Cola noci seme e.s. solubilD/E 2:1 2 % caffeina,0.0,0,0,66.60000000000001,166.5,40.00000000000001,66.60000000000001,,,STORICO_GESTIONALE_ATOM | Seriale 0000019015 | Taglio standard 40% per assenza distinta completa
HIST-ATOM-0000018978-S23/0105,STORICO-20230809-SPRAY,2023-08-09,,Spray Dryer,S23/0105,,WSDMDBAC05R1000A,Semilavorato Mela annurca e.s. acquoso  frutto D/E 10:1,0.0,0,0,357.92,894.8,40.0,357.92,,,STORICO_GESTIONALE_ATOM | Seriale 0000018978 | Taglio standard 40% per assenza distinta completa
HIST-ATOM-0000018954-S23/0106,STORICO-20230804-SPRAY,2023-08-04,,Spray Dryer,S23/0106,,WSDFRXEC0803000A,Semilavorato Frassino foglia e.s.       >=3.0%  acidi fenolici calc.come acido clorogenico,0.0,0,0,69.36,173.4,40.0,69.36,,,STORICO_GESTIONALE_ATOM | Seriale 0000018954 | Taglio standard 40% per assenza distinta completa
HIST-ATOM-0000018945-S23/0104,STORICO-20230803-SPRAY,2023-08-03,,Spray Dryer,S23/0104,,WSDMLLOF34R0200A,Semilavorato Meliloto sommità e.s.      da Filiera Certificata ISO 22005,0.0,0,0,132.4,331.0,40.0,132.4,,,STORICO_GESTIONALE_ATOM | Seriale 0000018945 | Taglio standard 40% per assenza distinta completa
HIST-ATOM-0000018929-S23/0103,STORICO-20230802-SPRAY,2023-08-02,,Spray Dryer,S23/0103,,WSDCRMCC05R0200A,Semilavorato Carvi frutto estratto secco,0.0,0,0,122.2,305.5,40.0,122.2,,,STORICO_GESTIONALE_ATOM | Seriale 0000018929 | Taglio standard 40% per assenza distinta completa
HIST-ATOM-0000018918-S23/0102,STORICO-20230801-SPRAY,2023-08-01,,Spray Dryer,S23/0102,,WSDLYCBC05R0400A,Semilavorato Goji frutto e.s. solubile   D/E 4:1,0.0,0,0,34.0,85.0,40.0,34.0,,,STORICO_GESTIONALE_ATOM | Seriale 0000018918 | Taglio standard 40% per assenza distinta completa
HIST-ATOM-0000018915-S23/0101,STORICO-20230731-SPRAY,2023-07-31,,Spray Dryer,S23/0101,,WSDPHSVL12R0200A,Semilavorato Fagiolo baccello e.s. Local,0.0,0,0,64.48,161.2,40.00000000000001,64.48,,,STORICO_GESTIONALE_ATOM | Seriale 0000018915 | Taglio standard 40% per assenza distinta completa
HIST-ATOM-0000018914-S23/0098,STORICO-20230731-SPRAY,2023-07-31,,Spray Dryer,S23/0098,,WSDURTDC08R0200A,Semilavorato Ortica foglia estratto secc,0.0,0,0,110.56,276.4,40.0,110.56,,,STORICO_GESTIONALE_ATOM | Seriale 0000018914 | Taglio standard 40% per assenza distinta completa
HIST-ATOM-0000018838-S23/0100,STORICO-20230728-SPRAY,2023-07-28,,Spray Dryer,S23/0100,,YSDMLSOC0804000N,Semilavorato Melissa foglie e.s.        >= 4% Ac. Rosmarinic(HPLC),0.0,0,0,139.96,349.9,40.0,139.96,,,STORICO_GESTIONALE_ATOM | Seriale 0000018838 | Taglio standard 40% per assenza distinta completa
HIST-ATOM-0000018828-S23/0096,STORICO-20230726-SPRAY,2023-07-26,,Spray Dryer,S23/0096,,WSDECLGC08R0200A,Semilavorato Eucalipto foglia e.s.,0.0,0,0,170.36,425.9,40.00000000000001,170.36,,,STORICO_GESTIONALE_ATOM | Seriale 0000018828 | Taglio standard 40% per assenza distinta completa
HIST-ATOM-0000018805-S23/0097,STORICO-20230725-SPRAY,2023-07-25,,Spray Dryer,S23/0097,,WSDPLLCC17R0200A,Semilavorato Guarana' seme e.s.         D/E 2:1,0.0,0,0,113.28,283.2,40.0,113.28,,,STORICO_GESTIONALE_ATOM | Seriale 0000018805 | Taglio standard 40% per assenza distinta completa
HIST-ATOM-0000018793-S23/0095,STORICO-20230721-SPRAY,2023-07-21,,Spray Dryer,S23/0095,,YSDPLNLC0804000N,Semilavorato Piantaggine foglia         >=4% verbascosidi,0.0,0,0,88.4,221.0,40.0,88.4,,,STORICO_GESTIONALE_ATOM | Seriale 0000018793 | Taglio standard 40% per assenza distinta completa
HIST-ATOM-0000018791-S23/0093,STORICO-20230720-SPRAY,2023-07-20,,Spray Dryer,S23/0093,,WSDMDBAC05R1000A,Semilavorato Mela annurca e.s. acquoso  frutto D/E 10:1,0.0,0,0,424.92,1062.3,40.0,424.92,,,STORICO_GESTIONALE_ATOM | Seriale 0000018791 | Taglio standard 40% per assenza distinta completa
HIST-ATOM-0000018744-S23/0091,STORICO-20230714-SPRAY,2023-07-14,,Spray Dryer,S23/0091,,WSDMDBAC05R1000A,Semilavorato Mela annurca e.s. acquoso  frutto D/E 10:1,0.0,0,0,176.92000000000002,442.3,40.0,176.92000000000002,,,STORICO_GESTIONALE_ATOM | Seriale 0000018744 | Taglio standard 40% per assenza distinta completa
HIST-ATOM-0000018633-S23/0090,STORICO-20230713-SPRAY,2023-07-13,,Spray Dryer,S23/0090,,WSDMDBAC05R1000A,Semilavorato Mela annurca e.s. acquoso  frutto D/E 10:1,0.0,0,0,389.44000000000005,973.6,40.0,389.44000000000005,,,STORICO_GESTIONALE_ATOM | Seriale 0000018633 | Taglio standard 40% per assenza distinta completa
HIST-ATOM-0000018615-S23/0075,STORICO-20230707-SPRAY,2023-07-07,,Spray Dryer,S23/0075,,WSDMDBAC05R1000A,Semilavorato Mela annurca e.s. acquoso  frutto D/E 10:1,0.0,0,0,545.36,1363.4,40.0,545.36,,,STORICO_GESTIONALE_ATOM | Seriale 0000018615 | Taglio standard 40% per assenza distinta completa
HIST-ATOM-0000018482-S23/0079,STORICO-20230626-SPRAY,2023-06-26,,Spray Dryer,S23/0079,,WSDSLNAF0500500K,Semilavorato SOLANRED® - estratto secco da frutto fresco di Melanzana Rossa Lucana - Korea,0.0,0,0,7.920000000000001,19.8,40.0,7.920000000000001,,,STORICO_GESTIONALE_ATOM | Seriale 0000018482 | Taglio standard 40% per assenza distinta completa
HIST-ATOM-0000018437-S23/0076,STORICO-20230619-SPRAY,2023-06-19,,Spray Dryer,S23/0076,,WSDTRXOC1402000A,"Semilavorato Tarassaco radice estratto  secco >= 2,0% inulina",0.0,0,0,22.040000000000003,55.1,40.0,22.040000000000003,,,STORICO_GESTIONALE_ATOM | Seriale 0000018437 | Taglio standard 40% per assenza distinta completa
HIST-ATOM-0000018408-S23/0074,STORICO-20230619-SPRAY,2023-06-19,,Spray Dryer,S23/0074,,WSDCPPSC05R0400A,Semilavorato Cappero frutto e.s. D/E 4:1,0.0,0,0,40.0,100.0,40.0,40.0,,,STORICO_GESTIONALE_ATOM | Seriale 0000018408 | Taglio standard 40% per assenza distinta completa
HIST-ATOM-0000018405-S23/0070,STORICO-20230616-SPRAY,2023-06-16,,Spray Dryer,S23/0070,,WSDALTOC14R0200A,Semilavorato Altea radice estratto secco,0.0,0,0,109.72000000000001,274.3,40.0,109.72000000000001,,,STORICO_GESTIONALE_ATOM | Seriale 0000018405 | Taglio standard 40% per assenza distinta completa
HIST-ATOM-0000018396-S23/0071,STORICO-20230616-SPRAY,2023-06-16,,Spray Dryer,S23/0071,,WSDRSMOC08R0200A,Semilavorato Rosmarino foglia e.s.,0.0,0,0,32.28,80.7,40.0,32.28,,,STORICO_GESTIONALE_ATOM | Seriale 0000018396 | Taglio standard 40% per assenza distinta completa
HIST-ATOM-0000018395-S23/0069,STORICO-20230616-SPRAY,2023-06-16,,Spray Dryer,S23/0069,,WSDGLYGC14R0400A,Semilavorato Liquirizia radice e.s.     D/E 4:1,0.0,0,0,18.880000000000003,47.2,40.0,18.880000000000003,,,STORICO_GESTIONALE_ATOM | Seriale 0000018395 | Taglio standard 40% per assenza distinta completa
HIST-ATOM-0000018385-S23/0068,STORICO-20230615-SPRAY,2023-06-15,,Spray Dryer,S23/0068,,WSDCMNMC05R0400A,Semilavorato Cumino seme (frutto)       estratto secco D/E 4:1,0.0,0,0,108.68,271.7,40.0,108.68,,,STORICO_GESTIONALE_ATOM | Seriale 0000018385 | Taglio standard 40% per assenza distinta completa
HIST-ATOM-0000018376-S23/0065,STORICO-20230615-SPRAY,2023-06-15,,Spray Dryer,S23/0065,,WSDMDBAC05R1000A,Semilavorato Mela annurca e.s. acquoso  frutto D/E 10:1,0.0,0,0,204.8,512.0,40.0,204.8,,,STORICO_GESTIONALE_ATOM | Seriale 0000018376 | Taglio standard 40% per assenza distinta completa
HIST-ATOM-0000018326-S23/0067,STORICO-20230613-SPRAY,2023-06-13,,Spray Dryer,S23/0067,,WSDPTYOC02R0400A,Semilavorato Muira Puama corteccia e.s. D/E 4:1,0.0,0,0,34.12,85.3,40.0,34.12,,,STORICO_GESTIONALE_ATOM | Seriale 0000018326 | Taglio standard 40% per assenza distinta completa
HIST-ATOM-0000018323-S23/0063,STORICO-20230613-SPRAY,2023-06-13,,Spray Dryer,S23/0063,,WSDMDBAC05R1000A,Semilavorato Mela annurca e.s. acquoso  frutto D/E 10:1,0.0,0,0,212.16,530.4,40.0,212.16,,,STORICO_GESTIONALE_ATOM | Seriale 0000018323 | Taglio standard 40% per assenza distinta completa
HIST-ATOM-0000018304-S23/0061,STORICO-20230609-SPRAY,2023-06-09,,Spray Dryer,S23/0061,,WSDMDBAC05R1000A,Semilavorato Mela annurca e.s. acquoso  frutto D/E 10:1,0.0,0,0,338.0,845.0,40.0,338.0,,,STORICO_GESTIONALE_ATOM | Seriale 0000018304 | Taglio standard 40% per assenza distinta completa
HIST-ATOM-0000018223-S23/0060,STORICO-20230606-SPRAY,2023-06-06,,Spray Dryer,S23/0060,,WSDMDBAC05R1000A,Semilavorato Mela annurca e.s. acquoso  frutto D/E 10:1,0.0,0,0,341.28000000000003,853.2,40.0,341.28000000000003,,,STORICO_GESTIONALE_ATOM | Seriale 0000018223 | Taglio standard 40% per assenza distinta completa
HIST-ATOM-0000018194-E23/1773,STORICO-20230531-SPRAY,2023-05-31,,Spray Dryer,E23/1773,,ASDPNCGC4000000A,Dermogranate dry extract,0.0,0,0,150.0,375.0,40.0,150.0,,,STORICO_GESTIONALE_ATOM | Seriale 0000018194 | Taglio standard 40% per assenza distinta completa
HIST-ATOM-0000018191-S23/0055,STORICO-20230531-SPRAY,2023-05-31,,Spray Dryer,S23/0055,,WSDARCLC1400000A,Semilavorato Bardana radice estratto sec,0.0,0,0,376.12,940.3,40.0,376.12,,,STORICO_GESTIONALE_ATOM | Seriale 0000018191 | Taglio standard 40% per assenza distinta completa
HIST-ATOM-0000018189-S23/0057,STORICO-20230530-SPRAY,2023-05-30,,Spray Dryer,S23/0057,,WSDPLNLC08R0200A,Semilavorato Piantaggine lanceolata fogle.s.,0.0,0,0,163.16,407.9,40.0,163.16,,,STORICO_GESTIONALE_ATOM | Seriale 0000018189 | Taglio standard 40% per assenza distinta completa
HIST-ATOM-0000018183-S23/0058,STORICO-20230530-SPRAY,2023-05-30,,Spray Dryer,S23/0058,,WSDMLSOJ0804000A,"Semilavorato Melissa foglia e. s. bio   >= 4,0% acido rosmarinico (HPLC)",0.0,0,0,5.6000000000000005,14.0,40.0,5.6000000000000005,,,STORICO_GESTIONALE_ATOM | Seriale 0000018183 | Taglio standard 40% per assenza distinta completa
HIST-ATOM-0000018176-E23/1710,STORICO-20230529-SPRAY,2023-05-29,,Spray Dryer,E23/1710,,VLCGRCMC0560000A,GARCINIA CAMBOGIA (FRUTTO) E.S.         >= 60%   acido idrossicitrico,0.0,0,0,224.0,560.0,40.0,224.0,,,STORICO_GESTIONALE_ATOM | Seriale 0000018176 | Taglio standard 40% per assenza distinta completa
HIST-ATOM-0000018130-S23/0056,STORICO-20230525-SPRAY,2023-05-25,,Spray Dryer,S23/0056,,WSDGRFSC1725000A,Semilavorato Griffonia seme e.s. >=25%  5-HTP,0.0,0,0,37.72,94.3,40.0,37.72,,,STORICO_GESTIONALE_ATOM | Seriale 0000018130 | Taglio standard 40% per assenza distinta completa
HIST-ATOM-0000018112-S23/0053,STORICO-20230523-SPRAY,2023-05-23,,Spray Dryer,S23/0053,,WSDSPRUC34R0200A,Semilavorato Spirea erba estratto secco  D/E 2:1,0.0,0,0,142.20000000000002,355.5,40.0,142.20000000000002,,,STORICO_GESTIONALE_ATOM | Seriale 0000018112 | Taglio standard 40% per assenza distinta completa
HIST-ATOM-0000018107-S23/0052,STORICO-20230519-SPRAY,2023-05-19,,Spray Dryer,S23/0052,,WSDMDBAC05R1000A,Semilavorato Mela annurca e.s. acquoso  frutto D/E 10:1,0.0,0,0,354.52,886.3,40.0,354.52,,,STORICO_GESTIONALE_ATOM | Seriale 0000018107 | Taglio standard 40% per assenza distinta completa
HIST-ATOM-0000018106-E23/1161,STORICO-20230519-SPRAY,2023-05-19,,Spray Dryer,E23/1161,,TSDHDRHC0801000A,"Edera foglia estratto secco >=1,0%      ederagenina",0.0,0,0,74.72000000000001,186.8,40.0,74.72000000000001,,,STORICO_GESTIONALE_ATOM | Seriale 0000018106 | Taglio standard 40% per assenza distinta completa
HIST-ATOM-0000018102-E23/1628,STORICO-20230518-SPRAY,2023-05-18,,Spray Dryer,E23/1628,,VSDOLCLC3200000A,Olivo foglie e calendula fiori          estratto secco,0.0,0,0,156.0,390.0,40.0,156.0,,,STORICO_GESTIONALE_ATOM | Seriale 0000018102 | Taglio standard 40% per assenza distinta completa
HIST-ATOM-0000018098-CA/0138,STORICO-20230517-SPRAY,2023-05-17,,Spray Dryer,CA/0138,,VSDCTRBC0500000A,Bergamotto succo estratto secco         con gomma arabica,0.0,0,0,13.92,34.8,40.0,13.92,,,STORICO_GESTIONALE_ATOM | Seriale 0000018098 | Taglio standard 40% per assenza distinta completa
HIST-ATOM-0000018094-S23/0050,STORICO-20230517-SPRAY,2023-05-17,,Spray Dryer,S23/0050,,WSDEQSAC07R0300A,Semilavorato Equiseto erba e.s.,0.0,0,0,191.60000000000002,479.0,40.0,191.60000000000002,,,STORICO_GESTIONALE_ATOM | Seriale 0000018094 | Taglio standard 40% per assenza distinta completa
HIST-ATOM-0000018093-S23/0051,STORICO-20230516-SPRAY,2023-05-16,,Spray Dryer,S23/0051,,WSDMDBAC05R1000A,Semilavorato Mela annurca e.s. acquoso  frutto D/E 10:1,0.0,0,0,124.32000000000001,310.8,40.0,124.32000000000001,,,STORICO_GESTIONALE_ATOM | Seriale 0000018093 | Taglio standard 40% per assenza distinta completa
HIST-ATOM-0000018054-E23/1537,STORICO-20230512-SPRAY,2023-05-12,,Spray Dryer,E23/1537,,SSDEQSAC07R0300A,Equiseto erba estratto secco,0.0,0,0,120.0,300.0,40.0,120.0,,,STORICO_GESTIONALE_ATOM | Seriale 0000018054 | Taglio standard 40% per assenza distinta completa
HIST-ATOM-0000018040-E23/1591,STORICO-20230511-SPRAY,2023-05-11,,Spray Dryer,E23/1591,,SSDMLSOC0805000A,"Melissa foglia e. s. acquoso >= 5,0%    derivati idrossicinnamici tot. calc.come acido ros",0.0,0,0,115.80000000000001,289.5,40.0,115.80000000000001,,,STORICO_GESTIONALE_ATOM | Seriale 0000018040 | Taglio standard 40% per assenza distinta completa
HIST-ATOM-0000018027-S23/0046,STORICO-20230510-SPRAY,2023-05-10,,Spray Dryer,S23/0046,,WSDMDBAC05R1000A,Semilavorato Mela annurca e.s. acquoso  frutto D/E 10:1,0.0,0,0,562.1600000000001,1405.4,40.0,562.1600000000001,,,STORICO_GESTIONALE_ATOM | Seriale 0000018027 | Taglio standard 40% per assenza distinta completa
HIST-ATOM-0000018026-S23/0042,STORICO-20230510-SPRAY,2023-05-10,,Spray Dryer,S23/0042,,WSDMDBAC05R1000A,Semilavorato Mela annurca e.s. acquoso  frutto D/E 10:1,0.0,0,0,562.1600000000001,1405.4,40.0,562.1600000000001,,,STORICO_GESTIONALE_ATOM | Seriale 0000018026 | Taglio standard 40% per assenza distinta completa
HIST-ATOM-0000017914-E23/1453,STORICO-20230502-SPRAY,2023-05-02,,Spray Dryer,E23/1453,,VSDOLCLC3200000A,Olivo foglie e calendula fiori          estratto secco,0.0,0,0,600.0,1500.0,40.0,600.0,,,STORICO_GESTIONALE_ATOM | Seriale 0000017914 | Taglio standard 40% per assenza distinta completa
HIST-ATOM-0000017850-S23/0040,STORICO-20230426-SPRAY,2023-04-26,,Spray Dryer,S23/0040,,WSDORTSC08R0300A,Semilavorato Ortosiphon foglia e.s.,0.0,0,0,227.92,569.8,40.0,227.92,,,STORICO_GESTIONALE_ATOM | Seriale 0000017850 | Taglio standard 40% per assenza distinta completa
HIST-ATOM-0000017822-E23/1118,STORICO-20230419-SPRAY,2023-04-19,,Spray Dryer,E23/1118,,VSDCSSAC0820000A,"Senna foglia estratto secco >= 20,0%    idrossiantracen derivati calc. come sennoside B",0.0,0,0,400.0,1000.0,40.0,400.0,,,STORICO_GESTIONALE_ATOM | Seriale 0000017822 | Taglio standard 40% per assenza distinta completa
HIST-ATOM-0000017704-S23/0038,STORICO-20230405-SPRAY,2023-04-05,,Spray Dryer,S23/0038,,WSDMDBAC05R1000A,Semilavorato Mela annurca e.s. acquoso  frutto D/E 10:1,0.0,0,0,291.88000000000005,729.7,40.0,291.88000000000005,,,STORICO_GESTIONALE_ATOM | Seriale 0000017704 | Taglio standard 40% per assenza distinta completa
HIST-ATOM-0000017652-S23/0037,STORICO-20230403-SPRAY,2023-04-03,,Spray Dryer,S23/0037,,WSDMDBAC05R1000A,Semilavorato Mela annurca e.s. acquoso  frutto D/E 10:1,0.0,0,0,242.4,606.0,40.0,242.4,,,STORICO_GESTIONALE_ATOM | Seriale 0000017652 | Taglio standard 40% per assenza distinta completa
HIST-ATOM-0000017628-S23/0036,STORICO-20230330-SPRAY,2023-03-30,,Spray Dryer,S23/0036,,WSDMDBAC05R1000A,Semilavorato Mela annurca e.s. acquoso  frutto D/E 10:1,0.0,0,0,272.0,680.0,40.0,272.0,,,STORICO_GESTIONALE_ATOM | Seriale 0000017628 | Taglio standard 40% per assenza distinta completa
HIST-ATOM-0000017622-S23/0035,STORICO-20230328-SPRAY,2023-03-28,,Spray Dryer,S23/0035,,WSDMDBAC05R1000A,Semilavorato Mela annurca e.s. acquoso  frutto D/E 10:1,0.0,0,0,244.0,610.0,40.0,244.0,,,STORICO_GESTIONALE_ATOM | Seriale 0000017622 | Taglio standard 40% per assenza distinta completa
HIST-ATOM-0000017590-E23/1085,STORICO-20230324-SPRAY,2023-03-24,,Spray Dryer,E23/1085,,ASDHDRHC0801000A,"Edera foglia estratto secco >=1,0%      ederacoside C",0.0,0,0,59.36000000000001,148.4,40.0,59.36000000000001,,,STORICO_GESTIONALE_ATOM | Seriale 0000017590 | Taglio standard 40% per assenza distinta completa
HIST-ATOM-0000017588-S23/0034,STORICO-20230324-SPRAY,2023-03-24,,Spray Dryer,S23/0034,,WSDMDBAC05R1000A,Semilavorato Mela annurca e.s. acquoso  frutto D/E 10:1,0.0,0,0,293.2,733.0,40.0,293.2,,,STORICO_GESTIONALE_ATOM | Seriale 0000017588 | Taglio standard 40% per assenza distinta completa
HIST-ATOM-0000017469-S23/0033,STORICO-20230322-SPRAY,2023-03-22,,Spray Dryer,S23/0033,,WSDMDBAC05R1000A,Semilavorato Mela annurca e.s. acquoso  frutto D/E 10:1,0.0,0,0,224.0,560.0,40.0,224.0,,,STORICO_GESTIONALE_ATOM | Seriale 0000017469 | Taglio standard 40% per assenza distinta completa
HIST-ATOM-0000017458-E23/0987,STORICO-20230320-SPRAY,2023-03-20,,Spray Dryer,E23/0987,,VLCGRCMC0560000A,GARCINIA CAMBOGIA (FRUTTO) E.S.         >= 60%   acido idrossicitrico,0.0,0,0,136.0,340.0,40.0,136.0,,,STORICO_GESTIONALE_ATOM | Seriale 0000017458 | Taglio standard 40% per assenza distinta completa
HIST-ATOM-0000017457-E23/1026,STORICO-20230317-SPRAY,2023-03-17,,Spray Dryer,E23/1026,,ASDOLERC08R0400A,Olivo foglia estratto secco D/E 4:1,0.0,0,0,1.52,3.8,40.0,1.52,,,STORICO_GESTIONALE_ATOM | Seriale 0000017457 | Taglio standard 40% per assenza distinta completa
HIST-ATOM-0000017444-E23/1022,STORICO-20230316-SPRAY,2023-03-16,,Spray Dryer,E23/1022,,SSDMLSOC0805000A,"Melissa foglia e. s. acquoso >= 5,0%    derivati idrossicinnamici tot. calc.come acido ros",0.0,0,0,117.80000000000001,294.5,40.0,117.80000000000001,,,STORICO_GESTIONALE_ATOM | Seriale 0000017444 | Taglio standard 40% per assenza distinta completa
HIST-ATOM-0000017432-E23/0863,STORICO-20230311-SPRAY,2023-03-11,,Spray Dryer,E23/0863,,TSDVCCMC0501000N,"Mirtillo nero frutto estr.secco >=1,0%  antocianosidi (antocianine) calc. come cianidin 3-",0.0,0,0,313.92,784.8,40.0,313.92,,,STORICO_GESTIONALE_ATOM | Seriale 0000017432 | Taglio standard 40% per assenza distinta completa
HIST-ATOM-0000017352-S23/0030,STORICO-20230309-SPRAY,2023-03-09,,Spray Dryer,S23/0030,,WSDMDBAC05R1000A,Semilavorato Mela annurca e.s. acquoso  frutto D/E 10:1,0.0,0,0,265.0,662.5,40.0,265.0,,,STORICO_GESTIONALE_ATOM | Seriale 0000017352 | Taglio standard 40% per assenza distinta completa
HIST-ATOM-0000017332-S23/0028,STORICO-20230307-SPRAY,2023-03-07,,Spray Dryer,S23/0028,,WSDMDBAC05R1000A,Semilavorato Mela annurca e.s. acquoso  frutto D/E 10:1,0.0,0,0,257.8,644.5,40.0,257.8,,,STORICO_GESTIONALE_ATOM | Seriale 0000017332 | Taglio standard 40% per assenza distinta completa
HIST-ATOM-0000017323-S23/0029,STORICO-20230303-SPRAY,2023-03-03,,Spray Dryer,S23/0029,,WSDGLYGC14R0400A,Semilavorato Liquirizia radice e.s.     D/E 4:1,0.0,0,0,19.480000000000004,48.7,40.00000000000001,19.480000000000004,,,STORICO_GESTIONALE_ATOM | Seriale 0000017323 | Taglio standard 40% per assenza distinta completa
HIST-ATOM-0000017321-E23/0838,STORICO-20230303-SPRAY,2023-03-03,,Spray Dryer,E23/0838,,TSDVTSTC0805000A,"Vite Rossa foglia estratto secco >= 5,0%polifenoli totali",0.0,0,0,320.0,800.0,40.0,320.0,,,STORICO_GESTIONALE_ATOM | Seriale 0000017321 | Taglio standard 40% per assenza distinta completa
HIST-ATOM-0000017226-S23/0027,STORICO-20230222-SPRAY,2023-02-22,,Spray Dryer,S23/0027,,WSDMDBAC05R1000A,Semilavorato Mela annurca e.s. acquoso  frutto D/E 10:1,0.0,0,0,277.88000000000005,694.7,40.0,277.88000000000005,,,STORICO_GESTIONALE_ATOM | Seriale 0000017226 | Taglio standard 40% per assenza distinta completa
HIST-ATOM-0000017102-E23/0474,STORICO-20230215-SPRAY,2023-02-15,,Spray Dryer,E23/0474,,TSDVCCMC0501000N,"Mirtillo nero frutto estr.secco >=1,0%  antocianosidi (antocianine) calc. come cianidin 3-",0.0,0,0,259.52,648.8,40.0,259.52,,,STORICO_GESTIONALE_ATOM | Seriale 0000017102 | Taglio standard 40% per assenza distinta completa
HIST-ATOM-0000017097-S23/0025,STORICO-20230213-SPRAY,2023-02-13,,Spray Dryer,S23/0025,,WSDMRRVC10R0200A,Semilavorato Marrubio bianco parti aeree estratto secco D/ 2:1,0.0,0,0,100.80000000000001,252.0,40.0,100.80000000000001,,,STORICO_GESTIONALE_ATOM | Seriale 0000017097 | Taglio standard 40% per assenza distinta completa
HIST-ATOM-0000017080-S23/0023,STORICO-20230210-SPRAY,2023-02-10,,Spray Dryer,S23/0023,,WSDORTSC08R0300A,Semilavorato Ortosiphon foglia e.s.,0.0,0,0,143.96,359.9,40.0,143.96,,,STORICO_GESTIONALE_ATOM | Seriale 0000017080 | Taglio standard 40% per assenza distinta completa
HIST-ATOM-0000017067-S23/0020,STORICO-20230209-SPRAY,2023-02-09,,Spray Dryer,S23/0020,,WSDRMNPC0214000A,"Semilavorato Cascara corteccia e.s.     >=14,0% glicosidi idrossiantracenici calc. come ca",0.0,0,0,23.400000000000002,58.5,40.0,23.400000000000002,,,STORICO_GESTIONALE_ATOM | Seriale 0000017067 | Taglio standard 40% per assenza distinta completa
HIST-ATOM-0000017066-S23/0019,STORICO-20230209-SPRAY,2023-02-09,,Spray Dryer,S23/0019,,WSDRMNPC0218000A,"Semilavorato Cascara corteccia e.s. 18,020,0% glicosidi idrossiantracenici calc. come casc",0.0,0,0,75.76,189.4,40.0,75.76,,,STORICO_GESTIONALE_ATOM | Seriale 0000017066 | Taglio standard 40% per assenza distinta completa
HIST-ATOM-0000017065-S23/0017,STORICO-20230209-SPRAY,2023-02-09,,Spray Dryer,S23/0017,,WSDMLVSC24R0200A,Semilavorato Malva fiori/foglie e.s. 2:1,0.0,0,0,216.48000000000002,541.2,40.0,216.48000000000002,,,STORICO_GESTIONALE_ATOM | Seriale 0000017065 | Taglio standard 40% per assenza distinta completa
HIST-ATOM-0000017045-S23/0022,STORICO-20230208-SPRAY,2023-02-08,,Spray Dryer,S23/0022,,WSDPPVRC38R0200A,Semilavorato Papavero Rosso fiore e.s.  D/E 2:1,0.0,0,0,144.0,360.0,40.0,144.0,,,STORICO_GESTIONALE_ATOM | Seriale 0000017045 | Taglio standard 40% per assenza distinta completa
HIST-ATOM-0000017023-S23/0011,STORICO-20230207-SPRAY,2023-02-07,,Spray Dryer,S23/0011,,WSDTRGFC1700000A,Semilavorato Fieno greco seme es,0.0,0,0,29.880000000000003,74.7,40.0,29.880000000000003,,,STORICO_GESTIONALE_ATOM | Seriale 0000017023 | Taglio standard 40% per assenza distinta completa
HIST-ATOM-0000016997-S23/0021,STORICO-20230207-SPRAY,2023-02-07,,Spray Dryer,S23/0021,,WSDSMBNC24R0200A,Semilavorato Sambuco fiore e foglia e. sD/E 2:1,0.0,0,0,103.0,257.5,40.0,103.0,,,STORICO_GESTIONALE_ATOM | Seriale 0000016997 | Taglio standard 40% per assenza distinta completa
HIST-ATOM-0000016984-S23/0018,STORICO-20230206-SPRAY,2023-02-06,,Spray Dryer,S23/0018,,WSDCNNZC02R0200A,Semilavorato Cannella corteccia e.s.     D/E 2:1,0.0,0,0,150.0,375.0,40.0,150.0,,,STORICO_GESTIONALE_ATOM | Seriale 0000016984 | Taglio standard 40% per assenza distinta completa
HIST-ATOM-0000016966-E23/0362,STORICO-20230203-SPRAY,2023-02-03,,Spray Dryer,E23/0362,,SSDSMBNC24R0200A,Sambuco fiore e foglia e. s. D/E 2:1,0.0,0,0,134.28,335.7,40.0,134.28,,,STORICO_GESTIONALE_ATOM | Seriale 0000016966 | Taglio standard 40% per assenza distinta completa
HIST-ATOM-0000016917-S23/0015,STORICO-20230126-SPRAY,2023-01-26,,Spray Dryer,S23/0015,,WSDDSMAC08R0200A,Semilavorato Desmodio foglia e.s.,0.0,0,0,92.48,231.2,40.0,92.48,,,STORICO_GESTIONALE_ATOM | Seriale 0000016917 | Taglio standard 40% per assenza distinta completa
HIST-ATOM-0000016875-S23/0014,STORICO-20230125-SPRAY,2023-01-25,,Spray Dryer,S23/0014,,WSDMLLOC2202000A,Semilavorato Meliloto erba fiorita e.s.,0.0,0,0,118.2,295.5,40.0,118.2,,,STORICO_GESTIONALE_ATOM | Seriale 0000016875 | Taglio standard 40% per assenza distinta completa
HIST-ATOM-0000016868-S23/0004,STORICO-20230125-SPRAY,2023-01-25,,Spray Dryer,S23/0004,,WSDMDBAC05R1000A,Semilavorato Mela annurca e.s. acquoso  frutto D/E 10:1,0.0,0,0,29.6,74.0,40.0,29.6,,,STORICO_GESTIONALE_ATOM | Seriale 0000016868 | Taglio standard 40% per assenza distinta completa
HIST-ATOM-0000016866-S23/0005,STORICO-20230124-SPRAY,2023-01-24,,Spray Dryer,S23/0005,,WSDILXPC0801000A,Semilavorato Matè foglia e.s.           >= 1.0% caffeina,0.0,0,0,30.84,77.1,40.0,30.84,,,STORICO_GESTIONALE_ATOM | Seriale 0000016866 | Taglio standard 40% per assenza distinta completa
HIST-ATOM-0000016864-S23/0012,STORICO-20230124-SPRAY,2023-01-24,,Spray Dryer,S23/0012,,WSDCYNSC08R0200A,Semilavorato Carciofo foglia e. s.      D/E 2:1,0.0,0,0,34.92,87.3,40.0,34.92,,,STORICO_GESTIONALE_ATOM | Seriale 0000016864 | Taglio standard 40% per assenza distinta completa
HIST-ATOM-0000016863-S23/0013,STORICO-20230124-SPRAY,2023-01-24,,Spray Dryer,S23/0013,,WSDRSCNL01R0200A,Semilavorato Rosa canina frutti e.s. Loc D/E 2:1,0.0,0,0,1.32,3.3,40.0,1.32,,,STORICO_GESTIONALE_ATOM | Seriale 0000016863 | Taglio standard 40% per assenza distinta completa
HIST-ATOM-0000016851-S23/0008,STORICO-20230120-SPRAY,2023-01-20,,Spray Dryer,S23/0008,,WSDBRSBC08R0300A,Semilavorato Broccoli foglia e.s.,0.0,0,0,16.28,40.7,40.0,16.28,,,STORICO_GESTIONALE_ATOM | Seriale 0000016851 | Taglio standard 40% per assenza distinta completa
HIST-ATOM-0000016839-S23/0007,STORICO-20230120-SPRAY,2023-01-20,,Spray Dryer,S23/0007,,WSDSLNAF0500500A,Semilavorato SOLANRED® - estratto secco da frutto fresco di Melanzana Rossa Lucana - 1-3%,0.0,0,0,2.8000000000000003,7.0,40.0,2.8000000000000003,,,STORICO_GESTIONALE_ATOM | Seriale 0000016839 | Taglio standard 40% per assenza distinta completa
HIST-ATOM-0000016801-S23/0006,STORICO-20230120-SPRAY,2023-01-20,,Spray Dryer,S23/0006,,WSDHRPPC1400500A,Semilavorato Artiglio del diavolo radicee.s. >= 2.5% arpagodside,0.0,0,0,280.0,700.0,40.0,280.0,,,STORICO_GESTIONALE_ATOM | Seriale 0000016801 | Taglio standard 40% per assenza distinta completa
HIST-ATOM-0000016774-S23/0003,STORICO-20230118-SPRAY,2023-01-18,,Spray Dryer,S23/0003,,WSDHRPPC1400500A,Semilavorato Artiglio del diavolo radicee.s. >= 2.5% arpagodside,0.0,0,0,295.08000000000004,737.7,40.0,295.08000000000004,,,STORICO_GESTIONALE_ATOM | Seriale 0000016774 | Taglio standard 40% per assenza distinta completa
HIST-ATOM-0000016756-E23/0046,STORICO-20230113-SPRAY,2023-01-13,,Spray Dryer,E23/0046,,VSDCSSAC0820000A,"Senna foglia estratto secco >= 20,0%    idrossiantracen derivati calc. come sennoside B",0.0,0,0,190.32000000000002,475.8,40.0,190.32000000000002,,,STORICO_GESTIONALE_ATOM | Seriale 0000016756 | Taglio standard 40% per assenza distinta completa
HIST-ATOM-0000016746-SL/0002,STORICO-20230113-SPRAY,2023-01-13,,Spray Dryer,SL/0002,,WSDHLCIL04R0200A,Semilavorato Elicriso erba fiorita      e. secco Locale,0.0,0,0,120.72000000000001,301.8,40.0,120.72000000000001,,,STORICO_GESTIONALE_ATOM | Seriale 0000016746 | Taglio standard 40% per assenza distinta completa
HIST-ATOM-0000016739-E23/0039,STORICO-20230111-SPRAY,2023-01-11,,Spray Dryer,E23/0039,,VSDCSSAC0820000A,"Senna foglia estratto secco >= 20,0%    idrossiantracen derivati calc. come sennoside B",0.0,0,0,400.0,1000.0,40.0,400.0,,,STORICO_GESTIONALE_ATOM | Seriale 0000016739 | Taglio standard 40% per assenza distinta completa
HIST-ATOM-0000016671-E22/3051,STORICO-20221215-SPRAY,2022-12-15,,Spray Dryer,E22/3051,,VSDTROXC3200000A,Troxerutina,0.0,0,0,198.68,496.7,40.0,198.68,,,STORICO_GESTIONALE_ATOM | Seriale 0000016671 | Taglio standard 40% per assenza distinta completa
HIST-ATOM-0000016657-E22/3228,STORICO-20221215-SPRAY,2022-12-15,,Spray Dryer,E22/3228,,SSDSLNAF0500500A,SOLANRED® - estratto secco da frutto    fresco di Melanzana Rossa Lucana,0.0,0,0,84.4,211.0,40.0,84.4,,,STORICO_GESTIONALE_ATOM | Seriale 0000016657 | Taglio standard 40% per assenza distinta completa
HIST-ATOM-0000016633-E22/3226,STORICO-20221213-SPRAY,2022-12-13,,Spray Dryer,E22/3226,,SSDMLSOC0800800A,"Melissa foglia estratto secco >=0,8%    tot. idross. come acido rosmarinico (HPLC)",0.0,0,0,63.400000000000006,158.5,40.0,63.400000000000006,,,STORICO_GESTIONALE_ATOM | Seriale 0000016633 | Taglio standard 40% per assenza distinta completa
HIST-ATOM-0000016623-E22/3224,STORICO-20221212-SPRAY,2022-12-12,,Spray Dryer,E22/3224,,SSDMLSOJ0804000A,"Melissa foglia e. s. bio                >= 4,0% acido rosmarinico (HPLC)",0.0,0,0,18.0,45.0,40.0,18.0,,,STORICO_GESTIONALE_ATOM | Seriale 0000016623 | Taglio standard 40% per assenza distinta completa
HIST-ATOM-0000016593-E22/3182,STORICO-20221207-SPRAY,2022-12-07,,Spray Dryer,E22/3182,,SSDCYNSC0801500A,"Carciofo foglie E.S. >= 1,5%            ac. caffeiolhinici come ac. clorogenico",0.0,0,0,48.72,121.8,40.0,48.72,,,STORICO_GESTIONALE_ATOM | Seriale 0000016593 | Taglio standard 40% per assenza distinta completa
HIST-ATOM-0000016588-E22/3177,STORICO-20221206-SPRAY,2022-12-06,,Spray Dryer,E22/3177,,SSDMLSOC0802000A,"Melissa foglia estratto secco >= 2,0%   acido rosmarinico",0.0,0,0,23.240000000000002,58.1,40.0,23.240000000000002,,,STORICO_GESTIONALE_ATOM | Seriale 0000016588 | Taglio standard 40% per assenza distinta completa
HIST-ATOM-0000016572-E22/3092,STORICO-20221202-SPRAY,2022-12-02,,Spray Dryer,E22/3092,,TSDVCCMC0501000N,"Mirtillo nero frutto estr.secco >=1,0%  antocianosidi (antocianine) calc. come cianidin 3-",0.0,0,0,291.36,728.4,40.0,291.36,,,STORICO_GESTIONALE_ATOM | Seriale 0000016572 | Taglio standard 40% per assenza distinta completa
HIST-ATOM-0000016522-E22/3112,STORICO-20221129-SPRAY,2022-11-29,,Spray Dryer,E22/3112,,SSDPMSBC0802100A,Boldo foglia estratto secco >= 0.02%    alcaloidi totali espressi come  boldina,0.0,0,0,104.32000000000001,260.8,40.0,104.32000000000001,,,STORICO_GESTIONALE_ATOM | Seriale 0000016522 | Taglio standard 40% per assenza distinta completa
HIST-ATOM-0000016520-E22/3082,STORICO-20221129-SPRAY,2022-11-29,,Spray Dryer,E22/3082,,SSDBRSBC08R0300A,Broccoli foglia e.s.,0.0,0,0,64.0,160.0,40.0,64.0,,,STORICO_GESTIONALE_ATOM | Seriale 0000016520 | Taglio standard 40% per assenza distinta completa
HIST-ATOM-0000016510-E22/3073T,STORICO-20221128-SPRAY,2022-11-28,,Spray Dryer,E22/3073T,,SSDCRNSF05R0200A,CORIANDOLO frutto E.S. da Filiera Cert  da Filiera Certificata ISO 22005,0.0,0,0,75.2,188.0,40.0,75.2,,,STORICO_GESTIONALE_ATOM | Seriale 0000016510 | Taglio standard 40% per assenza distinta completa
HIST-ATOM-0000016502-E22/3056,STORICO-20221125-SPRAY,2022-11-25,,Spray Dryer,E22/3056,,SSDESCCC0702000A,"Escolzia erba estratto secco >=2,0%      flavonoidi tot. calc.come rutina",0.0,0,0,107.80000000000001,269.5,40.0,107.80000000000001,,,STORICO_GESTIONALE_ATOM | Seriale 0000016502 | Taglio standard 40% per assenza distinta completa
HIST-ATOM-0000016493-E22/3035,STORICO-20221124-SPRAY,2022-11-24,,Spray Dryer,E22/3035,,SSDFNCOC17R0200A,Finocchio dolce seme estratto secco,0.0,0,0,175.08,437.7,40.0,175.08,,,STORICO_GESTIONALE_ATOM | Seriale 0000016493 | Taglio standard 40% per assenza distinta completa
HIST-ATOM-0000016475-E22/3024,STORICO-20221122-SPRAY,2022-11-22,,Spray Dryer,E22/3024,,SSDSPRUC34R0200A,Spirea erba estratto secco D/E 2:1,0.0,0,0,114.0,285.0,40.0,114.0,,,STORICO_GESTIONALE_ATOM | Seriale 0000016475 | Taglio standard 40% per assenza distinta completa
HIST-ATOM-0000016466-E22/3017,STORICO-20221122-SPRAY,2022-11-22,,Spray Dryer,E22/3017,,SSDECLGC08R0200A,Eucalipto foglia estratto secco         D/E 2:1,0.0,0,0,201.88,504.7,40.0,201.88,,,STORICO_GESTIONALE_ATOM | Seriale 0000016466 | Taglio standard 40% per assenza distinta completa
HIST-ATOM-0000016441-E22/2975,STORICO-20221117-SPRAY,2022-11-17,,Spray Dryer,E22/2975,,SSDVLTRC22R0200A,Viola tricolor erba fiorita estr.secco,0.0,0,0,146.24,365.6,40.0,146.24,,,STORICO_GESTIONALE_ATOM | Seriale 0000016441 | Taglio standard 40% per assenza distinta completa
HIST-ATOM-0000016415-E22/2964L,STORICO-20221116-SPRAY,2022-11-16,,Spray Dryer,E22/2964L,,SSDPHSVL12R0200A,Fagiolo baccello e.s. Locale,0.0,0,0,30.680000000000003,76.7,40.0,30.680000000000003,,,STORICO_GESTIONALE_ATOM | Seriale 0000016415 | Taglio standard 40% per assenza distinta completa
HIST-ATOM-0000016414-E22/2963,STORICO-20221116-SPRAY,2022-11-16,,Spray Dryer,E22/2963,,SSDECHUC14R0200A,Echinacea purpurea radice estratto secco,0.0,0,0,141.6,354.0,40.0,141.6,,,STORICO_GESTIONALE_ATOM | Seriale 0000016414 | Taglio standard 40% per assenza distinta completa
HIST-ATOM-0000016410-E22/2977,STORICO-20221115-SPRAY,2022-11-15,,Spray Dryer,E22/2977,,SSDBTLAC0803000A,"Betulla foglia estratto secco >= 1,0%   flavonoidi totali calc. come vitessina; >3.0% iper",0.0,0,0,26.12,65.3,40.0,26.12,,,STORICO_GESTIONALE_ATOM | Seriale 0000016410 | Taglio standard 40% per assenza distinta completa
HIST-ATOM-0000016397-E22/2954,STORICO-20221115-SPRAY,2022-11-15,,Spray Dryer,E22/2954,,SSDBRSBC08R0300A,Broccoli foglia e.s.,0.0,0,0,36.0,90.0,40.0,36.0,,,STORICO_GESTIONALE_ATOM | Seriale 0000016397 | Taglio standard 40% per assenza distinta completa
HIST-ATOM-0000016396-E22/2891,STORICO-20221115-SPRAY,2022-11-15,,Spray Dryer,E22/2891,,SSDAGRRC14R0400A,Gramigna Rizoma e.s. D/E 4:1,0.0,0,0,52.760000000000005,131.9,40.0,52.760000000000005,,,STORICO_GESTIONALE_ATOM | Seriale 0000016396 | Taglio standard 40% per assenza distinta completa
HIST-ATOM-0000016376-E22/2903,STORICO-20221111-SPRAY,2022-11-11,,Spray Dryer,E22/2903,,SSDURTDC08R0200A,Ortica foglia estratto secco,0.0,0,0,92.44,231.1,40.0,92.44,,,STORICO_GESTIONALE_ATOM | Seriale 0000016376 | Taglio standard 40% per assenza distinta completa
HIST-ATOM-0000016375-E22/2896,STORICO-20221111-SPRAY,2022-11-11,,Spray Dryer,E22/2896,,VSDTROXC3200000A,Troxerutina,0.0,0,0,42.28,105.7,40.0,42.28,,,STORICO_GESTIONALE_ATOM | Seriale 0000016375 | Taglio standard 40% per assenza distinta completa
HIST-ATOM-0000016360-E22/2930,STORICO-20221109-SPRAY,2022-11-09,,Spray Dryer,E22/2930,,SSDRMNPC0214000A,"Cascara corteccia estratto secco        >=14,0% glicosidi idrossiantracenici calc. come ca",0.0,0,0,29.92,74.8,40.0,29.92,,,STORICO_GESTIONALE_ATOM | Seriale 0000016360 | Taglio standard 40% per assenza distinta completa
HIST-ATOM-0000016352-E22/2914,STORICO-20221109-SPRAY,2022-11-09,,Spray Dryer,E22/2914,,ASDHDRHC0801000A,"Edera foglia estratto secco >=1,0%      ederacoside C",0.0,0,0,89.2,223.0,40.0,89.2,,,STORICO_GESTIONALE_ATOM | Seriale 0000016352 | Taglio standard 40% per assenza distinta completa
HIST-ATOM-0000016351-E22/2893,STORICO-20221109-SPRAY,2022-11-09,,Spray Dryer,E22/2893,,SSDRBSNC08R0300A,Ribes nero foglia estratto secco,0.0,0,0,242.60000000000002,606.5,40.0,242.60000000000002,,,STORICO_GESTIONALE_ATOM | Seriale 0000016351 | Taglio standard 40% per assenza distinta completa
HIST-ATOM-0000016339-E22/2888,STORICO-20221107-SPRAY,2022-11-07,,Spray Dryer,E22/2888,,SSDANGAC14R0200A,Angelica Archangelica radice e.s.,0.0,0,0,143.76,359.4,40.0,143.76,,,STORICO_GESTIONALE_ATOM | Seriale 0000016339 | Taglio standard 40% per assenza distinta completa
HIST-ATOM-0000016329-E22/2867,STORICO-20221104-SPRAY,2022-11-04,,Spray Dryer,E22/2867,,SSDCTRGC1700000A,Pompelmo seme estratto secco,0.0,0,0,71.84,179.6,40.0,71.84,,,STORICO_GESTIONALE_ATOM | Seriale 0000016329 | Taglio standard 40% per assenza distinta completa
HIST-ATOM-0000016320-E22/2787,STORICO-20221104-SPRAY,2022-11-04,,Spray Dryer,E22/2787,,VSDCSSAC0820000A,"Senna foglia estratto secco >= 20,0%    idrossiantracen derivati calc. come sennoside B",0.0,0,0,200.0,500.0,40.0,200.0,,,STORICO_GESTIONALE_ATOM | Seriale 0000016320 | Taglio standard 40% per assenza distinta completa
HIST-ATOM-0000016307-E22/2858,STORICO-20221102-SPRAY,2022-11-02,,Spray Dryer,E22/2858,,SSDSLNAF0500500A,SOLANRED® - estratto secco da frutto    fresco di Melanzana Rossa Lucana,0.0,0,0,1.92,4.8,40.0,1.92,,,STORICO_GESTIONALE_ATOM | Seriale 0000016307 | Taglio standard 40% per assenza distinta completa
HIST-ATOM-0000016304-E22/2833,STORICO-20221028-SPRAY,2022-10-28,,Spray Dryer,E22/2833,,SSDSSYOC34R0200A,Erisimo sommità estratto secco,0.0,0,0,122.64000000000001,306.6,40.0,122.64000000000001,,,STORICO_GESTIONALE_ATOM | Seriale 0000016304 | Taglio standard 40% per assenza distinta completa
HIST-ATOM-0000016290-E22/2826,STORICO-20221027-SPRAY,2022-10-27,,Spray Dryer,E22/2826,,SSDCCRPC1700000A,Zucchini seme e.s.,0.0,0,0,91.60000000000001,229.0,40.0,91.60000000000001,,,STORICO_GESTIONALE_ATOM | Seriale 0000016290 | Taglio standard 40% per assenza distinta completa
HIST-ATOM-0000016281-E22/2815,STORICO-20221027-SPRAY,2022-10-27,,Spray Dryer,E22/2815,,SSDHRPPC1400500A,Artiglio del diavolo radice estratto secco >= 2.5% arpagodside,0.0,0,0,49.6,124.0,40.0,49.6,,,STORICO_GESTIONALE_ATOM | Seriale 0000016281 | Taglio standard 40% per assenza distinta completa
HIST-ATOM-0000016268-E22/2781,STORICO-20221026-SPRAY,2022-10-26,,Spray Dryer,E22/2781,,SSDHRPPC1400500A,Artiglio del diavolo radice estratto secco >= 2.5% arpagodside,0.0,0,0,119.2,298.0,40.0,119.2,,,STORICO_GESTIONALE_ATOM | Seriale 0000016268 | Taglio standard 40% per assenza distinta completa
HIST-ATOM-0000016243-E22/2751,STORICO-20221024-SPRAY,2022-10-24,,Spray Dryer,E22/2751,,SSDLYCBC05R0400A,Goji frutto estratto secco solubile D/E  4:1,0.0,0,0,32.0,80.0,40.0,32.0,,,STORICO_GESTIONALE_ATOM | Seriale 0000016243 | Taglio standard 40% per assenza distinta completa
HIST-ATOM-0000016225-E22/2640,STORICO-20221024-SPRAY,2022-10-24,,Spray Dryer,E22/2640,,SSDHRPPC1400500A,Artiglio del diavolo radice estratto secco >= 2.5% arpagodside,0.0,0,0,94.0,235.0,40.0,94.0,,,STORICO_GESTIONALE_ATOM | Seriale 0000016225 | Taglio standard 40% per assenza distinta completa
HIST-ATOM-0000016216-E22/2709,STORICO-20221021-SPRAY,2022-10-21,,Spray Dryer,E22/2709,,ASDPSSIC1700000A,Passiflora farina di semi e.s.          Alidans,0.0,0,0,0.2,0.5,40.0,0.2,,,STORICO_GESTIONALE_ATOM | Seriale 0000016216 | Taglio standard 40% per assenza distinta completa
HIST-ATOM-0000016215-E22/2708,STORICO-20221021-SPRAY,2022-10-21,,Spray Dryer,E22/2708,,ASDPSSIC1700000A,Passiflora farina di semi e.s.          Alidans,0.0,0,0,0.2,0.5,40.0,0.2,,,STORICO_GESTIONALE_ATOM | Seriale 0000016215 | Taglio standard 40% per assenza distinta completa
HIST-ATOM-0000016212-E22/2749,STORICO-20221021-SPRAY,2022-10-21,,Spray Dryer,E22/2749,,SSDRMNPC0218000A,"Cascara corteccia estratto secco 18,0% -20,0% glicosidi idrossiantracenici calc. come casc",0.0,0,0,70.0,175.0,40.0,70.0,,,STORICO_GESTIONALE_ATOM | Seriale 0000016212 | Taglio standard 40% per assenza distinta completa
HIST-ATOM-0000016184-E22/2700,STORICO-20221018-SPRAY,2022-10-18,,Spray Dryer,E22/2700,,VGLHONYC3200000A,Miele polvere 40-50,0.0,0,0,96.16000000000001,240.4,40.0,96.16000000000001,,,STORICO_GESTIONALE_ATOM | Seriale 0000016184 | Taglio standard 40% per assenza distinta completa
HIST-ATOM-0000016174-E22/2713,STORICO-20221018-SPRAY,2022-10-18,,Spray Dryer,E22/2713,,ASDMLSOC085UV00A,"Melissa foglia estratto secco >= 5,0%   acido rosmarinico (UV)",0.0,0,0,89.36000000000001,223.4,40.00000000000001,89.36000000000001,,,STORICO_GESTIONALE_ATOM | Seriale 0000016174 | Taglio standard 40% per assenza distinta completa
HIST-ATOM-0000016171-E22/2424,STORICO-20221017-SPRAY,2022-10-17,,Spray Dryer,E22/2424,,VSDTROXC3200000A,Troxerutina,0.0,0,0,125.96,314.9,40.0,125.96,,,STORICO_GESTIONALE_ATOM | Seriale 0000016171 | Taglio standard 40% per assenza distinta completa
HIST-ATOM-0000016154-E22/2638,STORICO-20221014-SPRAY,2022-10-14,,Spray Dryer,E22/2638,,ASDVLROB1400200A,"Valeriana radice estratto secco >=0,20%  acidi sesquiterpenici tot. calc. come acido valer",0.0,0,0,56.0,140.0,40.0,56.0,,,STORICO_GESTIONALE_ATOM | Seriale 0000016154 | Taglio standard 40% per assenza distinta completa
HIST-ATOM-0000016144-E22/2656,STORICO-20221013-SPRAY,2022-10-13,,Spray Dryer,E22/2656,,SSDMYRCC08R0400A,Mirto foglie estratto secco D/E 4:1,0.0,0,0,74.84,187.1,40.0,74.84,,,STORICO_GESTIONALE_ATOM | Seriale 0000016144 | Taglio standard 40% per assenza distinta completa
HIST-ATOM-0000016138-E22/2651,STORICO-20221013-SPRAY,2022-10-13,,Spray Dryer,E22/2651,,SSDPTRCC08R0200A,Prezzemolo foglie estratto secco D/E     2:1,0.0,0,0,54.400000000000006,136.0,40.0,54.400000000000006,,,STORICO_GESTIONALE_ATOM | Seriale 0000016138 | Taglio standard 40% per assenza distinta completa
HIST-ATOM-0000016133-E22/2673,STORICO-20221013-SPRAY,2022-10-13,,Spray Dryer,E22/2673,,SSDHDRHC08R0400A,Edera foglia estratto secco D/E 4:1,0.0,0,0,22.0,55.0,40.0,22.0,,,STORICO_GESTIONALE_ATOM | Seriale 0000016133 | Taglio standard 40% per assenza distinta completa
HIST-ATOM-0000016108-E22/2637,STORICO-20221010-SPRAY,2022-10-10,,Spray Dryer,E22/2637,,ASDRSCAC1410000A,"Rusco radice estr. secco >= 10,0%       saponine (sapogenine) calc. come ruscogenina (UV)",0.0,0,0,60.0,150.0,40.0,60.0,,,STORICO_GESTIONALE_ATOM | Seriale 0000016108 | Taglio standard 40% per assenza distinta completa
HIST-ATOM-0000016103-E22/2632,STORICO-20221010-SPRAY,2022-10-10,,Spray Dryer,E22/2632,,SSDSMLMC14R0200A,Salsapariglia radice estratto secco     acquoso D/E 2:1,0.0,0,0,93.2,233.0,40.0,93.2,,,STORICO_GESTIONALE_ATOM | Seriale 0000016103 | Taglio standard 40% per assenza distinta completa
HIST-ATOM-0000003449-E22/2625,STORICO-20221007-SPRAY,2022-10-07,,Spray Dryer,E22/2625,,ASDGRFSC1725000A,"Grifogen® Griffonia seme estratto secco >= 25,0% 5-HTP",0.0,0,0,10.96,27.4,40.00000000000001,10.96,,,STORICO_GESTIONALE_ATOM | Seriale 0000003449 | Taglio standard 40% per assenza distinta completa
HIST-ATOM-0000003447-E22/2578,STORICO-20221007-SPRAY,2022-10-07,,Spray Dryer,E22/2578,,SSDSLNAF0500500A,SOLANRED® - estratto secco da frutto    fresco di Melanzana Rossa Lucana,0.0,0,0,170.0,425.0,40.0,170.0,,,STORICO_GESTIONALE_ATOM | Seriale 0000003447 | Taglio standard 40% per assenza distinta completa
HIST-ATOM-0000003423-E22/2590,STORICO-20221005-SPRAY,2022-10-05,,Spray Dryer,E22/2590,,TSDVCCMC0501000N,"Mirtillo nero frutto estr.secco >=1,0%  antocianosidi (antocianine) calc. come cianidin 3-",0.0,0,0,35.480000000000004,88.7,40.0,35.480000000000004,,,STORICO_GESTIONALE_ATOM | Seriale 0000003423 | Taglio standard 40% per assenza distinta completa
HIST-ATOM-0000003404-E22/2579,STORICO-20221004-SPRAY,2022-10-04,,Spray Dryer,E22/2579,,ASDRSCAC1410000A,"Rusco radice estr. secco >= 10,0%       saponine (sapogenine) calc. come ruscogenina (UV)",0.0,0,0,139.84,349.6,40.0,139.84,,,STORICO_GESTIONALE_ATOM | Seriale 0000003404 | Taglio standard 40% per assenza distinta completa
HIST-ATOM-0000003377-E22/2554,STORICO-20220930-SPRAY,2022-09-30,,Spray Dryer,E22/2554,,SSDHMLLC09R0200A,Luppolo infioresc.estratto secco,0.0,0,0,169.0,422.5,40.0,169.0,,,STORICO_GESTIONALE_ATOM | Seriale 0000003377 | Taglio standard 40% per assenza distinta completa
HIST-ATOM-0000003376-E22/2520,STORICO-20220930-SPRAY,2022-09-30,,Spray Dryer,E22/2520,,SSDVRBTC04R0300A,Verbasco fiore estr.secco,0.0,0,0,55.36000000000001,138.4,40.0,55.36000000000001,,,STORICO_GESTIONALE_ATOM | Seriale 0000003376 | Taglio standard 40% per assenza distinta completa
HIST-ATOM-0000003373-E22/2498,STORICO-20220928-SPRAY,2022-09-28,,Spray Dryer,E22/2498,,SSDEQSAC07R0300A,Equiseto erba estratto secco,0.0,0,0,102.2,255.5,40.0,102.2,,,STORICO_GESTIONALE_ATOM | Seriale 0000003373 | Taglio standard 40% per assenza distinta completa
HIST-ATOM-0000003365-E22/2483,STORICO-20220928-SPRAY,2022-09-28,,Spray Dryer,E22/2483,,SSDVTXAC05R0300A,Agnocasto frutto e.s.,0.0,0,0,108.0,270.0,40.0,108.0,,,STORICO_GESTIONALE_ATOM | Seriale 0000003365 | Taglio standard 40% per assenza distinta completa
HIST-ATOM-0000003333-E22/2450,STORICO-20220927-SPRAY,2022-09-27,,Spray Dryer,E22/2450,,SSDPLLCC17R0200A,Guarana' seme estratto secco             D/E 2:1,0.0,0,0,238.8,597.0,40.0,238.8,,,STORICO_GESTIONALE_ATOM | Seriale 0000003333 | Taglio standard 40% per assenza distinta completa
HIST-ATOM-0000003298-E22/2445,STORICO-20220923-SPRAY,2022-09-23,,Spray Dryer,E22/2445,,SSDTRFPC07R0200A,Trifoglio rosso erba  e.s.              D/E 2:1,0.0,0,0,100.56,251.4,40.0,100.56,,,STORICO_GESTIONALE_ATOM | Seriale 0000003298 | Taglio standard 40% per assenza distinta completa
HIST-ATOM-0000003292-E22/2428,STORICO-20220922-SPRAY,2022-09-22,,Spray Dryer,E22/2428,,SSDORTSC08R0300A,Ortosiphon foglia estratto secco,0.0,0,0,150.76,376.9,40.0,150.76,,,STORICO_GESTIONALE_ATOM | Seriale 0000003292 | Taglio standard 40% per assenza distinta completa
HIST-ATOM-0000003290-E22/2423,STORICO-20220921-SPRAY,2022-09-21,,Spray Dryer,E22/2423,,VSDCSSAC0820000A,"Senna foglia estratto secco >= 20,0%    idrossiantracen derivati calc. come sennoside B",0.0,0,0,193.16,482.9,40.0,193.16,,,STORICO_GESTIONALE_ATOM | Seriale 0000003290 | Taglio standard 40% per assenza distinta completa
HIST-ATOM-0000003262-E22/2395,STORICO-20220920-SPRAY,2022-09-20,,Spray Dryer,E22/2395,,VSDCSSAC0820000A,"Senna foglia estratto secco >= 20,0%    idrossiantracen derivati calc. come sennoside B",0.0,0,0,200.0,500.0,40.0,200.0,,,STORICO_GESTIONALE_ATOM | Seriale 0000003262 | Taglio standard 40% per assenza distinta completa
HIST-ATOM-0000003255-E22/2355,STORICO-20220916-SPRAY,2022-09-16,,Spray Dryer,E22/2355,,SSDSLNAF0500500A,SOLANRED® - estratto secco da frutto    fresco di Melanzana Rossa Lucana,0.0,0,0,36.0,90.0,40.0,36.0,,,STORICO_GESTIONALE_ATOM | Seriale 0000003255 | Taglio standard 40% per assenza distinta completa
HIST-ATOM-0000003246-E22/2360,STORICO-20220916-SPRAY,2022-09-16,,Spray Dryer,E22/2360,,VSDCSSAC0820000A,"Senna foglia estratto secco >= 20,0%    idrossiantracen derivati calc. come sennoside B",0.0,0,0,200.0,500.0,40.0,200.0,,,STORICO_GESTIONALE_ATOM | Seriale 0000003246 | Taglio standard 40% per assenza distinta completa
HIST-ATOM-0000003225-E22/2336,STORICO-20220914-SPRAY,2022-09-14,,Spray Dryer,E22/2336,,SSDECHSC07R0200A,Echinacea purpurea erba estratto secco,0.0,0,0,116.16,290.4,40.0,116.16,,,STORICO_GESTIONALE_ATOM | Seriale 0000003225 | Taglio standard 40% per assenza distinta completa
HIST-ATOM-0000003221-E22/2361,STORICO-20220913-SPRAY,2022-09-13,,Spray Dryer,E22/2361,,SSDMLSOC0805000A,"Melissa foglia e. s. acquoso >= 5,0%    derivati idrossicinnamici tot. calc.come acido ros",0.0,0,0,109.64000000000001,274.1,40.0,109.64000000000001,,,STORICO_GESTIONALE_ATOM | Seriale 0000003221 | Taglio standard 40% per assenza distinta completa
HIST-ATOM-0000003213-E22/2326,STORICO-20220912-SPRAY,2022-09-12,,Spray Dryer,E22/2326,,SSDLYCBC05R0400A,Goji frutto estratto secco solubile D/E  4:1,0.0,0,0,75.72000000000001,189.3,40.0,75.72000000000001,,,STORICO_GESTIONALE_ATOM | Seriale 0000003213 | Taglio standard 40% per assenza distinta completa
HIST-ATOM-0000003200-E22/2317,STORICO-20220909-SPRAY,2022-09-09,,Spray Dryer,E22/2317,,SSDTRXOC14R0200A,Tarassaco radice estratto secco,0.0,0,0,231.60000000000002,579.0,40.0,231.60000000000002,,,STORICO_GESTIONALE_ATOM | Seriale 0000003200 | Taglio standard 40% per assenza distinta completa
HIST-ATOM-0000003193-E22/2307,STORICO-20220908-SPRAY,2022-09-08,,Spray Dryer,E22/2307,,SSDCTRIC28R0200A,Lichene islandico tallo estratto secco   D/E 2:1,0.0,0,0,27.0,67.5,40.0,27.0,,,STORICO_GESTIONALE_ATOM | Seriale 0000003193 | Taglio standard 40% per assenza distinta completa
HIST-ATOM-0000003189-E22/2281,STORICO-20220907-SPRAY,2022-09-07,,Spray Dryer,E22/2281,,SSDMLVSC24R0200A,Malva fiori/foglie estratto secco 2:1,0.0,0,0,222.0,555.0,40.0,222.0,,,STORICO_GESTIONALE_ATOM | Seriale 0000003189 | Taglio standard 40% per assenza distinta completa
HIST-ATOM-0000003164-E22/2271T,STORICO-20220906-SPRAY,2022-09-06,,Spray Dryer,E22/2271T,,SSDPNCMF17R0200A,Miglio seme estratto secco              da Filiera Certificata ISO 22005,0.0,0,0,17.36,43.4,40.0,17.36,,,STORICO_GESTIONALE_ATOM | Seriale 0000003164 | Taglio standard 40% per assenza distinta completa
HIST-ATOM-0000003151-E22/2268,STORICO-20220905-SPRAY,2022-09-05,,Spray Dryer,E22/2268,,SSDPTYOC02R0400A,Muira Puama corteccia estratto secco    D/E 4:1,0.0,0,0,13.080000000000002,32.7,40.0,13.080000000000002,,,STORICO_GESTIONALE_ATOM | Seriale 0000003151 | Taglio standard 40% per assenza distinta completa
HIST-ATOM-0000003150-E22/2254T,STORICO-20220902-SPRAY,2022-09-02,,Spray Dryer,E22/2254T,,SSDGRNRF2200000A,GRINDELIA ERBA FIORITA E.S.              FILIERA CERTIFICATA ISO 22005,0.0,0,0,164.60000000000002,411.5,40.00000000000001,164.60000000000002,,,STORICO_GESTIONALE_ATOM | Seriale 0000003150 | Taglio standard 40% per assenza distinta completa
HIST-ATOM-0000003136-E22/2209,STORICO-20220901-SPRAY,2022-09-01,,Spray Dryer,E22/2209,,VSDCSSAC0820000A,"Senna foglia estratto secco >= 20,0%    idrossiantracen derivati calc. come sennoside B",0.0,0,0,422.48,1056.2,40.0,422.48,,,STORICO_GESTIONALE_ATOM | Seriale 0000003136 | Taglio standard 40% per assenza distinta completa
HIST-ATOM-0000003088-E22/2208,STORICO-20220829-SPRAY,2022-08-29,,Spray Dryer,E22/2208,,VSDCSSAC0820000A,"Senna foglia estratto secco >= 20,0%    idrossiantracen derivati calc. come sennoside B",0.0,0,0,160.0,400.0,40.0,160.0,,,STORICO_GESTIONALE_ATOM | Seriale 0000003088 | Taglio standard 40% per assenza distinta completa
HIST-ATOM-0000003080-E22/2207,STORICO-20220826-SPRAY,2022-08-26,,Spray Dryer,E22/2207,,SSDHMLLC09R0200A,Luppolo infioresc.estratto secco,0.0,0,0,182.60000000000002,456.5,40.0,182.60000000000002,,,STORICO_GESTIONALE_ATOM | Seriale 0000003080 | Taglio standard 40% per assenza distinta completa
HIST-ATOM-0000003069-E22/2170,STORICO-20220824-SPRAY,2022-08-24,,Spray Dryer,E22/2170,,SSDCLNTC17R0200A,Cola noci seme estr.secco solubile D/E   2:1,0.0,0,0,198.60000000000002,496.5,40.0,198.60000000000002,,,STORICO_GESTIONALE_ATOM | Seriale 0000003069 | Taglio standard 40% per assenza distinta completa
HIST-ATOM-0000003039-E22/2107,STORICO-20220823-SPRAY,2022-08-23,,Spray Dryer,E22/2107,,SSDARNMC04R0400A,Arnica Montana fiori E.S.,0.0,0,0,141.64000000000001,354.1,40.0,141.64000000000001,,,STORICO_GESTIONALE_ATOM | Seriale 0000003039 | Taglio standard 40% per assenza distinta completa
HIST-ATOM-0000003036-E22/2155,STORICO-20220823-SPRAY,2022-08-23,,Spray Dryer,E22/2155,,SSDMLSPC05R0400A,Mela frutto e.s. D/E 4:1,0.0,0,0,68.16000000000001,170.4,40.00000000000001,68.16000000000001,,,STORICO_GESTIONALE_ATOM | Seriale 0000003036 | Taglio standard 40% per assenza distinta completa
HIST-ATOM-0000003013-E22/2100,STORICO-20220801-SPRAY,2022-08-01,,Spray Dryer,E22/2100,,SSDMLSPC05R0400A,Mela frutto e.s. D/E 4:1,0.0,0,0,229.48000000000002,573.7,40.0,229.48000000000002,,,STORICO_GESTIONALE_ATOM | Seriale 0000003013 | Taglio standard 40% per assenza distinta completa
HIST-ATOM-0000003002-E22/2092T,STORICO-20220728-SPRAY,2022-07-28,,Spray Dryer,E22/2092T,,SSDTNCPF08R0400A,Tanaceto Partenio erba fiorita e.s.     D/E 4:1 da Filiera Certificata ISO 22005,0.0,0,0,182.8,457.0,40.0,182.8,,,STORICO_GESTIONALE_ATOM | Seriale 0000003002 | Taglio standard 40% per assenza distinta completa
HIST-ATOM-0000002998-E22/2023,STORICO-20220727-SPRAY,2022-07-27,,Spray Dryer,E22/2023,,SSDCHCIC14R0200A,Cicoria radice estratto secco           D/E 2:1,0.0,0,0,414.0,1035.0,40.0,414.0,,,STORICO_GESTIONALE_ATOM | Seriale 0000002998 | Taglio standard 40% per assenza distinta completa
HIST-ATOM-0000002975-E22/0982,STORICO-20220722-SPRAY,2022-07-22,,Spray Dryer,E22/0982,,SLMLTDC3200000A,Maltodestrina gialla,0.0,0,0,103.2,258.0,40.0,103.2,,,STORICO_GESTIONALE_ATOM | Seriale 0000002975 | Taglio standard 40% per assenza distinta completa
HIST-ATOM-0000002969-E22/2051,STORICO-20220722-SPRAY,2022-07-22,,Spray Dryer,E22/2051,,SSDASCHC02R0200A,Ippocastano corteccia e.s. D/E 2:1,0.0,0,0,80.60000000000001,201.5,40.0,80.60000000000001,,,STORICO_GESTIONALE_ATOM | Seriale 0000002969 | Taglio standard 40% per assenza distinta completa
HIST-ATOM-0000002921-E22/1878,STORICO-20220719-SPRAY,2022-07-19,,Spray Dryer,E22/1878,,VSDCTREC4300000A,RED ORANGE EXTRACT,0.0,0,0,393.6,984.0,40.0,393.6,,,STORICO_GESTIONALE_ATOM | Seriale 0000002921 | Taglio standard 40% per assenza distinta completa
HIST-ATOM-0000002911-E22/1964,STORICO-20220715-SPRAY,2022-07-15,,Spray Dryer,E22/1964,,SSDSPRUC34R0200A,Spirea erba estratto secco D/E 2:1,0.0,0,0,257.6,644.0,40.0,257.6,,,STORICO_GESTIONALE_ATOM | Seriale 0000002911 | Taglio standard 40% per assenza distinta completa
HIST-ATOM-0000002892-E22/1960,STORICO-20220714-SPRAY,2022-07-14,,Spray Dryer,E22/1960,,SSDPLLNC31R0300A,Polline naturale granuli estratto secco,0.0,0,0,176.56,441.4,40.0,176.56,,,STORICO_GESTIONALE_ATOM | Seriale 0000002892 | Taglio standard 40% per assenza distinta completa
HIST-ATOM-0000002889-E22/1963,STORICO-20220713-SPRAY,2022-07-13,,Spray Dryer,E22/1963,,SSDHRPPC1400500A,Artiglio del diavolo radice estratto secco >= 2.5% arpagodside,0.0,0,0,112.4,281.0,40.0,112.4,,,STORICO_GESTIONALE_ATOM | Seriale 0000002889 | Taglio standard 40% per assenza distinta completa
HIST-ATOM-0000002871-E22/1927,STORICO-20220712-SPRAY,2022-07-12,,Spray Dryer,E22/1927,,SSDHRPPC1400500A,Artiglio del diavolo radice estratto secco >= 2.5% arpagodside,0.0,0,0,244.0,610.0,40.0,244.0,,,STORICO_GESTIONALE_ATOM | Seriale 0000002871 | Taglio standard 40% per assenza distinta completa
HIST-ATOM-0000002869-E22/1944,STORICO-20220711-SPRAY,2022-07-11,,Spray Dryer,E22/1944,,VSDMDROC3203000A,MALTODESTRINA ROSSA                     3% enocianina,0.0,0,0,7.4,18.5,40.0,7.4,,,STORICO_GESTIONALE_ATOM | Seriale 0000002869 | Taglio standard 40% per assenza distinta completa
HIST-ATOM-0000002819-E22/1877,STORICO-20220705-SPRAY,2022-07-05,,Spray Dryer,E22/1877,,VSDMDROC3203000A,MALTODESTRINA ROSSA                     3% enocianina,0.0,0,0,7.640000000000001,19.1,40.0,7.640000000000001,,,STORICO_GESTIONALE_ATOM | Seriale 0000002819 | Taglio standard 40% per assenza distinta completa
HIST-ATOM-0000002818-E22/1804,STORICO-20220705-SPRAY,2022-07-05,,Spray Dryer,E22/1804,,SSDTLSPC04R0200A,Tiglio fiore estratto secco 2:1,0.0,0,0,244.96,612.4,40.0,244.96,,,STORICO_GESTIONALE_ATOM | Seriale 0000002818 | Taglio standard 40% per assenza distinta completa
HIST-ATOM-0000002808-E22/1805,STORICO-20220701-SPRAY,2022-07-01,,Spray Dryer,E22/1805,,SSDFNCOC17R0200A,Finocchio dolce seme estratto secco,0.0,0,0,219.12,547.8,40.0,219.12,,,STORICO_GESTIONALE_ATOM | Seriale 0000002808 | Taglio standard 40% per assenza distinta completa
HIST-ATOM-0000002794-E22/1820,STORICO-20220629-SPRAY,2022-06-29,,Spray Dryer,E22/1820,,SSDPSSIC07R0400A,Passiflora erba fiorita estratto secco  D/E 4:1,0.0,0,0,256.0,640.0,40.0,256.0,,,STORICO_GESTIONALE_ATOM | Seriale 0000002794 | Taglio standard 40% per assenza distinta completa
HIST-ATOM-0000002765-E22/1791,STORICO-20220627-SPRAY,2022-06-27,,Spray Dryer,E22/1791,,SSDHRCPC0700000A,Pilosella Erba estratto secco,0.0,0,0,190.0,475.0,40.0,190.0,,,STORICO_GESTIONALE_ATOM | Seriale 0000002765 | Taglio standard 40% per assenza distinta completa
HIST-ATOM-0000002748-E22/1788,STORICO-20220624-SPRAY,2022-06-24,,Spray Dryer,E22/1788,,SSDFRXEC08R0200A,Frassino foglia estratto secco,0.0,0,0,122.88,307.2,40.0,122.88,,,STORICO_GESTIONALE_ATOM | Seriale 0000002748 | Taglio standard 40% per assenza distinta completa
HIST-ATOM-0000002734-E22/1697,STORICO-20220623-SPRAY,2022-06-23,,Spray Dryer,E22/1697,,VSDCSSAC0820000A,"Senna foglia estratto secco >= 20,0%    idrossiantracen derivati calc. come sennoside B",0.0,0,0,200.0,500.0,40.0,200.0,,,STORICO_GESTIONALE_ATOM | Seriale 0000002734 | Taglio standard 40% per assenza distinta completa
HIST-ATOM-0000002718-E22/1696,STORICO-20220621-SPRAY,2022-06-21,,Spray Dryer,E22/1696,,VSDCSSAC0820000A,"Senna foglia estratto secco >= 20,0%    idrossiantracen derivati calc. come sennoside B",0.0,0,0,400.0,1000.0,40.0,400.0,,,STORICO_GESTIONALE_ATOM | Seriale 0000002718 | Taglio standard 40% per assenza distinta completa
HIST-ATOM-0000002664-E22/1230,STORICO-20220616-SPRAY,2022-06-16,,Spray Dryer,E22/1230,,VLCOLBEC3200000A,Acqua di vegetazione olivo e            succo di Bergamotto e.s.,0.0,0,0,8.4,21.0,40.0,8.4,,,STORICO_GESTIONALE_ATOM | Seriale 0000002664 | Taglio standard 40% per assenza distinta completa
HIST-ATOM-0000002662-E22/1231,STORICO-20220615-SPRAY,2022-06-15,,Spray Dryer,E22/1231,,VLCOLARC3200000A,Acqua di vegetazione olivo e            succo di Arancia e.s.,0.0,0,0,8.4,21.0,40.0,8.4,,,STORICO_GESTIONALE_ATOM | Seriale 0000002662 | Taglio standard 40% per assenza distinta completa
HIST-ATOM-0000002660-E22/1680,STORICO-20220615-SPRAY,2022-06-15,,Spray Dryer,E22/1680,,SSDVTSTC08R0200A,Vite rossa foglia e.s.                  D/E 4:1,0.0,0,0,216.0,540.0,40.0,216.0,,,STORICO_GESTIONALE_ATOM | Seriale 0000002660 | Taglio standard 40% per assenza distinta completa
HIST-ATOM-0000002645-E22/1676,STORICO-20220614-SPRAY,2022-06-14,,Spray Dryer,E22/1676,,SSDRSMOC08R0200A,Rosmarino foglia estratto secco,0.0,0,0,181.48000000000002,453.7,40.00000000000001,181.48000000000002,,,STORICO_GESTIONALE_ATOM | Seriale 0000002645 | Taglio standard 40% per assenza distinta completa
HIST-ATOM-0000002642-E22/1691,STORICO-20220614-SPRAY,2022-06-14,,Spray Dryer,E22/1691,,SSDMLSOC0805000A,"Melissa foglia e. s. acquoso >= 5,0%    derivati idrossicinnamici tot. calc.come acido ros",0.0,0,0,157.88,394.7,40.0,157.88,,,STORICO_GESTIONALE_ATOM | Seriale 0000002642 | Taglio standard 40% per assenza distinta completa
HIST-ATOM-0000002622-E22/1628,STORICO-20220610-SPRAY,2022-06-10,,Spray Dryer,E22/1628,,SSDRHMFC0207000A,"Frangula corteccia estratto secco >=7,0%glucofranguline calcolate come glucofrangulina A",0.0,0,0,144.0,360.0,40.0,144.0,,,STORICO_GESTIONALE_ATOM | Seriale 0000002622 | Taglio standard 40% per assenza distinta completa
HIST-ATOM-0000002610-E22/1643,STORICO-20220610-SPRAY,2022-06-10,,Spray Dryer,E22/1643,,SSDTRNAC08R0400A,Damiana foglia estratto secco D/E 4:1,0.0,0,0,243.60000000000002,609.0,40.0,243.60000000000002,,,STORICO_GESTIONALE_ATOM | Seriale 0000002610 | Taglio standard 40% per assenza distinta completa
HIST-ATOM-0000002589-E22/1625,STORICO-20220608-SPRAY,2022-06-08,,Spray Dryer,E22/1625,,SSDURTDC14R0400A,Ortica radice estratto secco,0.0,0,0,238.08000000000004,595.2,40.0,238.08000000000004,,,STORICO_GESTIONALE_ATOM | Seriale 0000002589 | Taglio standard 40% per assenza distinta completa
HIST-ATOM-0000002584-E22/1593,STORICO-20220607-SPRAY,2022-06-07,,Spray Dryer,E22/1593,,VSDCSSAC0820000A,"Senna foglia estratto secco >= 20,0%    idrossiantracen derivati calc. come sennoside B",0.0,0,0,40.0,100.0,40.0,40.0,,,STORICO_GESTIONALE_ATOM | Seriale 0000002584 | Taglio standard 40% per assenza distinta completa
HIST-ATOM-0000002583-E22/1592,STORICO-20220607-SPRAY,2022-06-07,,Spray Dryer,E22/1592,,VSDCSSAC0820000A,"Senna foglia estratto secco >= 20,0%    idrossiantracen derivati calc. come sennoside B",0.0,0,0,200.0,500.0,40.0,200.0,,,STORICO_GESTIONALE_ATOM | Seriale 0000002583 | Taglio standard 40% per assenza distinta completa
HIST-ATOM-0000002573-E22/1404,STORICO-20220601-SPRAY,2022-06-01,,Spray Dryer,E22/1404,,VSDCSSAC0820000A,"Senna foglia estratto secco >= 20,0%    idrossiantracen derivati calc. come sennoside B",0.0,0,0,80.0,200.0,40.0,80.0,,,STORICO_GESTIONALE_ATOM | Seriale 0000002573 | Taglio standard 40% per assenza distinta completa
HIST-ATOM-0000002563-E22/1587,STORICO-20220531-SPRAY,2022-05-31,,Spray Dryer,E22/1587,,SSDCNCSC02R0400A,China (Cinchona Succirubra) corteccia    e. s.,0.0,0,0,122.08,305.2,40.0,122.08,,,STORICO_GESTIONALE_ATOM | Seriale 0000002563 | Taglio standard 40% per assenza distinta completa
HIST-ATOM-0000002537-E22/1550,STORICO-20220530-SPRAY,2022-05-30,,Spray Dryer,E22/1550,,SSDCYNSC08R0200A,Carciofo foglia e. s. D/E 2:1,0.0,0,0,185.20000000000002,463.0,40.0,185.20000000000002,,,STORICO_GESTIONALE_ATOM | Seriale 0000002537 | Taglio standard 40% per assenza distinta completa
HIST-ATOM-0000002528-E22/1527,STORICO-20220527-SPRAY,2022-05-27,,Spray Dryer,E22/1527,,SSDMLSPC05R0400A,Mela frutto e.s. D/E 4:1,0.0,0,0,388.40000000000003,971.0,40.0,388.40000000000003,,,STORICO_GESTIONALE_ATOM | Seriale 0000002528 | Taglio standard 40% per assenza distinta completa
HIST-ATOM-0000002505-E22/1430,STORICO-20220524-SPRAY,2022-05-24,,Spray Dryer,E22/1430,,SSDVTXAC05R0300A,Agnocasto frutto e.s.,0.0,0,0,194.24,485.6,40.0,194.24,,,STORICO_GESTIONALE_ATOM | Seriale 0000002505 | Taglio standard 40% per assenza distinta completa
HIST-ATOM-0000002495-E22/1470,STORICO-20220523-SPRAY,2022-05-23,,Spray Dryer,E22/1470,,SSDORTSC08R0300A,Ortosiphon foglia estratto secco,0.0,0,0,265.28000000000003,663.2,40.0,265.28000000000003,,,STORICO_GESTIONALE_ATOM | Seriale 0000002495 | Taglio standard 40% per assenza distinta completa
HIST-ATOM-0000002480-E22/1253,STORICO-20220520-SPRAY,2022-05-20,,Spray Dryer,E22/1253,,ASDVLROB1400200A,"Valeriana radice estratto secco >=0,20%  acidi sesquiterpenici tot. calc. come acido valer",0.0,0,0,270.0,675.0,40.0,270.0,,,STORICO_GESTIONALE_ATOM | Seriale 0000002480 | Taglio standard 40% per assenza distinta completa
HIST-ATOM-0000002433-E22/1425,STORICO-20220516-SPRAY,2022-05-16,,Spray Dryer,E22/1425,,VSDCSSAC0820000A,"Senna foglia estratto secco >= 20,0%    idrossiantracen derivati calc. come sennoside B",0.0,0,0,200.0,500.0,40.0,200.0,,,STORICO_GESTIONALE_ATOM | Seriale 0000002433 | Taglio standard 40% per assenza distinta completa
HIST-ATOM-0000002432-E22/1450,STORICO-20220513-SPRAY,2022-05-13,,Spray Dryer,E22/1450,,ASDMLSOK0805000A,"Melissa foglia estratto secco >= 5,0%   tot idross. come acido rosmarinico (UV) BIO",0.0,0,0,58.0,145.0,40.0,58.0,,,STORICO_GESTIONALE_ATOM | Seriale 0000002432 | Taglio standard 40% per assenza distinta completa
HIST-ATOM-0000002415-E22/1389,STORICO-20220512-SPRAY,2022-05-12,,Spray Dryer,E22/1389,,SSDARCLC1400000A,Bardana radice estratto secco,0.0,0,0,229.24,573.1,40.0,229.24,,,STORICO_GESTIONALE_ATOM | Seriale 0000002415 | Taglio standard 40% per assenza distinta completa
HIST-ATOM-0000002390-E22/1380,STORICO-20220509-SPRAY,2022-05-09,,Spray Dryer,E22/1380,,SSDRSCNL01R0200A,Rosa canina frutti e. s. Locale D/E 2:1,0.0,0,0,136.32000000000002,340.8,40.00000000000001,136.32000000000002,,,STORICO_GESTIONALE_ATOM | Seriale 0000002390 | Taglio standard 40% per assenza distinta completa
HIST-ATOM-0000002380-E22/1393,STORICO-20220509-SPRAY,2022-05-09,,Spray Dryer,E22/1393,,VSDTROXC3200000A,Troxerutina,0.0,0,0,3.2,8.0,40.0,3.2,,,STORICO_GESTIONALE_ATOM | Seriale 0000002380 | Taglio standard 40% per assenza distinta completa
HIST-ATOM-0000002375-E22/1370,STORICO-20220506-SPRAY,2022-05-06,,Spray Dryer,E22/1370,,SSDTHYVB08R0400A,Timo -Bio- e.s. sommità,0.0,0,0,42.72,106.8,40.0,42.72,,,STORICO_GESTIONALE_ATOM | Seriale 0000002375 | Taglio standard 40% per assenza distinta completa
HIST-ATOM-0000002371-E22/1346,STORICO-20220506-SPRAY,2022-05-06,,Spray Dryer,E22/1346,,SSDRBSNC08R0300A,Ribes nero foglia estratto secco,0.0,0,0,228.08000000000004,570.2,40.0,228.08000000000004,,,STORICO_GESTIONALE_ATOM | Seriale 0000002371 | Taglio standard 40% per assenza distinta completa
HIST-ATOM-0000002352-E22/1348L,STORICO-20220505-SPRAY,2022-05-05,,Spray Dryer,E22/1348L,,SSDTNCPL07R0400A,Tanaceto Partenio erba fiorita e.s.     D/E 4:1 da filiera locale,0.0,0,0,191.0,477.5,40.0,191.0,,,STORICO_GESTIONALE_ATOM | Seriale 0000002352 | Taglio standard 40% per assenza distinta completa
HIST-ATOM-0000002250-E22/1252,STORICO-20220426-SPRAY,2022-04-26,,Spray Dryer,E22/1252,,ASDVLROB1400200A,"Valeriana radice estratto secco >=0,20%  acidi sesquiterpenici tot. calc. come acido valer",0.0,0,0,88.0,220.0,40.0,88.0,,,STORICO_GESTIONALE_ATOM | Seriale 0000002250 | Taglio standard 40% per assenza distinta completa
HIST-ATOM-0000002226-E22/1219,STORICO-20220421-SPRAY,2022-04-21,,Spray Dryer,E22/1219,,SSDASPOC14R0500A,Asparago radice estratto secco          D/E 4:1,0.0,0,0,203.12,507.8,40.0,203.12,,,STORICO_GESTIONALE_ATOM | Seriale 0000002226 | Taglio standard 40% per assenza distinta completa
HIST-ATOM-0000002221-E22/1228,STORICO-20220420-SPRAY,2022-04-20,,Spray Dryer,E22/1228,,SSDESCCC0702000A,"Escolzia erba estratto secco >=2,0%      flavonoidi tot. calc.come rutina",0.0,0,0,105.36,263.4,40.0,105.36,,,STORICO_GESTIONALE_ATOM | Seriale 0000002221 | Taglio standard 40% per assenza distinta completa
HIST-ATOM-0000002217-E22/1195,STORICO-20220420-SPRAY,2022-04-20,,Spray Dryer,E22/1195,,SSDTRGFC1700000A,Fieno greco seme estratto secco,0.0,0,0,149.88,374.7,40.0,149.88,,,STORICO_GESTIONALE_ATOM | Seriale 0000002217 | Taglio standard 40% per assenza distinta completa
HIST-ATOM-0000002180-E22/1182T,STORICO-20220415-SPRAY,2022-04-15,,Spray Dryer,E22/1182T,,SSDHLCIF04R0400A,ELICRISO fiori  da Filiera Certificata  ISO 22005,0.0,0,0,147.8,369.5,40.0,147.8,,,STORICO_GESTIONALE_ATOM | Seriale 0000002180 | Taglio standard 40% per assenza distinta completa
HIST-ATOM-0000002177-E22/1188T,STORICO-20220414-SPRAY,2022-04-14,,Spray Dryer,E22/1188T,,SSDMLSOF0804000A,"Melissa foglia e. s. >= 4,0%             ac. rosmarinico (HPLC) da Filiera Certificata ISO",0.0,0,0,126.0,315.0,40.0,126.0,,,STORICO_GESTIONALE_ATOM | Seriale 0000002177 | Taglio standard 40% per assenza distinta completa
HIST-ATOM-0000002167-E22/1180,STORICO-20220414-SPRAY,2022-04-14,,Spray Dryer,E22/1180,,SSDURTDC08R0200A,Ortica foglia estratto secco,0.0,0,0,177.76,444.4,40.0,177.76,,,STORICO_GESTIONALE_ATOM | Seriale 0000002167 | Taglio standard 40% per assenza distinta completa
HIST-ATOM-0000002127-E22/1085,STORICO-20220408-SPRAY,2022-04-08,,Spray Dryer,E22/1085,,SSDPSSIC0704000A,"Passiflora erba fiorita estr. secco >=  4,0 % flavonoidi tot. calc. come vitessina",0.0,0,0,140.0,350.0,40.0,140.0,,,STORICO_GESTIONALE_ATOM | Seriale 0000002127 | Taglio standard 40% per assenza distinta completa
HIST-ATOM-0000002098-E22/1032,STORICO-20220406-SPRAY,2022-04-06,,Spray Dryer,E22/1032,,SSDPPVRC38R0200A,Papavero Rosso fiore estratto secco,0.0,0,0,77.12,192.8,40.0,77.12,,,STORICO_GESTIONALE_ATOM | Seriale 0000002098 | Taglio standard 40% per assenza distinta completa
HIST-ATOM-0000002097-E22/1033,STORICO-20220406-SPRAY,2022-04-06,,Spray Dryer,E22/1033,,SSDFNCOC17R0200A,Finocchio dolce seme estratto secco,0.0,0,0,111.2,278.0,40.0,111.2,,,STORICO_GESTIONALE_ATOM | Seriale 0000002097 | Taglio standard 40% per assenza distinta completa
HIST-ATOM-0000002065-E22/1013,STORICO-20220404-SPRAY,2022-04-04,,Spray Dryer,E22/1013,,SSDEQSAC07R0300A,Equiseto erba estratto secco,0.0,0,0,91.2,228.0,40.0,91.2,,,STORICO_GESTIONALE_ATOM | Seriale 0000002065 | Taglio standard 40% per assenza distinta completa
HIST-ATOM-0000002063-E22/1016,STORICO-20220401-SPRAY,2022-04-01,,Spray Dryer,E22/1016,,SSDHRCPC0700000A,Pilosella Erba estratto secco,0.0,0,0,22.92,57.3,40.0,22.92,,,STORICO_GESTIONALE_ATOM | Seriale 0000002063 | Taglio standard 40% per assenza distinta completa
HIST-ATOM-0000002056-E22/1009,STORICO-20220401-SPRAY,2022-04-01,,Spray Dryer,E22/1009,,SSDHRCPC0700000A,Pilosella Erba estratto secco,0.0,0,0,37.12,92.8,40.0,37.12,,,STORICO_GESTIONALE_ATOM | Seriale 0000002056 | Taglio standard 40% per assenza distinta completa
HIST-ATOM-0000002043-E22/0961,STORICO-20220331-SPRAY,2022-03-31,,Spray Dryer,E22/0961,,SSDSPRUC34R0200A,Spirea erba estratto secco D/E 2:1,0.0,0,0,262.88000000000005,657.2,40.00000000000001,262.88000000000005,,,STORICO_GESTIONALE_ATOM | Seriale 0000002043 | Taglio standard 40% per assenza distinta completa
HIST-ATOM-0000002031-E22/0983,STORICO-20220330-SPRAY,2022-03-30,,Spray Dryer,E22/0983,,ASDTNCPC22R0200A,"Tanaceto erba fiorita estratto secco     >=0,1% partenolidi",0.0,0,0,42.0,105.0,40.0,42.0,,,STORICO_GESTIONALE_ATOM | Seriale 0000002031 | Taglio standard 40% per assenza distinta completa
HIST-ATOM-0000002023-E22/0975,STORICO-20220329-SPRAY,2022-03-29,,Spray Dryer,E22/0975,,SSDMLSOC0800800A,"Melissa foglia estratto secco >=0,8%    tot. idross. come acido rosmarinico (HPLC)",0.0,0,0,78.4,196.0,40.0,78.4,,,STORICO_GESTIONALE_ATOM | Seriale 0000002023 | Taglio standard 40% per assenza distinta completa
HIST-ATOM-0000002021-E22/0947,STORICO-20220329-SPRAY,2022-03-29,,Spray Dryer,E22/0947,,SSDMRNOC08R0400A,Moringa oleifera foglie estratto secco   4:1,0.0,0,0,44.92,112.3,40.0,44.92,,,STORICO_GESTIONALE_ATOM | Seriale 0000002021 | Taglio standard 40% per assenza distinta completa
HIST-ATOM-0000002020-E22/0936,STORICO-20220329-SPRAY,2022-03-29,,Spray Dryer,E22/0936,,SSDTRXOC14R0200A,Tarassaco radice estratto secco,0.0,0,0,167.76,419.4,40.0,167.76,,,STORICO_GESTIONALE_ATOM | Seriale 0000002020 | Taglio standard 40% per assenza distinta completa
HIST-ATOM-0000001993-E22/0935T,STORICO-20220325-SPRAY,2022-03-25,,Spray Dryer,E22/0935T,,SSDMLLOF34R0200A,Meliloto sommità e.s.                   da Filiera Certificata ISO 22005,0.0,0,0,128.48,321.2,40.0,128.48,,,STORICO_GESTIONALE_ATOM | Seriale 0000001993 | Taglio standard 40% per assenza distinta completa
HIST-ATOM-0000001992-E22/0925,STORICO-20220324-SPRAY,2022-03-24,,Spray Dryer,E22/0925,,SSDVTXAC05R0300A,Agnocasto frutto e.s.,0.0,0,0,64.4,161.0,40.0,64.4,,,STORICO_GESTIONALE_ATOM | Seriale 0000001992 | Taglio standard 40% per assenza distinta completa
HIST-ATOM-0000001974-E22/0892,STORICO-20220323-SPRAY,2022-03-23,,Spray Dryer,E22/0892,,SSDECLGC08R0200A,Eucalipto foglia estratto secco         D/E 2:1,0.0,0,0,137.6,344.0,40.0,137.6,,,STORICO_GESTIONALE_ATOM | Seriale 0000001974 | Taglio standard 40% per assenza distinta completa
HIST-ATOM-0000001970-E22/0910,STORICO-20220322-SPRAY,2022-03-22,,Spray Dryer,E22/0910,,SSDHRPPC1400500A,Artiglio del diavolo radice estratto secco >= 2.5% arpagodside,0.0,0,0,38.800000000000004,97.0,40.0,38.800000000000004,,,STORICO_GESTIONALE_ATOM | Seriale 0000001970 | Taglio standard 40% per assenza distinta completa
HIST-ATOM-0000001959-E22/0886L,STORICO-20220322-SPRAY,2022-03-22,,Spray Dryer,E22/0886L,,SSDBRSBC08R0300A,Broccoli foglia e.s.,0.0,0,0,195.4,488.5,40.0,195.4,,,STORICO_GESTIONALE_ATOM | Seriale 0000001959 | Taglio standard 40% per assenza distinta completa
HIST-ATOM-0000001951-E22/0679,STORICO-20220321-SPRAY,2022-03-21,,Spray Dryer,E22/0679,,SSDHMLLC09R0200A,Luppolo infioresc.estratto secco,0.0,0,0,254.51999999999998,636.3,40.0,254.51999999999998,,,STORICO_GESTIONALE_ATOM | Seriale 0000001951 | Taglio standard 40% per assenza distinta completa
HIST-ATOM-0000001948-E22/0653,STORICO-20220318-SPRAY,2022-03-18,,Spray Dryer,E22/0653,,SLCTRLC0500000A,VERDELIMON,0.0,0,0,186.60000000000002,466.5,40.0,186.60000000000002,,,STORICO_GESTIONALE_ATOM | Seriale 0000001948 | Taglio standard 40% per assenza distinta completa
HIST-ATOM-0000001934-E22/0562,STORICO-20220316-SPRAY,2022-03-16,,Spray Dryer,E22/0562,,SSDMLSPC05R0400A,Mela frutto e.s. D/E 4:1,0.0,0,0,319.56,798.9,40.0,319.56,,,STORICO_GESTIONALE_ATOM | Seriale 0000001934 | Taglio standard 40% per assenza distinta completa
HIST-ATOM-0000001929-E22/0652,STORICO-20220316-SPRAY,2022-03-16,,Spray Dryer,E22/0652,,VSDCTREC4300000A,RED ORANGE EXTRACT,0.0,0,0,264.0,660.0,40.0,264.0,,,STORICO_GESTIONALE_ATOM | Seriale 0000001929 | Taglio standard 40% per assenza distinta completa
HIST-ATOM-0000001927-E22/0776,STORICO-20220316-SPRAY,2022-03-16,,Spray Dryer,E22/0776,,SSDHMLLC0900500A,Luppolo infiorescenze estratto secco    >= 0.5% flavonoidi totali calc.come rutina,0.0,0,0,0.6400000000000001,1.6,40.00000000000001,0.6400000000000001,,,STORICO_GESTIONALE_ATOM | Seriale 0000001927 | Taglio standard 40% per assenza distinta completa
HIST-ATOM-0000001899-E22/0737,STORICO-20220314-SPRAY,2022-03-14,,Spray Dryer,E22/0737,,TSDCTRPC1750000A,"Pompelmo(paradisi) seme estratto secco  >= 50,0% bioflavonoidi calc.come esperidina",0.0,0,0,40.0,100.0,40.0,40.0,,,STORICO_GESTIONALE_ATOM | Seriale 0000001899 | Taglio standard 40% per assenza distinta completa
HIST-ATOM-0000001898-E22/0756,STORICO-20220311-SPRAY,2022-03-11,,Spray Dryer,E22/0756,,SSDPSSIC0704000A,"Passiflora erba fiorita estr. secco >=  4,0 % flavonoidi tot. calc. come vitessina",0.0,0,0,132.8,332.0,40.0,132.8,,,STORICO_GESTIONALE_ATOM | Seriale 0000001898 | Taglio standard 40% per assenza distinta completa
HIST-ATOM-0000001895-E22/0755,STORICO-20220311-SPRAY,2022-03-11,,Spray Dryer,E22/0755,,SSDMLSOC0805000A,"Melissa foglia e. s. acquoso >= 5,0%    derivati idrossicinnamici tot. calc.come acido ros",0.0,0,0,40.0,100.0,40.0,40.0,,,STORICO_GESTIONALE_ATOM | Seriale 0000001895 | Taglio standard 40% per assenza distinta completa
HIST-ATOM-0000001857-E22/0739,STORICO-20220310-SPRAY,2022-03-10,,Spray Dryer,E22/0739,,SSDHRCPC0700000A,Pilosella Erba estratto secco,0.0,0,0,25.72,64.3,40.0,25.72,,,STORICO_GESTIONALE_ATOM | Seriale 0000001857 | Taglio standard 40% per assenza distinta completa
HIST-ATOM-0000001853-E22/0736,STORICO-20220310-SPRAY,2022-03-10,,Spray Dryer,E22/0736,,SSDRHMFC0207000A,"Frangula corteccia estratto secco >=7,0%glucofranguline calcolate come glucofrangulina A",0.0,0,0,22.840000000000003,57.1,40.0,22.840000000000003,,,STORICO_GESTIONALE_ATOM | Seriale 0000001853 | Taglio standard 40% per assenza distinta completa
HIST-ATOM-0000001834-CA22/0042,STORICO-20220307-SPRAY,2022-03-07,,Spray Dryer,CA22/0042,,SSDTHYVB08R0400A,Timo -Bio- e.s. sommità,0.0,0,0,10.280000000000001,25.7,40.00000000000001,10.280000000000001,,,STORICO_GESTIONALE_ATOM | Seriale 0000001834 | Taglio standard 40% per assenza distinta completa
HIST-ATOM-0000001825-E22/0624,STORICO-20220304-SPRAY,2022-03-04,,Spray Dryer,E22/0624,,SSDRHMFC0207000A,"Frangula corteccia estratto secco >=7,0%glucofranguline calcolate come glucofrangulina A",0.0,0,0,76.67999999999999,191.7,40.0,76.67999999999999,,,STORICO_GESTIONALE_ATOM | Seriale 0000001825 | Taglio standard 40% per assenza distinta completa
HIST-ATOM-0000001818-E22/0600,STORICO-20220304-SPRAY,2022-03-04,,Spray Dryer,E22/0600,,SSDEQSAC07R0300A,Equiseto erba estratto secco,0.0,0,0,192.4,481.0,40.0,192.4,,,STORICO_GESTIONALE_ATOM | Seriale 0000001818 | Taglio standard 40% per assenza distinta completa
HIST-ATOM-0000001790-E22/0602,STORICO-20220303-SPRAY,2022-03-03,,Spray Dryer,E22/0602,,SSDILXPB0801000A,"Matè foglia Bio e. secco >=1,0% caffeinaPRODUCT FROM BIOLOGICAL AGRICOLTURE",0.0,0,0,277.6,694.0,40.0,277.6,,,STORICO_GESTIONALE_ATOM | Seriale 0000001790 | Taglio standard 40% per assenza distinta completa
HIST-ATOM-0000001779-E22/0475,STORICO-20220301-SPRAY,2022-03-01,,Spray Dryer,E22/0475,,SSDCSSAC08R0600A,Senna foglia estratto secco D/E 6:1     - < 3.0% idrossiantracen derivati,0.0,0,0,112.64000000000001,281.6,40.0,112.64000000000001,,,STORICO_GESTIONALE_ATOM | Seriale 0000001779 | Taglio standard 40% per assenza distinta completa
HIST-ATOM-0000001767-E22/0320,STORICO-20220228-SPRAY,2022-02-28,,Spray Dryer,E22/0320,,SSDORTSC08R0300A,Ortosiphon foglia estratto secco,0.0,0,0,218.8,547.0,40.0,218.8,,,STORICO_GESTIONALE_ATOM | Seriale 0000001767 | Taglio standard 40% per assenza distinta completa
HIST-ATOM-0000001725-E22/0522,STORICO-20220223-SPRAY,2022-02-23,,Spray Dryer,E22/0522,,VSDCSSAC0820000A,"Senna foglia estratto secco >= 20,0%    idrossiantracen derivati calc. come sennoside B",0.0,0,0,200.0,500.0,40.0,200.0,,,STORICO_GESTIONALE_ATOM | Seriale 0000001725 | Taglio standard 40% per assenza distinta completa
HIST-ATOM-0000001715-E22/0438,STORICO-20220221-SPRAY,2022-02-21,,Spray Dryer,E22/0438,,VSDCSSAC0820000A,"Senna foglia estratto secco >= 20,0%    idrossiantracen derivati calc. come sennoside B",0.0,0,0,400.0,1000.0,40.0,400.0,,,STORICO_GESTIONALE_ATOM | Seriale 0000001715 | Taglio standard 40% per assenza distinta completa
HIST-ATOM-0000001673-E22/0440,STORICO-20220217-SPRAY,2022-02-17,,Spray Dryer,E22/0440,,VSDHLNAC3200000A,LECITINA DI GIRASOLE POLVERE,0.0,0,0,180.66,451.65,40.0,180.66,,,STORICO_GESTIONALE_ATOM | Seriale 0000001673 | Taglio standard 40% per assenza distinta completa
HIST-ATOM-0000001637-E22/0368,STORICO-20220214-SPRAY,2022-02-14,,Spray Dryer,E22/0368,,TSDVCCMC0501000N,"Mirtillo nero frutto estr.secco >=1,0%  antocianosidi (antocianine) calc. come cianidin 3-",0.0,0,0,200.0,500.0,40.0,200.0,,,STORICO_GESTIONALE_ATOM | Seriale 0000001637 | Taglio standard 40% per assenza distinta completa
HIST-ATOM-0000001627-E22/0328,STORICO-20220211-SPRAY,2022-02-11,,Spray Dryer,E22/0328,,SLMLTDC3200000A,Maltodestrina gialla,0.0,0,0,592.6,1481.5,40.0,592.6,,,STORICO_GESTIONALE_ATOM | Seriale 0000001627 | Taglio standard 40% per assenza distinta completa
HIST-ATOM-0000001608-E22/0178,STORICO-20220209-SPRAY,2022-02-09,,Spray Dryer,E22/0178,,VGLMLTDC3200000A,Maltodestrina Caramellata,0.0,0,0,849.5600000000001,2123.9,40.0,849.5600000000001,,,STORICO_GESTIONALE_ATOM | Seriale 0000001608 | Taglio standard 40% per assenza distinta completa
HIST-ATOM-0000001602-E22/0325,STORICO-20220209-SPRAY,2022-02-09,,Spray Dryer,E22/0325,,VSDCTREC4300000A,RED ORANGE EXTRACT,0.0,0,0,213.0,532.5,40.0,213.0,,,STORICO_GESTIONALE_ATOM | Seriale 0000001602 | Taglio standard 40% per assenza distinta completa
HIST-ATOM-0000001601-E22/0326,STORICO-20220208-SPRAY,2022-02-08,,Spray Dryer,E22/0326,,SLCTRLC0500000A,VERDELIMON,0.0,0,0,96.80000000000001,242.0,40.0,96.80000000000001,,,STORICO_GESTIONALE_ATOM | Seriale 0000001601 | Taglio standard 40% per assenza distinta completa
HIST-ATOM-0000001594-E22/0316,STORICO-20220208-SPRAY,2022-02-08,,Spray Dryer,E22/0316,,SLMLTDC3200000A,Maltodestrina gialla,0.0,0,0,121.0,302.5,40.0,121.0,,,STORICO_GESTIONALE_ATOM | Seriale 0000001594 | Taglio standard 40% per assenza distinta completa
HIST-ATOM-0000001581-E22/0307,STORICO-20220207-SPRAY,2022-02-07,,Spray Dryer,E22/0307,,ASDMLSOC0812000N,"Melissa foglia estratto secco >=12,0%    derivati idrossicinnamici calc.come acido rosmari",0.0,0,0,80.0,200.0,40.0,80.0,,,STORICO_GESTIONALE_ATOM | Seriale 0000001581 | Taglio standard 40% per assenza distinta completa
HIST-ATOM-0000001576-E22/0179,STORICO-20220204-SPRAY,2022-02-04,,Spray Dryer,E22/0179,,SSDVTXAC05R0300A,Agnocasto frutto e.s.,0.0,0,0,42.800000000000004,107.0,40.0,42.800000000000004,,,STORICO_GESTIONALE_ATOM | Seriale 0000001576 | Taglio standard 40% per assenza distinta completa
HIST-ATOM-0000001575-E22/0293,STORICO-20220204-SPRAY,2022-02-04,,Spray Dryer,E22/0293,,VSDMDROC3200000A,MALTODESTRINA rossa,0.0,0,0,230.20000000000002,575.5,40.0,230.20000000000002,,,STORICO_GESTIONALE_ATOM | Seriale 0000001575 | Taglio standard 40% per assenza distinta completa
HIST-ATOM-0000001574-E22/0303,STORICO-20220204-SPRAY,2022-02-04,,Spray Dryer,E22/0303,,SSDFNCOC17R0200A,Finocchio dolce seme estratto secco,0.0,0,0,83.2,208.0,40.0,83.2,,,STORICO_GESTIONALE_ATOM | Seriale 0000001574 | Taglio standard 40% per assenza distinta completa
HIST-ATOM-0000001572-E22/0301,STORICO-20220204-SPRAY,2022-02-04,,Spray Dryer,E22/0301,,SSDPPVRC38R0200A,Papavero Rosso fiore estratto secco,0.0,0,0,93.12,232.8,40.0,93.12,,,STORICO_GESTIONALE_ATOM | Seriale 0000001572 | Taglio standard 40% per assenza distinta completa
HIST-ATOM-0000001569-E22/0239,STORICO-20220203-SPRAY,2022-02-03,,Spray Dryer,E22/0239,,SSDRBSNC08R0300A,Ribes nero foglia estratto secco,0.0,0,0,121.24000000000001,303.1,40.0,121.24000000000001,,,STORICO_GESTIONALE_ATOM | Seriale 0000001569 | Taglio standard 40% per assenza distinta completa
HIST-ATOM-0000001561-E22/0213,STORICO-20220202-SPRAY,2022-02-02,,Spray Dryer,E22/0213,,VSDTROXC3200000A,Troxerutina,0.0,0,0,263.96,659.9,40.0,263.96,,,STORICO_GESTIONALE_ATOM | Seriale 0000001561 | Taglio standard 40% per assenza distinta completa
HIST-ATOM-0000001560-E22/0214,STORICO-20220202-SPRAY,2022-02-02,,Spray Dryer,E22/0214,,VSDTROXC3200000A,Troxerutina,0.0,0,0,429.96000000000004,1074.9,40.0,429.96000000000004,,,STORICO_GESTIONALE_ATOM | Seriale 0000001560 | Taglio standard 40% per assenza distinta completa
HIST-ATOM-0000001492-E22/0204,STORICO-20220127-SPRAY,2022-01-27,,Spray Dryer,E22/0204,,TSDPPVRC04R0400A,Papavero Rosso fiore estratto secco D/E  4:1,0.0,0,0,20.0,50.0,40.0,20.0,,,STORICO_GESTIONALE_ATOM | Seriale 0000001492 | Taglio standard 40% per assenza distinta completa
HIST-ATOM-0000001430-E21/2757,STORICO-20220122-SPRAY,2022-01-22,,Spray Dryer,E21/2757,,VGLMLTDC3200000A,Maltodestrina Caramellata,0.0,0,0,296.94,742.35,40.0,296.94,,,STORICO_GESTIONALE_ATOM | Seriale 0000001430 | Taglio standard 40% per assenza distinta completa
HIST-ATOM-0000001429-E22/0033,STORICO-20220122-SPRAY,2022-01-22,,Spray Dryer,E22/0033,,TSDVCCMC0501000N,"Mirtillo nero frutto estr.secco >=1,0%  antocianosidi (antocianine) calc. come cianidin 3-",0.0,0,0,80.0,200.0,40.0,80.0,,,STORICO_GESTIONALE_ATOM | Seriale 0000001429 | Taglio standard 40% per assenza distinta completa
HIST-ATOM-0000001414-E22/0161,STORICO-20220121-SPRAY,2022-01-21,,Spray Dryer,E22/0161,,SSDHRCPC0700000A,Pilosella Erba estratto secco,0.0,0,0,20.72,51.8,40.0,20.72,,,STORICO_GESTIONALE_ATOM | Seriale 0000001414 | Taglio standard 40% per assenza distinta completa
HIST-ATOM-0000001409-E21/2716,STORICO-20220120-SPRAY,2022-01-20,,Spray Dryer,E21/2716,,VSDMDROC3200000A,MALTODESTRINA rossa,0.0,0,0,220.0,550.0,40.0,220.0,,,STORICO_GESTIONALE_ATOM | Seriale 0000001409 | Taglio standard 40% per assenza distinta completa
HIST-ATOM-0000001405-E22/0116,STORICO-20220120-SPRAY,2022-01-20,,Spray Dryer,E22/0116,,ASDHRPPC1401500P,"Artiglio del diavolo radice estratto    secco >=1,5% iridoidi totali calc. come arpagoside",0.0,0,0,400.0,1000.0,40.0,400.0,,,STORICO_GESTIONALE_ATOM | Seriale 0000001405 | Taglio standard 40% per assenza distinta completa
HIST-ATOM-0000001387-E22/0109,STORICO-20220118-SPRAY,2022-01-18,,Spray Dryer,E22/0109,,SSDECLGC08R0200A,Eucalipto foglia estratto secco         D/E 2:1,0.0,0,0,43.6,109.0,40.0,43.6,,,STORICO_GESTIONALE_ATOM | Seriale 0000001387 | Taglio standard 40% per assenza distinta completa
HIST-ATOM-0000001382-E22/0107,STORICO-20220118-SPRAY,2022-01-18,,Spray Dryer,E22/0107,,ASDRHMPC1405000A,"Rabarbaro radice estratto secco 5,0%",0.0,0,0,100.0,250.0,40.0,100.0,,,STORICO_GESTIONALE_ATOM | Seriale 0000001382 | Taglio standard 40% per assenza distinta completa
HIST-ATOM-0000001381-E22/0102,STORICO-20220118-SPRAY,2022-01-18,,Spray Dryer,E22/0102,,SSDRHMFC0207000A,"Frangula corteccia estratto secco >=7,0%glucofranguline calcolate come glucofrangulina A",0.0,0,0,6.68,16.7,40.0,6.68,,,STORICO_GESTIONALE_ATOM | Seriale 0000001381 | Taglio standard 40% per assenza distinta completa
HIST-ATOM-0000001331-E21/2739,STORICO-20211222-SPRAY,2021-12-22,,Spray Dryer,E21/2739,,SSDORTSC08R0300A,Ortosiphon foglia estratto secco,0.0,0,0,63.84,159.6,40.0,63.84,,,STORICO_GESTIONALE_ATOM | Seriale 0000001331 | Taglio standard 40% per assenza distinta completa
HIST-ATOM-0000001314-E21/2736T,STORICO-20211222-SPRAY,2021-12-22,,Spray Dryer,E21/2736T,,SSDECHSC07R0200A,Echinacea purpurea erba estratto secco,0.0,0,0,35.4,88.5,40.0,35.4,,,STORICO_GESTIONALE_ATOM | Seriale 0000001314 | Taglio standard 40% per assenza distinta completa
HIST-ATOM-0000001306-E21/2738,STORICO-20211221-SPRAY,2021-12-21,,Spray Dryer,E21/2738,,SSDPSSIC0704000A,"Passiflora erba fiorita estr. secco >=  4,0 % flavonoidi tot. calc. come vitessina",0.0,0,0,19.200000000000003,48.0,40.00000000000001,19.200000000000003,,,STORICO_GESTIONALE_ATOM | Seriale 0000001306 | Taglio standard 40% per assenza distinta completa
HIST-ATOM-0000001305-E21/2737L,STORICO-20211221-SPRAY,2021-12-21,,Spray Dryer,E21/2737L,,SSDMLSOL0801500A,Melissa foglia e. s. Locale  >=2%  acido rosmarinico (HPLC),0.0,0,0,103.08,257.7,40.0,103.08,,,STORICO_GESTIONALE_ATOM | Seriale 0000001305 | Taglio standard 40% per assenza distinta completa
HIST-ATOM-0000001301-E21/2715,STORICO-20211220-SPRAY,2021-12-20,,Spray Dryer,E21/2715,,TSDORTSC2200100A,Ortosifonide erba con fiori estratto     secco >=0.1%sinensetina,0.0,0,0,40.0,100.0,40.0,40.0,,,STORICO_GESTIONALE_ATOM | Seriale 0000001301 | Taglio standard 40% per assenza distinta completa
HIST-ATOM-0000001293-E21/2703T,STORICO-20211217-SPRAY,2021-12-17,,Spray Dryer,E21/2703T,,SSDSLNAF0500500A,SOLANRED® - estratto secco da frutto    fresco di Melanzana Rossa Lucana,0.0,0,0,7.2,18.0,40.0,7.2,,,STORICO_GESTIONALE_ATOM | Seriale 0000001293 | Taglio standard 40% per assenza distinta completa
HIST-ATOM-0000001292-E21/2704T,STORICO-20211217-SPRAY,2021-12-17,,Spray Dryer,E21/2704T,,SSDBRSBC08R0300A,Broccoli foglia e.s.,0.0,0,0,96.84,242.1,40.0,96.84,,,STORICO_GESTIONALE_ATOM | Seriale 0000001292 | Taglio standard 40% per assenza distinta completa
HIST-ATOM-0000001291-E21/2709,STORICO-20211217-SPRAY,2021-12-17,,Spray Dryer,E21/2709,,SSDHRPPC1400500A,Artiglio del diavolo radice estratto secco >= 2.5% arpagodside,0.0,0,0,83.52000000000001,208.8,40.0,83.52000000000001,,,STORICO_GESTIONALE_ATOM | Seriale 0000001291 | Taglio standard 40% per assenza distinta completa
HIST-ATOM-0000001280-E21/2691,STORICO-20211216-SPRAY,2021-12-16,,Spray Dryer,E21/2691,,ASDOLERC08R0400A,Olivo foglia estratto secco D/E 4:1,0.0,0,0,0.12,0.3,40.0,0.12,,,STORICO_GESTIONALE_ATOM | Seriale 0000001280 | Taglio standard 40% per assenza distinta completa
HIST-ATOM-0000001274-E21/2680,STORICO-20211216-SPRAY,2021-12-16,,Spray Dryer,E21/2680,,SSDHMLLC09R0200A,Luppolo infioresc.estratto secco,0.0,0,0,96.60000000000001,241.5,40.0,96.60000000000001,,,STORICO_GESTIONALE_ATOM | Seriale 0000001274 | Taglio standard 40% per assenza distinta completa
HIST-ATOM-0000001263-E21/2659,STORICO-20211215-SPRAY,2021-12-15,,Spray Dryer,E21/2659,,SSDVLTRC22R0200A,Viola tricolor erba fiorita estr.secco,0.0,0,0,86.56,216.4,40.0,86.56,,,STORICO_GESTIONALE_ATOM | Seriale 0000001263 | Taglio standard 40% per assenza distinta completa
HIST-ATOM-0000001246-E21/2640T,STORICO-20211214-SPRAY,2021-12-14,,Spray Dryer,E21/2640T,,SSDURTDF08R0400A,Ortica foglia estratto secco D/E 4:1    da Filiera Certificata ISO 22005,0.0,0,0,190.28,475.7,40.0,190.28,,,STORICO_GESTIONALE_ATOM | Seriale 0000001246 | Taglio standard 40% per assenza distinta completa
HIST-ATOM-0000001237-E21/2518,STORICO-20211213-SPRAY,2021-12-13,,Spray Dryer,E21/2518,,VSDCSSAC0820000A,"Senna foglia estratto secco >= 20,0%    idrossiantracen derivati calc. come sennoside B",0.0,0,0,400.0,1000.0,40.0,400.0,,,STORICO_GESTIONALE_ATOM | Seriale 0000001237 | Taglio standard 40% per assenza distinta completa
HIST-ATOM-0000001236-E21/2464,STORICO-20211213-SPRAY,2021-12-13,,Spray Dryer,E21/2464,,SSDTMRIC05R0200A,Tamarindo frutto estratto secco acquoso,0.0,0,0,236.8,592.0,40.0,236.8,,,STORICO_GESTIONALE_ATOM | Seriale 0000001236 | Taglio standard 40% per assenza distinta completa
HIST-ATOM-0000001213-E21/2564,STORICO-20211209-SPRAY,2021-12-09,,Spray Dryer,E21/2564,,VSDCTREC4300000A,RED ORANGE EXTRACT,0.0,0,0,207.32,518.3,40.0,207.32,,,STORICO_GESTIONALE_ATOM | Seriale 0000001213 | Taglio standard 40% per assenza distinta completa
HIST-ATOM-0000001185-E21/2536T,STORICO-20211203-SPRAY,2021-12-03,,Spray Dryer,E21/2536T,,SSDSLNAF0500500A,SOLANRED® - estratto secco da frutto    fresco di Melanzana Rossa Lucana,0.0,0,0,60.96000000000001,152.4,40.0,60.96000000000001,,,STORICO_GESTIONALE_ATOM | Seriale 0000001185 | Taglio standard 40% per assenza distinta completa
HIST-ATOM-0000001184-E21/2540,STORICO-20211203-SPRAY,2021-12-03,,Spray Dryer,E21/2540,,SSDHRPPC1400500A,Artiglio del diavolo radice estratto secco >= 2.5% arpagodside,0.0,0,0,225.0,562.5,40.0,225.0,,,STORICO_GESTIONALE_ATOM | Seriale 0000001184 | Taglio standard 40% per assenza distinta completa
HIST-ATOM-0000001176-E21/2527,STORICO-20211202-SPRAY,2021-12-02,,Spray Dryer,E21/2527,,SSDHMLLC09R0200A,Luppolo infioresc.estratto secco,0.0,0,0,90.60000000000001,226.5,40.0,90.60000000000001,,,STORICO_GESTIONALE_ATOM | Seriale 0000001176 | Taglio standard 40% per assenza distinta completa
HIST-ATOM-0000001170-E21/2529,STORICO-20211201-SPRAY,2021-12-01,,Spray Dryer,E21/2529,,SSDTRGFC1700000A,Fieno greco seme estratto secco,0.0,0,0,61.48,153.7,40.0,61.48,,,STORICO_GESTIONALE_ATOM | Seriale 0000001170 | Taglio standard 40% per assenza distinta completa
HIST-ATOM-0000001154-E21/2502,STORICO-20211130-SPRAY,2021-11-30,,Spray Dryer,E21/2502,,VSDMDROC3200000A,MALTODESTRINA rossa,0.0,0,0,416.84,1042.1,40.0,416.84,,,STORICO_GESTIONALE_ATOM | Seriale 0000001154 | Taglio standard 40% per assenza distinta completa
HIST-ATOM-0000001138-E21/2471,STORICO-20211126-SPRAY,2021-11-26,,Spray Dryer,E21/2471,,SSDRBSNC08R0300A,Ribes nero foglia estratto secco,0.0,0,0,94.80000000000001,237.0,40.0,94.80000000000001,,,STORICO_GESTIONALE_ATOM | Seriale 0000001138 | Taglio standard 40% per assenza distinta completa
HIST-ATOM-0000001108-E21/2378,STORICO-20211123-SPRAY,2021-11-23,,Spray Dryer,E21/2378,,SSDCNNZC02R0200A,Cannella corteccia estr. secco           D/E 2:1,0.0,0,0,97.72000000000001,244.3,40.0,97.72000000000001,,,STORICO_GESTIONALE_ATOM | Seriale 0000001108 | Taglio standard 40% per assenza distinta completa
HIST-ATOM-0000001097-E21/2442L,STORICO-20211122-SPRAY,2021-11-22,,Spray Dryer,E21/2442L,,SSDHLCIL04R0200A,Elicriso erba fiorita e. secco Locale,0.0,0,0,219.20000000000002,548.0,40.0,219.20000000000002,,,STORICO_GESTIONALE_ATOM | Seriale 0000001097 | Taglio standard 40% per assenza distinta completa
HIST-ATOM-0000001095-E21/2456,STORICO-20211122-SPRAY,2021-11-22,,Spray Dryer,E21/2456,,SSDPTYOC02R0400A,Muira Puama corteccia estratto secco    D/E 4:1,0.0,0,0,69.4,173.5,40.0,69.4,,,STORICO_GESTIONALE_ATOM | Seriale 0000001095 | Taglio standard 40% per assenza distinta completa
HIST-ATOM-0000001093-E21/2441,STORICO-20211119-SPRAY,2021-11-19,,Spray Dryer,E21/2441,,VSDCTREC4300000A,RED ORANGE EXTRACT,0.0,0,0,313.12,782.8,40.0,313.12,,,STORICO_GESTIONALE_ATOM | Seriale 0000001093 | Taglio standard 40% per assenza distinta completa
HIST-ATOM-0000001012-E21/2214,STORICO-20211116-SPRAY,2021-11-16,,Spray Dryer,E21/2214,,SSDBTLAC08R0400A,Betulla FOGLIE e.s. solubile            per  DECOZIONE D/E 3-4:1,0.0,0,0,200.0,500.0,40.0,200.0,,,STORICO_GESTIONALE_ATOM | Seriale 0000001012 | Taglio standard 40% per assenza distinta completa
HIST-ATOM-0000000997-E21/2373T,STORICO-20211112-SPRAY,2021-11-12,,Spray Dryer,E21/2373T,,SSDGRNRF2200000A,GRINDELIA ERBA FIORITA E.S.              FILIERA CERTIFICATA ISO 22005,0.0,0,0,63.400000000000006,158.5,40.0,63.400000000000006,,,STORICO_GESTIONALE_ATOM | Seriale 0000000997 | Taglio standard 40% per assenza distinta completa
HIST-ATOM-0000000996-E21/2374,STORICO-20211112-SPRAY,2021-11-12,,Spray Dryer,E21/2374,,SSDURTDC08R0200A,Ortica foglia estratto secco,0.0,0,0,46.72,116.8,40.0,46.72,,,STORICO_GESTIONALE_ATOM | Seriale 0000000996 | Taglio standard 40% per assenza distinta completa
HIST-ATOM-0000000986-E21/2098,STORICO-20211103-SPRAY,2021-11-03,,Spray Dryer,E21/2098,,SSDARCLC14R0400A,Bardana radice estratto secco           D/E 4:1,0.0,0,0,364.0,910.0,40.0,364.0,,,STORICO_GESTIONALE_ATOM | Seriale 0000000986 | Taglio standard 40% per assenza distinta completa
HIST-ATOM-0000000973-E21/2237,STORICO-20211103-SPRAY,2021-11-03,,Spray Dryer,E21/2237,,VSDCTREC4300000A,RED ORANGE EXTRACT,0.0,0,0,272.0,680.0,40.0,272.0,,,STORICO_GESTIONALE_ATOM | Seriale 0000000973 | Taglio standard 40% per assenza distinta completa
HIST-ATOM-0000000963-E21/2262,STORICO-20211103-SPRAY,2021-11-03,,Spray Dryer,E21/2262,,SSDEQSAC07R0300A,Equiseto erba estratto secco,0.0,0,0,131.32000000000002,328.3,40.00000000000001,131.32000000000002,,,STORICO_GESTIONALE_ATOM | Seriale 0000000963 | Taglio standard 40% per assenza distinta completa
HIST-ATOM-0000000962-E21/2272L,STORICO-20211103-SPRAY,2021-11-03,,Spray Dryer,E21/2272L,,SSDTHYVL34R0400A,Timo sommità e.s. Locale,0.0,0,0,27.560000000000002,68.9,40.0,27.560000000000002,,,STORICO_GESTIONALE_ATOM | Seriale 0000000962 | Taglio standard 40% per assenza distinta completa
HIST-ATOM-0000000961-E21/2265,STORICO-20211103-SPRAY,2021-11-03,,Spray Dryer,E21/2265,,TSDVCCMC0501000N,"Mirtillo nero frutto estr.secco >=1,0%  antocianosidi (antocianine) calc. come cianidin 3-",0.0,0,0,30.0,75.0,40.0,30.0,,,STORICO_GESTIONALE_ATOM | Seriale 0000000961 | Taglio standard 40% per assenza distinta completa
HIST-ATOM-0000000957-E21/2215,STORICO-20211103-SPRAY,2021-11-03,,Spray Dryer,E21/2215,,SSDRBSNC08R0300A,Ribes nero foglia estratto secco,0.0,0,0,193.72000000000003,484.3,40.0,193.72000000000003,,,STORICO_GESTIONALE_ATOM | Seriale 0000000957 | Taglio standard 40% per assenza distinta completa
HIST-ATOM-0000000949-E21/2307T,STORICO-20211103-SPRAY,2021-11-03,,Spray Dryer,E21/2307T,,SSDPNCMF17R0200A,Miglio seme estratto secco              da Filiera Certificata ISO 22005,0.0,0,0,80.92000000000002,202.3,40.00000000000001,80.92000000000002,,,STORICO_GESTIONALE_ATOM | Seriale 0000000949 | Taglio standard 40% per assenza distinta completa
HIST-ATOM-0000000942-E21/2271,STORICO-20211103-SPRAY,2021-11-03,,Spray Dryer,E21/2271,,VSDMDROC3200000A,MALTODESTRINA rossa,0.0,0,0,217.0,542.5,40.0,217.0,,,STORICO_GESTIONALE_ATOM | Seriale 0000000942 | Taglio standard 40% per assenza distinta completa
HIST-ATOM-0000000913-E21/2057,STORICO-20211103-SPRAY,2021-11-03,,Spray Dryer,E21/2057,,SSDDSMAC08R0200A,Desmodio foglia e.s.,0.0,0,0,223.8,559.5,40.0,223.8,,,STORICO_GESTIONALE_ATOM | Seriale 0000000913 | Taglio standard 40% per assenza distinta completa
HIST-ATOM-0000000899-E21/2056,STORICO-20211103-SPRAY,2021-11-03,,Spray Dryer,E21/2056,,SSDCTRGC1700000A,Pompelmo seme estratto secco,0.0,0,0,295.28000000000003,738.2,40.0,295.28000000000003,,,STORICO_GESTIONALE_ATOM | Seriale 0000000899 | Taglio standard 40% per assenza distinta completa
HIST-ATOM-0000000898-E21/2115,STORICO-20211103-SPRAY,2021-11-03,,Spray Dryer,E21/2115,,SSDCTRGC1700000A,Pompelmo seme estratto secco,0.0,0,0,301.08000000000004,752.7,40.0,301.08000000000004,,,STORICO_GESTIONALE_ATOM | Seriale 0000000898 | Taglio standard 40% per assenza distinta completa
HIST-ATOM-0000000897-E21/2312,STORICO-20211109-SPRAY,2021-11-09,,Spray Dryer,E21/2312,,SSDORTSC08R0300A,Ortosiphon foglia estratto secco,0.0,0,0,196.0,490.0,40.0,196.0,,,STORICO_GESTIONALE_ATOM | Seriale 0000000897 | Taglio standard 40% per assenza distinta completa
HIST-ATOM-0000000802-E21/2055,STORICO-20211014-SPRAY,2021-10-14,,Spray Dryer,E21/2055,,SSDARCLC14R0400A,Bardana radice estratto secco           D/E 4:1,0.0,0,0,488.8,1222.0,40.0,488.8,,,STORICO_GESTIONALE_ATOM | Seriale 0000000802 | Taglio standard 40% per assenza distinta completa
HIST-ATOM-0000000767-E21/2038,STORICO-20211011-SPRAY,2021-10-11,,Spray Dryer,E21/2038,,VSDCSSAC0820000A,"Senna foglia estratto secco >= 20,0%    idrossiantracen derivati calc. come sennoside B",0.0,0,0,400.0,1000.0,40.0,400.0,,,STORICO_GESTIONALE_ATOM | Seriale 0000000767 | Taglio standard 40% per assenza distinta completa
HIST-ATOM-0000000746-E21/2083,STORICO-20211008-SPRAY,2021-10-08,,Spray Dryer,E21/2083,,SSDMLSOC0805000A,"Melissa foglia e. s. acquoso >= 5,0%    derivati idrossicinnamici tot. calc.come acido ros",0.0,0,0,88.0,220.0,40.0,88.0,,,STORICO_GESTIONALE_ATOM | Seriale 0000000746 | Taglio standard 40% per assenza distinta completa
HIST-ATOM-0000000743-E21/2075,STORICO-20211008-SPRAY,2021-10-08,,Spray Dryer,E21/2075,,SSDRHMFC0207000A,"Frangula corteccia estratto secco >=7,0%glucofranguline calcolate come glucofrangulina A",0.0,0,0,97.48,243.7,40.0,97.48,,,STORICO_GESTIONALE_ATOM | Seriale 0000000743 | Taglio standard 40% per assenza distinta completa
HIST-ATOM-0000000718-E21/2040,STORICO-20211005-SPRAY,2021-10-05,,Spray Dryer,E21/2040,,VSDCTREC4300000A,RED ORANGE EXTRACT,0.0,0,0,42.080000000000005,105.2,40.0,42.080000000000005,,,STORICO_GESTIONALE_ATOM | Seriale 0000000718 | Taglio standard 40% per assenza distinta completa
HIST-ATOM-0000000688-E21/2016,STORICO-20210930-SPRAY,2021-09-30,,Spray Dryer,E21/2016,,SSDPSSIC0704000A,"Passiflora erba fiorita estr. secco >=  4,0 % flavonoidi tot. calc. come vitessina",0.0,0,0,76.76,191.9,40.0,76.76,,,STORICO_GESTIONALE_ATOM | Seriale 0000000688 | Taglio standard 40% per assenza distinta completa
HIST-ATOM-0000000680-E21/1983,STORICO-20210929-SPRAY,2021-09-29,,Spray Dryer,E21/1983,,TSDVCCMC0501000N,"Mirtillo nero frutto estr.secco >=1,0%  antocianosidi (antocianine) calc. come cianidin 3-",0.0,0,0,100.0,250.0,40.0,100.0,,,STORICO_GESTIONALE_ATOM | Seriale 0000000680 | Taglio standard 40% per assenza distinta completa
HIST-ATOM-0000000679-E21/1982T,STORICO-20210929-SPRAY,2021-09-29,,Spray Dryer,E21/1982T,,SSDSLNAF0500500A,SOLANRED® - estratto secco da frutto    fresco di Melanzana Rossa Lucana,0.0,0,0,102.56,256.4,40.0,102.56,,,STORICO_GESTIONALE_ATOM | Seriale 0000000679 | Taglio standard 40% per assenza distinta completa
HIST-ATOM-0000000667-E21/1981,STORICO-20210927-SPRAY,2021-09-27,,Spray Dryer,E21/1981,,SSDHRPPB1401000A,"Artiglio del diavolo radice estratto    secco >=1,0% arpagoside (>=1,5% iridoidi totali -",0.0,0,0,5.2,13.0,40.0,5.2,,,STORICO_GESTIONALE_ATOM | Seriale 0000000667 | Taglio standard 40% per assenza distinta completa
HIST-ATOM-0000000666-E21/1980,STORICO-20210924-SPRAY,2021-09-24,,Spray Dryer,E21/1980,,SSDRHMFC0207000A,"Frangula corteccia estratto secco >=7,0%glucofranguline calcolate come glucofrangulina A",0.0,0,0,101.2,253.0,40.0,101.2,,,STORICO_GESTIONALE_ATOM | Seriale 0000000666 | Taglio standard 40% per assenza distinta completa
HIST-ATOM-0000000665-E21/1958,STORICO-20210924-SPRAY,2021-09-24,,Spray Dryer,E21/1958,,SSDECHSC07R0200A,Echinacea purpurea erba estratto secco,0.0,0,0,69.2,173.0,40.0,69.2,,,STORICO_GESTIONALE_ATOM | Seriale 0000000665 | Taglio standard 40% per assenza distinta completa
HIST-ATOM-0000000651-E21/1924,STORICO-20210923-SPRAY,2021-09-23,,Spray Dryer,E21/1924,,VSDMDROC3200000A,MALTODESTRINA rossa,0.0,0,0,215.20000000000002,538.0,40.0,215.20000000000002,,,STORICO_GESTIONALE_ATOM | Seriale 0000000651 | Taglio standard 40% per assenza distinta completa
HIST-ATOM-0000000634-E21/1943,STORICO-20210922-SPRAY,2021-09-22,,Spray Dryer,E21/1943,,ASDPNCGC4000000A,Dermogranate dry extract,0.0,0,0,30.8,77.0,40.0,30.8,,,STORICO_GESTIONALE_ATOM | Seriale 0000000634 | Taglio standard 40% per assenza distinta completa
HIST-ATOM-0000000619-E21/1923,STORICO-20210920-SPRAY,2021-09-20,,Spray Dryer,E21/1923,,TSDVCCMC0501000N,"Mirtillo nero frutto estr.secco >=1,0%  antocianosidi (antocianine) calc. come cianidin 3-",0.0,0,0,60.0,150.0,40.0,60.0,,,STORICO_GESTIONALE_ATOM | Seriale 0000000619 | Taglio standard 40% per assenza distinta completa
HIST-ATOM-0000000607-E21/1895T,STORICO-20210917-SPRAY,2021-09-17,,Spray Dryer,E21/1895T,,SSDMDCSF22R0400A,Erba Medica erba fiorita  e.s.          da Filiera Certificata ISO 22005,0.0,0,0,290.48,726.2,40.0,290.48,,,STORICO_GESTIONALE_ATOM | Seriale 0000000607 | Taglio standard 40% per assenza distinta completa
HIST-ATOM-0000000584-E21/1888L,STORICO-20210914-SPRAY,2021-09-14,,Spray Dryer,E21/1888L,,SSDPSSIL51R1000A,Passiflora erba da droga fresca e.s.    D/E 10:1 da filiera locale,0.0,0,0,25.6,64.0,40.0,25.6,,,STORICO_GESTIONALE_ATOM | Seriale 0000000584 | Taglio standard 40% per assenza distinta completa
HIST-ATOM-0000000564-E21/1861T,STORICO-20210910-SPRAY,2021-09-10,,Spray Dryer,E21/1861T,,SSDMLSOF51R1000A,Melissa foglia da droga fresca e.s. 10:1 da Filiera Certificata ISO 22005,0.0,0,0,21.12,52.8,40.0,21.12,,,STORICO_GESTIONALE_ATOM | Seriale 0000000564 | Taglio standard 40% per assenza distinta completa
HIST-ATOM-0000000560-E21/1853,STORICO-20210909-SPRAY,2021-09-09,,Spray Dryer,E21/1853,,SSDLYCBC05R0400A,Goji frutto estratto secco solubile D/E  4:1,0.0,0,0,57.2,143.0,40.0,57.2,,,STORICO_GESTIONALE_ATOM | Seriale 0000000560 | Taglio standard 40% per assenza distinta completa
HIST-ATOM-0000000555-E21/1844T,STORICO-20210909-SPRAY,2021-09-09,,Spray Dryer,E21/1844T,,SSDSLNAF0500500A,SOLANRED® - estratto secco da frutto    fresco di Melanzana Rossa Lucana,0.0,0,0,52.56,131.4,40.0,52.56,,,STORICO_GESTIONALE_ATOM | Seriale 0000000555 | Taglio standard 40% per assenza distinta completa
HIST-ATOM-0000000554-E21/1846T,STORICO-20210909-SPRAY,2021-09-09,,Spray Dryer,E21/1846T,,SSDSLNAF0500500A,SOLANRED® - estratto secco da frutto    fresco di Melanzana Rossa Lucana,0.0,0,0,7.2,18.0,40.0,7.2,,,STORICO_GESTIONALE_ATOM | Seriale 0000000554 | Taglio standard 40% per assenza distinta completa
HIST-ATOM-0000000549-E21/1838,STORICO-20210908-SPRAY,2021-09-08,,Spray Dryer,E21/1838,,SSDALTOC14R0200A,Altea radice estratto secco,0.0,0,0,162.28,405.7,40.0,162.28,,,STORICO_GESTIONALE_ATOM | Seriale 0000000549 | Taglio standard 40% per assenza distinta completa
HIST-ATOM-0000000523-E21/1818T,STORICO-20210906-SPRAY,2021-09-06,,Spray Dryer,E21/1818T,,SSDSLNAF0500500A,SOLANRED® - estratto secco da frutto    fresco di Melanzana Rossa Lucana,0.0,0,0,201.20000000000002,503.0,40.0,201.20000000000002,,,STORICO_GESTIONALE_ATOM | Seriale 0000000523 | Taglio standard 40% per assenza distinta completa
HIST-ATOM-0000000521-E21/1804,STORICO-20210906-SPRAY,2021-09-06,,Spray Dryer,E21/1804,,SSDPNCMC17R0200A,Miglio semi estratto secco,0.0,0,0,191.20000000000002,478.0,40.0,191.20000000000002,,,STORICO_GESTIONALE_ATOM | Seriale 0000000521 | Taglio standard 40% per assenza distinta completa
HIST-ATOM-0000000510-E21/1797,STORICO-20210902-SPRAY,2021-09-02,,Spray Dryer,E21/1797,,SSDTRNAC08R0400A,Damiana foglia estratto secco D/E 4:1,0.0,0,0,76.32000000000001,190.8,40.0,76.32000000000001,,,STORICO_GESTIONALE_ATOM | Seriale 0000000510 | Taglio standard 40% per assenza distinta completa
HIST-ATOM-0000000474-E21/1748,STORICO-20210830-SPRAY,2021-08-30,,Spray Dryer,E21/1748,,SSDRBSIC05R0400A,Lampone frutto estratto secco D/E 4:1,0.0,0,0,66.8,167.0,40.0,66.8,,,STORICO_GESTIONALE_ATOM | Seriale 0000000474 | Taglio standard 40% per assenza distinta completa
HIST-ATOM-0000000438-E21/1723,STORICO-20210826-SPRAY,2021-08-26,,Spray Dryer,E21/1723,,SSDLYCBC05R0400A,Goji frutto estratto secco solubile D/E  4:1,0.0,0,0,135.0,337.5,40.0,135.0,,,STORICO_GESTIONALE_ATOM | Seriale 0000000438 | Taglio standard 40% per assenza distinta completa
HIST-ATOM-0000000419-E21/1712,STORICO-20210825-SPRAY,2021-08-25,,Spray Dryer,E21/1712,,SSDVTSTC08R0200A,Vite rossa foglia e.s.                  D/E 4:1,0.0,0,0,95.12,237.8,40.0,95.12,,,STORICO_GESTIONALE_ATOM | Seriale 0000000419 | Taglio standard 40% per assenza distinta completa
HIST-ATOM-0000000418-E21/1700,STORICO-20210825-SPRAY,2021-08-25,,Spray Dryer,E21/1700,,SLMLTDC3200000A,Maltodestrina gialla,0.0,0,0,199.0,497.5,40.0,199.0,,,STORICO_GESTIONALE_ATOM | Seriale 0000000418 | Taglio standard 40% per assenza distinta completa
HIST-ATOM-0000000409-E21/1414,STORICO-20210824-SPRAY,2021-08-24,,Spray Dryer,E21/1414,,TSDVCCMC0501000N,"Mirtillo nero frutto estr.secco >=1,0%  antocianosidi (antocianine) calc. come cianidin 3-",0.0,0,0,70.0,175.0,40.0,70.0,,,STORICO_GESTIONALE_ATOM | Seriale 0000000409 | Taglio standard 40% per assenza distinta completa
HIST-ATOM-0000000408-E21/1696,STORICO-20210824-SPRAY,2021-08-24,,Spray Dryer,E21/1696,,TSDVCCMC0501000N,"Mirtillo nero frutto estr.secco >=1,0%  antocianosidi (antocianine) calc. come cianidin 3-",0.0,0,0,123.12,307.8,40.0,123.12,,,STORICO_GESTIONALE_ATOM | Seriale 0000000408 | Taglio standard 40% per assenza distinta completa
HIST-ATOM-0000000405-E21/1695,STORICO-20210823-SPRAY,2021-08-23,,Spray Dryer,E21/1695,,TSDVCCMC0501000N,"Mirtillo nero frutto estr.secco >=1,0%  antocianosidi (antocianine) calc. come cianidin 3-",0.0,0,0,50.0,125.0,40.0,50.0,,,STORICO_GESTIONALE_ATOM | Seriale 0000000405 | Taglio standard 40% per assenza distinta completa
HIST-ATOM-0000000403-E21/1694,STORICO-20210805-SPRAY,2021-08-05,,Spray Dryer,E21/1694,,VSDMDROC3200000A,MALTODESTRINA rossa,0.0,0,0,143.6,359.0,40.0,143.6,,,STORICO_GESTIONALE_ATOM | Seriale 0000000403 | Taglio standard 40% per assenza distinta completa
HIST-ATOM-0000000402-E21/1680T,STORICO-20210804-SPRAY,2021-08-04,,Spray Dryer,E21/1680T,,SSDMNTPF08R0200A,Menta Piperita  e.s. da Filiera         Certificata ISO 22005,0.0,0,0,92.4,231.0,40.0,92.4,,,STORICO_GESTIONALE_ATOM | Seriale 0000000402 | Taglio standard 40% per assenza distinta completa
HIST-ATOM-0000000396-E21/1679L,STORICO-20210803-SPRAY,2021-08-03,,Spray Dryer,E21/1679L,,SSDPHSVL12R0200A,Fagiolo baccello e.s. Locale,0.0,0,0,96.0,240.0,40.0,96.0,,,STORICO_GESTIONALE_ATOM | Seriale 0000000396 | Taglio standard 40% per assenza distinta completa
HIST-ATOM-0000000394-E21/1674,STORICO-20210803-SPRAY,2021-08-03,,Spray Dryer,E21/1674,,TSDORTSC2200100A,Ortosifonide erba con fiori estratto     secco >=0.1%sinensetina,0.0,0,0,72.0,180.0,40.0,72.0,,,STORICO_GESTIONALE_ATOM | Seriale 0000000394 | Taglio standard 40% per assenza distinta completa
HIST-ATOM-0000000393-E21/1676,STORICO-20210803-SPRAY,2021-08-03,,Spray Dryer,E21/1676,,SSDABSAC3700000A,ABETE BIANCO LEGNO E.S.,0.0,0,0,8.0,20.0,40.0,8.0,,,STORICO_GESTIONALE_ATOM | Seriale 0000000393 | Taglio standard 40% per assenza distinta completa
HIST-ATOM-0000000391-E21/1669,STORICO-20210803-SPRAY,2021-08-03,,Spray Dryer,E21/1669,,ASDMLSOC0812000N,"Melissa foglia estratto secco >=12,0%    derivati idrossicinnamici calc.come acido rosmari",0.0,0,0,176.0,440.0,40.0,176.0,,,STORICO_GESTIONALE_ATOM | Seriale 0000000391 | Taglio standard 40% per assenza distinta completa
HIST-ATOM-0000000390-E21/1672L,STORICO-20210803-SPRAY,2021-08-03,,Spray Dryer,E21/1672L,,SSDSLVOL0801000A,Salvia foglia e.s. Locale              >= 1.0% ac. rosmarinico,0.0,0,0,122.80000000000001,307.0,40.0,122.80000000000001,,,STORICO_GESTIONALE_ATOM | Seriale 0000000390 | Taglio standard 40% per assenza distinta completa
HIST-ATOM-0000000389-E21/1670,STORICO-20210803-SPRAY,2021-08-03,,Spray Dryer,E21/1670,,TSDMLSOC0804000A,"Melissa foglia estratto secco >= 4,0%   acido rosmarinico (UV)",0.0,0,0,154.88,387.2,40.0,154.88,,,STORICO_GESTIONALE_ATOM | Seriale 0000000389 | Taglio standard 40% per assenza distinta completa
HIST-ATOM-0000000388-E21/1672L,STORICO-20210802-SPRAY,2021-08-02,,Spray Dryer,E21/1672L,,SSDSLVOL0801000A,Salvia foglia e.s. Locale              >= 1.0% ac. rosmarinico,0.0,0,0,129.4,323.5,40.0,129.4,,,STORICO_GESTIONALE_ATOM | Seriale 0000000388 | Taglio standard 40% per assenza distinta completa
HIST-ATOM-0000000379-E21/1605,STORICO-20210802-SPRAY,2021-08-02,,Spray Dryer,E21/1605,,SSDSPRUC34R0200A,Spirea erba estratto secco D/E 2:1,0.0,0,0,385.04,962.6,40.0,385.04,,,STORICO_GESTIONALE_ATOM | Seriale 0000000379 | Taglio standard 40% per assenza distinta completa
HIST-ATOM-0000000369-E21/1655,STORICO-20210728-SPRAY,2021-07-28,,Spray Dryer,E21/1655,,SSDHRPPC1400500A,Artiglio del diavolo radice estratto secco >= 2.5% arpagodside,0.0,0,0,114.0,285.0,40.0,114.0,,,STORICO_GESTIONALE_ATOM | Seriale 0000000369 | Taglio standard 40% per assenza distinta completa
HIST-ATOM-0000000335-E21/1592,STORICO-20210722-SPRAY,2021-07-22,,Spray Dryer,E21/1592,,VSDCTREC4300000A,RED ORANGE EXTRACT,0.0,0,0,98.28,245.7,40.0,98.28,,,STORICO_GESTIONALE_ATOM | Seriale 0000000335 | Taglio standard 40% per assenza distinta completa
HIST-ATOM-0000000306-E21/1558,STORICO-20210719-SPRAY,2021-07-19,,Spray Dryer,E21/1558,,SSDESCCC0702000A,"Escolzia erba estratto secco >=2,0%      flavonoidi tot. calc.come rutina",0.0,0,0,59.48,148.7,40.0,59.48,,,STORICO_GESTIONALE_ATOM | Seriale 0000000306 | Taglio standard 40% per assenza distinta completa
HIST-ATOM-0000000299-E21/1366,STORICO-20210716-SPRAY,2021-07-16,,Spray Dryer,E21/1366,,VSDCSSAC0820000A,"Senna foglia estratto secco >= 20,0%    idrossiantracen derivati calc. come sennoside B",0.0,0,0,194.4,486.0,40.0,194.4,,,STORICO_GESTIONALE_ATOM | Seriale 0000000299 | Taglio standard 40% per assenza distinta completa
HIST-ATOM-0000000287-E21/1524,STORICO-20210714-SPRAY,2021-07-14,,Spray Dryer,E21/1524,,TSDCTRPC1750000A,"Pompelmo(paradisi) seme estratto secco  >= 50,0% bioflavonoidi calc.come esperidina",0.0,0,0,124.80000000000001,312.0,40.0,124.80000000000001,,,STORICO_GESTIONALE_ATOM | Seriale 0000000287 | Taglio standard 40% per assenza distinta completa
HIST-ATOM-0000000283-E21/1511,STORICO-20210713-SPRAY,2021-07-13,,Spray Dryer,E21/1511,,SSDECHUC14R0200A,Echinacea purpurea radice estratto secco,0.0,0,0,48.0,120.0,40.0,48.0,,,STORICO_GESTIONALE_ATOM | Seriale 0000000283 | Taglio standard 40% per assenza distinta completa
HIST-ATOM-0000000282-E21/1503,STORICO-20210713-SPRAY,2021-07-13,,Spray Dryer,E21/1503,,SSDARCLC1400000A,Bardana radice estratto secco,0.0,0,0,200.0,500.0,40.0,200.0,,,STORICO_GESTIONALE_ATOM | Seriale 0000000282 | Taglio standard 40% per assenza distinta completa
HIST-ATOM-0000000264-E21/1492,STORICO-20210709-SPRAY,2021-07-09,,Spray Dryer,E21/1492,,SSDSMBNC24R0200A,Sambuco fiore e foglia e. s. D/E 2:1,0.0,0,0,200.0,500.0,40.0,200.0,,,STORICO_GESTIONALE_ATOM | Seriale 0000000264 | Taglio standard 40% per assenza distinta completa
HIST-ATOM-0000000252-E21/1459,STORICO-20210709-SPRAY,2021-07-09,,Spray Dryer,E21/1459,,ASDHRPPC1401500P,"Artiglio del diavolo radice estratto    secco >=1,5% iridoidi totali calc. come arpagoside",0.0,0,0,288.2,720.5,40.0,288.2,,,STORICO_GESTIONALE_ATOM | Seriale 0000000252 | Taglio standard 40% per assenza distinta completa
HIST-ATOM-0000000244-E21/1366,STORICO-20210708-SPRAY,2021-07-08,,Spray Dryer,E21/1366,,VSDCSSAC0820000A,"Senna foglia estratto secco >= 20,0%    idrossiantracen derivati calc. come sennoside B",0.0,0,0,183.28,458.2,40.0,183.28,,,STORICO_GESTIONALE_ATOM | Seriale 0000000244 | Taglio standard 40% per assenza distinta completa
HIST-ATOM-0000000219-E21/1437,STORICO-20210706-SPRAY,2021-07-06,,Spray Dryer,E21/1437,,ASDPNCGC4000000A,Dermogranate dry extract,0.0,0,0,21.8,54.5,40.0,21.8,,,STORICO_GESTIONALE_ATOM | Seriale 0000000219 | Taglio standard 40% per assenza distinta completa
HIST-ATOM-0000000179-E21/1371,STORICO-20210624-SPRAY,2021-06-24,,Spray Dryer,E21/1371,,SSDMDBAC05R1000A,Mela annurca e.s. acquoso frutto        D/E 10:1,0.0,0,0,269.6,674.0,40.0,269.6,,,STORICO_GESTIONALE_ATOM | Seriale 0000000179 | Taglio standard 40% per assenza distinta completa
HIST-ATOM-0000000175-E21/1393,STORICO-20210624-SPRAY,2021-06-24,,Spray Dryer,E21/1393,,VSDTROXC3200000A,Troxerutina,0.0,0,0,17.6,44.0,40.0,17.6,,,STORICO_GESTIONALE_ATOM | Seriale 0000000175 | Taglio standard 40% per assenza distinta completa
HIST-ATOM-0000000167-E21/1387,STORICO-20210623-SPRAY,2021-06-23,,Spray Dryer,E21/1387,,SSDMLSOC0804000A,"Balmex® - Melissa foglia estratto secco  >=8,0% deriv. idrossicinnamici come ac. rosmarini",0.0,0,0,66.0,165.0,40.0,66.0,,,STORICO_GESTIONALE_ATOM | Seriale 0000000167 | Taglio standard 40% per assenza distinta completa
HIST-ATOM-0000000165-E21/1361,STORICO-20210623-SPRAY,2021-06-23,,Spray Dryer,E21/1361,,SSDVTXAC05R0300A,Agnocasto frutto e.s.,0.0,0,0,83.44,208.6,40.0,83.44,,,STORICO_GESTIONALE_ATOM | Seriale 0000000165 | Taglio standard 40% per assenza distinta completa
HIST-ATOM-0000000164-E21/1369,STORICO-20210623-SPRAY,2021-06-23,,Spray Dryer,E21/1369,,SSDAVNSC17R0200A,Avena seme estratto secco               D/E 2:1,0.0,0,0,186.72000000000003,466.8,40.0,186.72000000000003,,,STORICO_GESTIONALE_ATOM | Seriale 0000000164 | Taglio standard 40% per assenza distinta completa
HIST-COMBER-00000806-99999-S26/0078,STORICO-20260413-COMBER,2026-04-13,,Comber,S26/0078,MDRMLLOF1000000M,WSDMLLOC2202000A,Semilavorato Meliloto erba fiorita e.s.,540.0,0,0,40.0,0.0,0.0,81.0,23E0906D0208T,,STORICO_GESTIONALE_COMBER | Commessa 00000806 riga 99999 | Prodotto secco 130.000 kg | Maltodestrina 90.000 kg
HIST-COMBER-SL00000452-99999-S25/0006,STORICO-20250113-COMBER,2025-01-13,,Comber,S25/0006,MDREQSAC0700000M,WSDEQSAC07R0300A,Semilavorato Equiseto erba e.s.,1000.0,0,0,132.5,0.0,0.0,150.0,24E0632D1312,,STORICO_GESTIONALE_COMBER | Commessa SL00000452 riga 99999 | Prodotto secco 412.500 kg | Maltodestrina 280.000 kg
HIST-COMBER-SL00000453-99999-S25/0007,STORICO-20250113-COMBER,2025-01-13,,Comber,S25/0007,MDRTRXOC14000,WSDTRXOC14R0400A,Semilavorato Tarassaco radice estratto   secco D/E 4:1,500.0,0,0,148.0,0.0,0.0,148.0,24E0621D0412,,STORICO_GESTIONALE_COMBER | Commessa SL00000453 riga 99999 | Prodotto secco 448.000 kg | Maltodestrina 300.000 kg
HIST-COMBER-SL00000455-99999-S25/0009,STORICO-20250114-COMBER,2025-01-14,,Comber,S25/0009,MDRCRCLC1400000M,WSDCRCLC15R0300A,Semilavorato Curcuma rizoma e.s.,500.0,0,0,35.0,0.0,0.0,75.0,21E0307D0403,,STORICO_GESTIONALE_COMBER | Commessa SL00000455 riga 99999 | Prodotto secco 235.000 kg | Maltodestrina 200.000 kg
HIST-COMBER-SL00000456-99999-S25/0010,STORICO-20250114-COMBER,2025-01-14,,Comber,S25/0010,MDRVTXAC0500000M,WSDVTXAC05R0300A,Semilavorato Agnocasto frutto e.s.,1000.0,0,0,66.25,0.0,0.0,150.0,22E1096D1212,,STORICO_GESTIONALE_COMBER | Commessa SL00000456 riga 99999 | Prodotto secco 151.250 kg | Maltodestrina 85.000 kg
HIST-COMBER-SL00000457-99999-S25/0011,STORICO-20250121-COMBER,2025-01-21,,Comber,S25/0011,MDRLSPCC0700000M,WSDLSPCC10R0300A,Semilavorato Lespedeza parti aeree e.s.,600.0,0,0,57.0,0.0,0.0,90.0,24E0571D3010,,STORICO_GESTIONALE_COMBER | Commessa SL00000457 riga 99999 | Prodotto secco 277.000 kg | Maltodestrina 220.000 kg
HIST-COMBER-SL00000458-99999-S25/0012,STORICO-20250121-COMBER,2025-01-21,,Comber,S25/0012,MDRALTOC1400000M,WSDALTOC14R0200A,Semilavorato Altea radice estratto secco,522.0,0,0,68.0,0.0,0.0,78.3,24E0564D1510; 24E0633D1312,,STORICO_GESTIONALE_COMBER | Commessa SL00000458 riga 99999 | Prodotto secco 288.000 kg | Maltodestrina 220.000 kg
HIST-COMBER-SL00000459-99999-S25/0013,STORICO-20250122-COMBER,2025-01-22,,Comber,S25/0013,MDRMLSOF0800000M,WSDMLSOC08R0400A,Semilavorato Melissa foglia e.s. D/E 4:1,560.0,0,0,100.4,0.0,0.0,100.4,24E0602D0411T,,STORICO_GESTIONALE_COMBER | Commessa SL00000459 riga 99999 | Prodotto secco 113.400 kg | Maltodestrina 13.000 kg
HIST-COMBER-SL00000460-99999-S25/0014,STORICO-20250123-COMBER,2025-01-23,,Comber,S25/0014,MDRURTDL0800000M,WSDURTDC08R0200A,Semilavorato Ortica foglia estratto secc,528.0,0,0,65.0,0.0,0.0,79.2,24E0144D2507L; 24E0444D2507L,,STORICO_GESTIONALE_COMBER | Commessa SL00000460 riga 99999 | Prodotto secco 135.000 kg | Maltodestrina 70.000 kg
HIST-COMBER-SL00000462-99999-S25/0016,STORICO-20250127-COMBER,2025-01-27,,Comber,S25/0016,MDRMNTPL08000,YSDMNTPC08R0400A,Semilavorato Menta foglie estratto secco  D/E 4:1,1349.0,0,0,187.0,0.0,0.0,202.35,20E0754D2307L; 20E0967D2309L; 23E0847D2007L; 23E1270D2211L,,STORICO_GESTIONALE_COMBER | Commessa SL00000462 riga 99999 | Prodotto secco 542.000 kg | Maltodestrina 355.000 kg
HIST-COMBER-SL00000463-99999-S25/0017,STORICO-20250127-COMBER,2025-01-27,,Comber,S25/0017,MDRMLVSF0800000M,WSDMLVSC24R0400A,Semilavorato Malva fiori/foglie e.s.,213.0,0,0,20.0,0.0,0.0,31.95,24E0442D2507T,,STORICO_GESTIONALE_COMBER | Commessa SL00000463 riga 99999 | Prodotto secco 45.000 kg | Maltodestrina 25.000 kg
HIST-COMBER-SL00000464-99999-S25/0018,STORICO-20250130-COMBER,2025-01-30,,Comber,S25/0018,MDRMLSOF0800000M,WSDMLSOC08R0400A,Semilavorato Melissa foglia e.s. D/E 4:1,380.0,0,0,81.0,0.0,0.0,81.0,25E0014D2301T,,STORICO_GESTIONALE_COMBER | Commessa SL00000464 riga 99999 | Prodotto secco 86.000 kg | Maltodestrina 5.000 kg
HIST-COMBER-SL00000465-99999-S25/0019,STORICO-20250130-COMBER,2025-01-30,,Comber,S25/0019,MDRECLGC0800000M,WSDECLGC08R0200A,Semilavorato Eucalipto foglia e.s.,1160.0,0,0,170.0,0.0,0.0,174.0,21E1173D2810; 23E1183D0211,,STORICO_GESTIONALE_COMBER | Commessa SL00000465 riga 99999 | Prodotto secco 470.000 kg | Maltodestrina 300.000 kg
HIST-COMBER-SL00000467-99999-S25/0021,STORICO-20250203-COMBER,2025-02-03,,Comber,S25/0021,MDRPHSVL1200000M,WSDPHSVL12R0200A,Semilavorato Fagiolo baccello e.s. Local,444.0,0,0,14.199999999999989,0.0,0.0,66.6,23E1313D0712L; 24E0100D2602L,,STORICO_GESTIONALE_COMBER | Commessa SL00000467 riga 99999 | Prodotto secco 234.200 kg | Maltodestrina 220.000 kg
HIST-COMBER-SL00000468-99999-S25/0022,STORICO-20250203-COMBER,2025-02-03,,Comber,S25/0022,MDRRHMFC0200000M,WSDRHMFC0206000A,Semilavorato Frangula corteccia e.s.>=   6.0% glucofranguline calcolate come glucofrangulina A,1038.0,0,0,149.5,0.0,0.0,155.7,23E0443D0504,,STORICO_GESTIONALE_COMBER | Commessa SL00000468 riga 99999 | Prodotto secco 199.500 kg | Maltodestrina 50.000 kg
HIST-COMBER-SL00000469-99999-S25/0023,STORICO-20250204-COMBER,2025-02-04,,Comber,S25/0023,MDRGNTNC1400000M,WSDGNTNC14R0400A,Semilavorato Genziana radice e.s.        D/E 4:1,450.0,0,0,87.0,0.0,0.0,87.0,25E0013D2001,,STORICO_GESTIONALE_COMBER | Commessa SL00000469 riga 99999 | Prodotto secco 237.000 kg | Maltodestrina 150.000 kg
HIST-COMBER-SL00000470-99999-S25/0024,STORICO-20250205-COMBER,2025-02-05,,Comber,S25/0024,MDRMLSOL0800000M,WSDMLSOC08R0400A,Semilavorato Melissa foglia e.s. D/E 4:1,1150.0,0,0,249.0,0.0,0.0,249.0,25E0021D2901L,,STORICO_GESTIONALE_COMBER | Commessa SL00000470 riga 99999 | Prodotto secco 264.000 kg | Maltodestrina 15.000 kg
HIST-COMBER-SL00000471-99999-S25/0025,STORICO-20250206-COMBER,2025-02-06,,Comber,S25/0025,MDRTRXOC14000,WSDTRXOC14R0400A,Semilavorato Tarassaco radice estratto   secco D/E 4:1,500.0,0,0,107.10000000000002,0.0,0.0,107.10000000000002,24E0621D0412,,STORICO_GESTIONALE_COMBER | Commessa SL00000471 riga 99999 | Prodotto secco 327.100 kg | Maltodestrina 220.000 kg
HIST-COMBER-SL00000472-99999-S25/0026,STORICO-20250206-COMBER,2025-02-06,,Comber,S25/0026,MDRPPVRCPE00000M,WSDPPVRC38R0200A,Semilavorato Papavero Rosso fiore e.s.   D/E 2:1,50.0,0,0,0.0,0.0,0.0,7.5,22E0585D2106,,STORICO_GESTIONALE_COMBER | Commessa SL00000472 riga 99999 | Prodotto secco 98.000 kg | Maltodestrina 100.000 kg
HIST-COMBER-SL00000474-99999-S25/0028,STORICO-20250210-COMBER,2025-02-10,,Comber,S25/0028,MDRURTDC0800000M; MDRURTDL0800000M,WSDURTDC08R0200A,Semilavorato Ortica foglia estratto secc,1778.0,0,0,185.0,0.0,0.0,266.7,25E0041D0402; 25E0022D2901L,,STORICO_GESTIONALE_COMBER | Commessa SL00000474 riga 99999 | Prodotto secco 405.000 kg | Maltodestrina 220.000 kg
HIST-COMBER-SL00000478-99999-S25/0032,STORICO-20250212-COMBER,2025-02-12,,Comber,S25/0032,MDRACHMC1000000M,WSDACHMC34R0200A,Semilavorato Achillea sommità erba fior  estratto secco D/E 2:1,375.0,0,0,16.299999999999997,0.0,0.0,56.25,25E0025D2901,,STORICO_GESTIONALE_COMBER | Commessa SL00000478 riga 99999 | Prodotto secco 41.300 kg | Maltodestrina 25.000 kg
HIST-COMBER-SL00000479-99999-S25/0033,STORICO-20250212-COMBER,2025-02-12,,Comber,S25/0033,MDRGLGOC0700000M,WSDGLLGOC07R0400A,"Semilavorato Galega erba e.s.            _x000D_
_x000D_
_x000D_",125.0,0,0,15.0,0.0,0.0,18.75,24E0199D1604,,STORICO_GESTIONALE_COMBER | Commessa SL00000479 riga 99999 | Prodotto secco 75.000 kg | Maltodestrina 60.000 kg
HIST-COMBER-SL00000481-99999-S25/0035,STORICO-20250214-COMBER,2025-02-14,,Comber,S25/0035,MDRVSCAC0800000M,WSDVSCAC0800000A,Semilavorato Vischio foglie              estratto secco     D/E 4:1,300.0,0,0,53.0,0.0,0.0,53.0,25E0040D0402,,STORICO_GESTIONALE_COMBER | Commessa SL00000481 riga 99999 | Prodotto secco 153.000 kg | Maltodestrina 100.000 kg
HIST-COMBER-SL00000484-99999-S25/0038,STORICO-20250218-COMBER,2025-02-18,,Comber,S25/0038,MDRMLVSC2400000M,WSDMLVSC24R0400A,Semilavorato Malva fiori/foglie e.s.,1000.0,0,0,194.5,0.0,0.0,194.5,25E0039D0402,,STORICO_GESTIONALE_COMBER | Commessa SL00000484 riga 99999 | Prodotto secco 419.500 kg | Maltodestrina 225.000 kg
HIST-COMBER-SL00000485-99999-S25/0039,STORICO-20250219-COMBER,2025-02-19,,Comber,S25/0039,MDRMLSOC0800000M,WSDMLSOC08R0400A,Semilavorato Melissa foglia e.s. D/E 4:1,1000.0,0,0,200.0,0.0,0.0,200.0,25E0024D2901,,STORICO_GESTIONALE_COMBER | Commessa SL00000485 riga 99999 | Prodotto secco 210.000 kg | Maltodestrina 10.000 kg
HIST-COMBER-SL00000486-99999-S25/0040,STORICO-20250220-COMBER,2025-02-20,,Comber,S25/0040,MDREQSAC0700000M,WSDEQSAC07R0300A,Semilavorato Equiseto erba e.s.,504.0,0,0,66.30000000000001,0.0,0.0,75.6,24E0632D1312,,STORICO_GESTIONALE_COMBER | Commessa SL00000486 riga 99999 | Prodotto secco 156.300 kg | Maltodestrina 90.000 kg
HIST-COMBER-SL00000487-99999-S25/0041,STORICO-20250221-COMBER,2025-02-21,,Comber,S25/0041,MDRFMROC1000000M,WSDFMROC10R0400A,Semilavorato Fumaria parti aeree sommità estratto secco D/E 4:1,500.0,0,0,60.0,0.0,0.0,75.0,25E0059D1202,,STORICO_GESTIONALE_COMBER | Commessa SL00000487 riga 99999 | Prodotto secco 240.000 kg | Maltodestrina 180.000 kg
HIST-COMBER-SL00000488-99999-S25/0042,STORICO-20250221-COMBER,2025-02-21,,Comber,S25/0042,MDRACHMC1000000M,WSDACHMC34R0200A,Semilavorato Achillea sommità erba fior  estratto secco D/E 2:1,625.0,0,0,23.700000000000003,0.0,0.0,93.75,25E0025D2901,,STORICO_GESTIONALE_COMBER | Commessa SL00000488 riga 99999 | Prodotto secco 98.700 kg | Maltodestrina 75.000 kg
HIST-COMBER-SL00000491-99999-S25/0045,STORICO-20250224-COMBER,2025-02-24,,Comber,S25/0045,MDRFMROC1000000M,WSDFMROC10R0400A,Semilavorato Fumaria parti aeree sommità estratto secco D/E 4:1,500.0,0,0,76.0,0.0,0.0,76.0,25E0059D1202,,STORICO_GESTIONALE_COMBER | Commessa SL00000491 riga 99999 | Prodotto secco 251.000 kg | Maltodestrina 175.000 kg
HIST-COMBER-SL00000492-99999-S25/0046,STORICO-20250226-COMBER,2025-02-26,,Comber,S25/0046,MDRGLCHL0800000M,WSDHDRHC08R0400A,Semilavorato Edera foglia e.s. D/E 4:1,400.0,0,0,44.0,0.0,0.0,60.0,24E0416D1807L,,STORICO_GESTIONALE_COMBER | Commessa SL00000492 riga 99999 | Prodotto secco 174.000 kg | Maltodestrina 130.000 kg
HIST-COMBER-SL00000493-99999-S25/0047,STORICO-20250226-COMBER,2025-02-26,,Comber,S25/0047,MDRCCRPC1700000M,WSDCCRPC1700000A,Semilavorato Zucchini seme e.s.,900.0,0,0,9.0,0.0,0.0,135.0,21E1190D0511,,STORICO_GESTIONALE_COMBER | Commessa SL00000493 riga 99999 | Prodotto secco 384.000 kg | Maltodestrina 375.000 kg
HIST-COMBER-SL00000494-99999-S25/0048,STORICO-20250227-COMBER,2025-02-27,,Comber,S25/0048,MDRPMSBC0800000M,WSDPMSBC08R0300A,Semilavorato Boldo foglie e.s.,200.0,0,0,25.5,0.0,0.0,30.0,24E0344D0307,,STORICO_GESTIONALE_COMBER | Commessa SL00000494 riga 99999 | Prodotto secco 125.500 kg | Maltodestrina 100.000 kg
HIST-COMBER-SL00000495-99999-S25/0049,STORICO-20250303-COMBER,2025-03-03,,Comber,S25/0049,MDRCCRMC1700000M,WSDCCRMC17R0400A,Semilavorato Zucca seme e.s.              4:1 (indicativo),500.0,0,0,9.199999999999989,0.0,0.0,75.0,22E0168D2309,,STORICO_GESTIONALE_COMBER | Commessa SL00000495 riga 99999 | Prodotto secco 284.200 kg | Maltodestrina 275.000 kg
HIST-COMBER-SL00000499-99999-S25/0053,STORICO-20250305-COMBER,2025-03-05,,Comber,S25/0053,MDRFNCVC1700000M,WSDFNCOC17R0200A,Semilavorato Finocchio dolce seme e.s.,1000.0,0,0,98.5,0.0,0.0,150.0,25E0012D2001,,STORICO_GESTIONALE_COMBER | Commessa SL00000499 riga 99999 | Prodotto secco 283.500 kg | Maltodestrina 185.000 kg
HIST-COMBER-SL00000501-99999-S25/0055,STORICO-20250306-COMBER,2025-03-06,,Comber,S25/0055,MDRPLLCC1700000M,WSDPLLCC17R0200A,Semilavorato Guarana' seme e.s.          D/E 2:1,1512.0,0,0,172.20000000000005,0.0,0.0,226.79999999999998,25E0075D2602,,STORICO_GESTIONALE_COMBER | Commessa SL00000501 riga 99999 | Prodotto secco 519.700 kg | Maltodestrina 347.500 kg
HIST-COMBER-SL00000502-99999-S25/0056,STORICO-20250306-COMBER,2025-03-06,,Comber,S25/0056,MDRGRNRF0700000M,WSDGRNRC10R0400A,Semilavorato Grindelia sommità e.s.,125.0,0,0,13.0,0.0,0.0,18.75,23E1131D1910T,,STORICO_GESTIONALE_COMBER | Commessa SL00000502 riga 99999 | Prodotto secco 98.000 kg | Maltodestrina 85.000 kg
HIST-COMBER-SL00000504-99999-S25/0058,STORICO-20250307-COMBER,2025-03-07,,Comber,S25/0058,MDRMLSOC0800000M,WSDMLSOC08R0400A,Semilavorato Melissa foglia e.s. D/E 4:1,625.0,0,0,117.5,0.0,0.0,117.5,25E0024D2901,,STORICO_GESTIONALE_COMBER | Commessa SL00000504 riga 99999 | Prodotto secco 124.500 kg | Maltodestrina 7.000 kg
HIST-COMBER-SL00000506-99999-S25/0060,STORICO-20250311-COMBER,2025-03-11,,Comber,S25/0060,MDRMLSOC0800000M,WSDMLSOC08R0400A,Semilavorato Melissa foglia e.s. D/E 4:1,375.0,0,0,56.5,0.0,0.0,56.5,25E0024D2901,,STORICO_GESTIONALE_COMBER | Commessa SL00000506 riga 99999 | Prodotto secco 60.000 kg | Maltodestrina 3.500 kg
HIST-COMBER-SL00000510-99999-S25/0061,STORICO-20250312-COMBER,2025-03-12,,Comber,S25/0061,MDREPLAC0700000M,WSDEPLAC07R0400A,Semilavorato Epilobio (angustifolium)    erba estratto secco D/E 4:1,1000.0,0,0,156.0,0.0,0.0,156.0,25E0088D0503,,STORICO_GESTIONALE_COMBER | Commessa SL00000510 riga 99999 | Prodotto secco 296.000 kg | Maltodestrina 140.000 kg
HIST-COMBER-SL00000515-99999-S25/0069,STORICO-20250313-COMBER,2025-03-13,,Comber,S25/0069,MDRGRNRF0700000M; MDRGRNRF2200000M,WSDGRNRC10R0400A,Semilavorato Grindelia sommità e.s.,1502.0,0,0,165.0,0.0,0.0,225.29999999999998,23E0895D2707T; 23E1131D1910T; 24E0413D1807T; 24E0414D1807T,,STORICO_GESTIONALE_COMBER | Commessa SL00000515 riga 99999 | Prodotto secco 430.000 kg | Maltodestrina 265.000 kg
HIST-COMBER-SL00000517-99999-S25/0071,STORICO-20250317-COMBER,2025-03-17,,Comber,S25/0071,MDREQSAC0700000M,WSDEQSAC07R0300A,Semilavorato Equiseto erba e.s.,2000.0,0,0,246.39999999999998,0.0,0.0,300.0,25E0093D1203,,STORICO_GESTIONALE_COMBER | Commessa SL00000517 riga 99999 | Prodotto secco 561.400 kg | Maltodestrina 315.000 kg
HIST-COMBER-SL00000520-99999-S25/0074,STORICO-20250321-COMBER,2025-03-21,,Comber,S25/0074,MDRHBSSC0400000M,WSDHBSSC04R0400A,Semilavorato Ibisco (Karkadè) fiore e.s. D/E 4:1,1250.0,0,0,403.0,0.0,0.0,403.0,25E0094D1203,,STORICO_GESTIONALE_COMBER | Commessa SL00000520 riga 99999 | Prodotto secco 1193.000 kg | Maltodestrina 790.000 kg
HIST-COMBER-SL00000523-99999-S25/0077,STORICO-20250326-COMBER,2025-03-26,,Comber,S25/0077,MDRCHRAC0700000M,WSDCHRAC07R0400A,Semilavorato Crisantello erba e.s.       D/E 4:1,1020.0,0,0,126.0,0.0,0.0,153.0,25E0108D2103,,STORICO_GESTIONALE_COMBER | Commessa SL00000523 riga 99999 | Prodotto secco 256.000 kg | Maltodestrina 130.000 kg
HIST-COMBER-SL00000524-99999-S25/0078,STORICO-20250326-COMBER,2025-03-26,,Comber,S25/0078,MDRPTYOC3700000M,WSDPTYOC02R0400A,Semilavorato Muira Puama corteccia e.s.  D/E 4:1,1650.0,0,0,34.39999999999998,0.0,0.0,247.5,25E0087D0503,,STORICO_GESTIONALE_COMBER | Commessa SL00000524 riga 99999 | Prodotto secco 294.400 kg | Maltodestrina 260.000 kg
HIST-COMBER-SL00000525-99999-S25/0079,STORICO-20250327-COMBER,2025-03-27,,Comber,S25/0079,MDRHRCPC2600000M,WSDHRCPC0700000A,Semilavorato Pilosella Erba e.s.,1384.0,0,0,134.7,0.0,0.0,207.6,25E0110D2103; 25E0111D2103,,STORICO_GESTIONALE_COMBER | Commessa SL00000525 riga 99999 | Prodotto secco 259.700 kg | Maltodestrina 125.000 kg
HIST-COMBER-SL00000526-99999-S25/0080,STORICO-20250328-COMBER,2025-03-28,,Comber,S25/0080,MDRONNSC1400000M,WSDONNSC14R0400A,Semilavorato Ononide radice e.s. D/E 4:1,260.0,0,0,25.0,0.0,0.0,39.0,25E0115D2103,,STORICO_GESTIONALE_COMBER | Commessa SL00000526 riga 99999 | Prodotto secco 65.000 kg | Maltodestrina 40.000 kg
HIST-COMBER-SL00000527-99999-S25/0081,STORICO-20250328-COMBER,2025-03-28,,Comber,S25/0081,MDRONNSC1400000M,WSDONNSC14R0400A,Semilavorato Ononide radice e.s. D/E 4:1,534.0,0,0,57.0,0.0,0.0,80.1,25E0115D2103,,STORICO_GESTIONALE_COMBER | Commessa SL00000527 riga 99999 | Prodotto secco 162.000 kg | Maltodestrina 105.000 kg
HIST-COMBER-SL00000529-99999-S25/0083,STORICO-20250331-COMBER,2025-03-31,,Comber,S25/0083,MDRPLLNC31000,WSDPLLNC31R0300A,Semilavorato Polline naturale granuli es,300.0,0,0,272.0,0.0,0.0,272.0,25E0109D2103,,STORICO_GESTIONALE_COMBER | Commessa SL00000529 riga 99999 | Prodotto secco 572.000 kg | Maltodestrina 300.000 kg
HIST-COMBER-SL00000530-99999-S25/0084,STORICO-20250401-COMBER,2025-04-01,,Comber,S25/0084,MDRORTSC1000000M,WSDORTSC08R0300A,Semilavorato Ortosiphon foglia e.s.,1555.0,0,0,154.39999999999998,0.0,0.0,233.25,25E0114D2103,,STORICO_GESTIONALE_COMBER | Commessa SL00000530 riga 99999 | Prodotto secco 344.400 kg | Maltodestrina 190.000 kg
HIST-COMBER-SL00000531-99999-S25/0085,STORICO-20250403-COMBER,2025-04-03,,Comber,S25/0085,MDRPMPAC1700000M,WSDPMPAC05R0400A,Semilavorato Anice verde frutto e.s. D/E 4:1,200.0,0,0,21.5,0.0,0.0,30.0,25E0062D1802,,STORICO_GESTIONALE_COMBER | Commessa SL00000531 riga 99999 | Prodotto secco 86.500 kg | Maltodestrina 65.000 kg
HIST-COMBER-SL00000532-99999-S25/0086,STORICO-20250404-COMBER,2025-04-04,,Comber,S25/0086,MDRPLLCC1700000M,WSDPLLCC17R0200A,Semilavorato Guarana' seme e.s.          D/E 2:1,378.0,0,0,37.0,0.0,0.0,56.699999999999996,25E0123D2803,,STORICO_GESTIONALE_COMBER | Commessa SL00000532 riga 99999 | Prodotto secco 112.000 kg | Maltodestrina 75.000 kg
HIST-COMBER-SL00000533-99999-S25/0087,STORICO-20250407-COMBER,2025-04-07,,Comber,S25/0087,MDRFNCVC1700000M,WSDFNCOC17R0200A,Semilavorato Finocchio dolce seme e.s.,1500.0,0,0,155.0,0.0,0.0,225.0,25E0130D0104,,STORICO_GESTIONALE_COMBER | Commessa SL00000533 riga 99999 | Prodotto secco 465.000 kg | Maltodestrina 310.000 kg
HIST-COMBER-SL00000534-99999-S25/0088,STORICO-20250408-COMBER,2025-04-08,,Comber,S25/0088,MDRSLVOC0800000M,WSDSLVOC08R0400A,Semilavorato Salvia foglia e.s. D/E 4:1,250.0,0,0,37.0,0.0,0.0,37.5,24E0572D3010,,STORICO_GESTIONALE_COMBER | Commessa SL00000534 riga 99999 | Prodotto secco 57.000 kg | Maltodestrina 20.000 kg
HIST-COMBER-SL00000535-99999-S25/0089,STORICO-20250409-COMBER,2025-04-09,,Comber,S25/0089,MDRPLLCC1700000M,WSDPLLCC17R0200A,Semilavorato Guarana' seme e.s.          D/E 2:1,1034.0,0,0,117.60000000000002,0.0,0.0,155.1,25E0123D2803,,STORICO_GESTIONALE_COMBER | Commessa SL00000535 riga 99999 | Prodotto secco 332.600 kg | Maltodestrina 215.000 kg
HIST-COMBER-SL00000536-99999-S25/0090,STORICO-20250410-COMBER,2025-04-10,,Comber,S25/0090,MDRSLVOC0800000M,WSDSLVOC08R0400A,Semilavorato Salvia foglia e.s. D/E 4:1,750.0,0,0,92.4,0.0,0.0,112.5,24E0572D3010,,STORICO_GESTIONALE_COMBER | Commessa SL00000536 riga 99999 | Prodotto secco 142.400 kg | Maltodestrina 50.000 kg
HIST-COMBER-SL00000537-99999-S25/0091,STORICO-20250411-COMBER,2025-04-11,,Comber,S25/0091,MDRPLLCC1700000M,WSDPLLCC17R0200A,Semilavorato Guarana' seme e.s.          D/E 2:1,100.0,0,0,13.3,0.0,0.0,15.0,25E0123D2803,,STORICO_GESTIONALE_COMBER | Commessa SL00000537 riga 99999 | Prodotto secco 28.300 kg | Maltodestrina 15.000 kg
HIST-COMBER-SL00000538-99999-S25/0092,STORICO-20250411-COMBER,2025-04-11,,Comber,S25/0092,MDRPPVRCPE00000M,WSDPPVRC38R0200A,Semilavorato Papavero Rosso fiore e.s.   D/E 2:1,280.0,0,0,72.0,0.0,0.0,72.0,22E0585D2106; 22E0612D2906,,STORICO_GESTIONALE_COMBER | Commessa SL00000538 riga 99999 | Prodotto secco 167.000 kg | Maltodestrina 95.000 kg
HIST-COMBER-SL00000539-99999-S25/0093,STORICO-20250415-COMBER,2025-04-15,,Comber,S25/0093,MDRCRTOC08000,WSDHRPPC1400500A,Semilavorato Artiglio del diavolo radice e.s. >= 2.5% arpagodside,1380.0,0,0,453.0,0.0,0.0,453.0,24E0499D0309,,STORICO_GESTIONALE_COMBER | Commessa SL00000539 riga 99999 | Prodotto secco 563.000 kg | Maltodestrina 110.000 kg
HIST-COMBER-SL00000540-99999-S25/0094,STORICO-20250416-COMBER,2025-04-16,,Comber,S25/0094,MDRCRCLC1400000M,WSDCRCLC15R0300A,Semilavorato Curcuma rizoma e.s.,980.0,0,0,85.0,0.0,0.0,147.0,24E0273D2205,,STORICO_GESTIONALE_COMBER | Commessa SL00000540 riga 99999 | Prodotto secco 192.000 kg | Maltodestrina 107.000 kg
HIST-COMBER-SL00000541-99999-S25/0095T,STORICO-20250417-COMBER,2025-04-17,,Comber,S25/0095T,MDRESCCF0700000M,WSDESCCF07R0200A,Semilavorato Escolzia erba e.s.          da Filiera Certificata ISO 22005,1508.0,0,0,198.0,0.0,0.0,226.2,22E0621D3006T; 23E0893D2707T; 24E0277D2905T,,STORICO_GESTIONALE_COMBER | Commessa SL00000541 riga 99999 | Prodotto secco 438.000 kg | Maltodestrina 240.000 kg
HIST-COMBER-SL00000542-99999-S25/0096,STORICO-20250423-COMBER,2025-04-23,,Comber,S25/0096,MDRSLVOC0800000M,WSDSLVOC08R0400A,Semilavorato Salvia foglia e.s. D/E 4:1,500.0,0,0,71.0,0.0,0.0,75.0,24E0572D3010,,STORICO_GESTIONALE_COMBER | Commessa SL00000542 riga 99999 | Prodotto secco 121.000 kg | Maltodestrina 50.000 kg
HIST-COMBER-SL00000543-99999-S25/0097,STORICO-20250423-COMBER,2025-04-23,,Comber,S25/0097,MDRALTOC1400000M,WSDALTOC14R0200A,Semilavorato Altea radice estratto secco,500.0,0,0,64.0,0.0,0.0,75.0,24E0564D1510,,STORICO_GESTIONALE_COMBER | Commessa SL00000543 riga 99999 | Prodotto secco 149.000 kg | Maltodestrina 85.000 kg
HIST-COMBER-SL00000544-99999-S25/0098,STORICO-20250424-COMBER,2025-04-24,,Comber,S25/0098,MDRPSSIL0700000M,WSDPSSIC07R0400A,Semilavorato Passiflora erba fiorita e.s D/E 4:1,519.0,0,0,63.69999999999999,0.0,0.0,77.85,25E0082D2802L,,STORICO_GESTIONALE_COMBER | Commessa SL00000544 riga 99999 | Prodotto secco 173.700 kg | Maltodestrina 110.000 kg
HIST-COMBER-SL00000545-99999-S25/0099,STORICO-20250424-COMBER,2025-04-24,,Comber,S25/0099,MDRFLPUC0700000M,WSDFLPUC07R0400A,Semilavorato Spirea erba (sommita') e.s. D/E 4:1,114.5,0,0,12.600000000000001,0.0,0.0,17.175,24E0133D1903,,STORICO_GESTIONALE_COMBER | Commessa SL00000545 riga 99999 | Prodotto secco 37.600 kg | Maltodestrina 25.000 kg
HIST-COMBER-SL00000547-99999-S25/0101,STORICO-20250428-COMBER,2025-04-28,,Comber,S25/0101,MDRPPVRCPE00000M,WSDPPVRC38R0200A,Semilavorato Papavero Rosso fiore e.s.   D/E 2:1,184.0,0,0,42.2,0.0,0.0,42.2,22E0612D2906,,STORICO_GESTIONALE_COMBER | Commessa SL00000547 riga 99999 | Prodotto secco 92.200 kg | Maltodestrina 50.000 kg
HIST-COMBER-SL00000548-99999-S25/0102,STORICO-20250430-COMBER,2025-04-30,,Comber,S25/0102,MDRLVNAC0400000M,WSDLVNAC34R0400A,Semilavorato Lavanda fiore e.s. acquoso   D/E 4:1,500.0,0,0,62.5,0.0,0.0,75.0,25E0149D1104,,STORICO_GESTIONALE_COMBER | Commessa SL00000548 riga 99999 | Prodotto secco 142.500 kg | Maltodestrina 80.000 kg
HIST-COMBER-SL00000549-99999-S25/0103,STORICO-20250430-COMBER,2025-04-30,,Comber,S25/0103,MDRFLPUC0700000M,WSDFLPUC07R0400A,Semilavorato Spirea erba (sommita') e.s. D/E 4:1,114.5,0,0,7.5,0.0,0.0,17.175,24E0133D1903,,STORICO_GESTIONALE_COMBER | Commessa SL00000549 riga 99999 | Prodotto secco 30.000 kg | Maltodestrina 22.500 kg
HIST-COMBER-SL00000550-99999-S25/0104,STORICO-20250505-COMBER,2025-05-05,,Comber,S25/0104,MDRMLLOC0700000M,WSDMLLOC2202000A,Semilavorato Meliloto erba fiorita e.s.,500.0,0,0,55.0,0.0,0.0,75.0,24E0563D1510,,STORICO_GESTIONALE_COMBER | Commessa SL00000550 riga 99999 | Prodotto secco 135.000 kg | Maltodestrina 80.000 kg
HIST-COMBER-SL00000551-99999-S25/0105,STORICO-20250505-COMBER,2025-05-05,,Comber,S25/0105,MDRTRXOC14000,WSDTRXOC14R0400A,Semilavorato Tarassaco radice estratto   secco D/E 4:1,500.0,0,0,192.0,0.0,0.0,192.0,25E0151D1104,,STORICO_GESTIONALE_COMBER | Commessa SL00000551 riga 99999 | Prodotto secco 462.000 kg | Maltodestrina 270.000 kg
HIST-COMBER-SL00000555-99999-S25/0109,STORICO-20250506-COMBER,2025-05-06,,Comber,S25/0109,MDRFLPUC0700000M,WSDFLPUC07R0400A,Semilavorato Spirea erba (sommita') e.s. D/E 4:1,571.0,0,0,34.0,0.0,0.0,85.64999999999999,24E0133D1903,,STORICO_GESTIONALE_COMBER | Commessa SL00000555 riga 99999 | Prodotto secco 109.000 kg | Maltodestrina 75.000 kg
HIST-COMBER-SL00000556-99999-S25/0110,STORICO-20250506-COMBER,2025-05-06,,Comber,S25/0110,MDRGLYGC1400000M,WSDGLYGC14R0400A,Semilavorato Liquirizia radice e.s.      D/E 4:1,506.5,0,0,117.0,0.0,0.0,117.0,25E0137D0104,,STORICO_GESTIONALE_COMBER | Commessa SL00000556 riga 99999 | Prodotto secco 242.000 kg | Maltodestrina 125.000 kg
HIST-COMBER-SL00000557-99999-S25/0111,STORICO-20250513-COMBER,2025-05-13,,Comber,S25/0111,MDRMLSOC0800000M,WSDMLSOC08R0400A,Semilavorato Melissa foglia e.s. D/E 4:1,1500.0,0,0,245.5,0.0,0.0,245.5,25E0173D0505,,STORICO_GESTIONALE_COMBER | Commessa SL00000557 riga 99999 | Prodotto secco 275.500 kg | Maltodestrina 30.000 kg
HIST-COMBER-SL00000558-99999-S25/0112,STORICO-20250516-COMBER,2025-05-16,,Comber,S25/0112,MDRPLLCC1700000M,WSDPLLCC17R0200A,Semilavorato Guarana' seme e.s.          D/E 2:1,365.0,0,0,33.0,0.0,0.0,54.75,25E0146D1104,,STORICO_GESTIONALE_COMBER | Commessa SL00000558 riga 99999 | Prodotto secco 103.000 kg | Maltodestrina 70.000 kg
HIST-COMBER-SL00000559-99999-S25/0113,STORICO-20250516-COMBER,2025-05-16,,Comber,S25/0113,MDRURTDC0800000M,WSDURTDC08R0200A,Semilavorato Ortica foglia estratto secc,500.0,0,0,57.0,0.0,0.0,75.0,25E0092D1203,,STORICO_GESTIONALE_COMBER | Commessa SL00000559 riga 99999 | Prodotto secco 122.000 kg | Maltodestrina 65.000 kg
HIST-COMBER-SL00000560-99999-S25/0114,STORICO-20250516-COMBER,2025-05-16,,Comber,S25/0114,MDRORTSC1000000M,WSDORTSC08R0300A,Semilavorato Ortosiphon foglia e.s.,945.0,0,0,92.0,0.0,0.0,141.75,25E0114D2103,,STORICO_GESTIONALE_COMBER | Commessa SL00000560 riga 99999 | Prodotto secco 217.000 kg | Maltodestrina 125.000 kg
HIST-COMBER-SL00000561-99999-S25/0115,STORICO-20250517-COMBER,2025-05-17,,Comber,S25/0115,MDRPLLCC1700000M,WSDPLLCC17R0200A,Semilavorato Guarana' seme e.s.          D/E 2:1,1080.5,0,0,212.0,0.0,0.0,212.0,25E0146D1104,,STORICO_GESTIONALE_COMBER | Commessa SL00000561 riga 99999 | Prodotto secco 602.000 kg | Maltodestrina 390.000 kg
HIST-COMBER-SL00000562-99999-S25/0116,STORICO-20250519-COMBER,2025-05-19,,Comber,S25/0116,MDRFLPUC0700000M,WSDFLPUC07R0400A,Semilavorato Spirea erba (sommita') e.s. D/E 4:1,501.0,0,0,57.5,0.0,0.0,75.14999999999999,25E0154D1504,,STORICO_GESTIONALE_COMBER | Commessa SL00000562 riga 99999 | Prodotto secco 157.500 kg | Maltodestrina 100.000 kg
HIST-COMBER-SL00000564-99999-S25/0118,STORICO-20250521-COMBER,2025-05-21,,Comber,S25/0118,MDRECHSC0700000M,WSDECHUC07R0400A,Semilavorato Echinacea purpurea erba     estratto secco D/E 4:1,1209.0,0,0,119.0,0.0,0.0,181.35,25E0138D0104,,STORICO_GESTIONALE_COMBER | Commessa SL00000564 riga 99999 | Prodotto secco 269.000 kg | Maltodestrina 150.000 kg
HIST-COMBER-SL00000565-99999-S25/0119,STORICO-20250522-COMBER,2025-05-22,,Comber,S25/0119,MDRMLVSC0800000M,WSDMLVSC24R0400A,Semilavorato Malva fiori/foglie e.s.,500.0,0,0,53.0,0.0,0.0,75.0,25E0172D0505,,STORICO_GESTIONALE_COMBER | Commessa SL00000565 riga 99999 | Prodotto secco 123.000 kg | Maltodestrina 70.000 kg
HIST-COMBER-SL00000567-99999-S25/0121,STORICO-20250523-COMBER,2025-05-23,,Comber,S25/0121,MDRCLACC1700000M,WSDCLNTC17R0200A,Semilavorato Cola noci seme e.s. solubil D/E 2:1 2 % caffeina,1000.0,0,0,77.75,0.0,0.0,150.0,25E0076D2602,,STORICO_GESTIONALE_COMBER | Commessa SL00000567 riga 99999 | Prodotto secco 237.750 kg | Maltodestrina 160.000 kg
HIST-COMBER-SL00000568-99999-S25/0122,STORICO-20250524-COMBER,2025-05-24,,Comber,S25/0122,MDRMLSOC0800000M,WSDMLSOC08R0400A,Semilavorato Melissa foglia e.s. D/E 4:1,500.0,0,0,81.3,0.0,0.0,81.3,25E0173D0505,,STORICO_GESTIONALE_COMBER | Commessa SL00000568 riga 99999 | Prodotto secco 91.800 kg | Maltodestrina 10.500 kg
HIST-COMBER-SL00000569-99999-S25/0123,STORICO-20250524-COMBER,2025-05-24,,Comber,S25/0123,MDRBTLAC0800000M,YSDBTLAC08R0400A,Semilavorato Betulla foglie estratto sec,250.0,0,0,25.5,0.0,0.0,37.5,25E0133D0104,,STORICO_GESTIONALE_COMBER | Commessa SL00000569 riga 99999 | Prodotto secco 81.500 kg | Maltodestrina 56.000 kg
HIST-COMBER-SL00000571-99999-S25/0125,STORICO-20250527-COMBER,2025-05-27,,Comber,S25/0125,MDRFLPUC0700000M,WSDFLPUC07R0400A,Semilavorato Spirea erba (sommita') e.s. D/E 4:1,999.0,0,0,88.5,0.0,0.0,149.85,25E0154D1504,,STORICO_GESTIONALE_COMBER | Commessa SL00000571 riga 99999 | Prodotto secco 248.500 kg | Maltodestrina 160.000 kg
HIST-COMBER-SL00000572-99999-S25/0126,STORICO-20250527-COMBER,2025-05-27,,Comber,S25/0126,MDRCTRGC17000,WSDCTRGC1700000A,Semilavorato Pompelmo seme e.s.,700.0,0,0,54.5,0.0,0.0,105.0,24E0303D3105,,STORICO_GESTIONALE_COMBER | Commessa SL00000572 riga 99999 | Prodotto secco 169.500 kg | Maltodestrina 115.000 kg
HIST-COMBER-SL00000573-99999-S25/0127,STORICO-20250528-COMBER,2025-05-28,,Comber,S25/0127,MDRCRTOC08000,WSDHRPPC1400500A,Semilavorato Artiglio del diavolo radice e.s. >= 2.5% arpagodside,1000.0,0,0,283.0,0.0,0.0,283.0,24E0620D0412,,STORICO_GESTIONALE_COMBER | Commessa SL00000573 riga 99999 | Prodotto secco 383.000 kg | Maltodestrina 100.000 kg
HIST-COMBER-SL00000574-99999-S25/0128,STORICO-20250529-COMBER,2025-05-29,,Comber,S25/0128,MDRCRTOC08000,WSDHRPPC1400500A,Semilavorato Artiglio del diavolo radice e.s. >= 2.5% arpagodside,900.0,0,0,304.29999999999995,0.0,0.0,304.29999999999995,24E0620D0412,,STORICO_GESTIONALE_COMBER | Commessa SL00000574 riga 99999 | Prodotto secco 419.700 kg | Maltodestrina 115.400 kg
HIST-COMBER-SL00000575-99999-S25/0129,STORICO-20250603-COMBER,2025-06-03,,Comber,S25/0129,MDRGLYGC1400000M,WSDGLYGC14R0400A,Semilavorato Liquirizia radice e.s.      D/E 4:1,506.5,0,0,48.150000000000006,0.0,0.0,75.975,25E0137D0104,,STORICO_GESTIONALE_COMBER | Commessa SL00000575 riga 99999 | Prodotto secco 180.000 kg | Maltodestrina 131.850 kg
HIST-COMBER-SL00000576-99999-S25/0130,STORICO-20250604-COMBER,2025-06-04,,Comber,S25/0130,MDRRBSNC0800000M,WSDRBSNC08R0300A,Semilavorato Ribes nero foglia e.s.,1000.0,0,0,176.96000000000004,0.0,0.0,176.96000000000004,25E0203D2105,,STORICO_GESTIONALE_COMBER | Commessa SL00000576 riga 99999 | Prodotto secco 447.000 kg | Maltodestrina 270.040 kg
HIST-COMBER-SL00000577-99999-S25/0131,STORICO-20250604-COMBER,2025-06-04,,Comber,S25/0131,MDRVLTRC0700000M,WSDVLTRC22R0200A,Semilavorato Viola tricolor erba fiorita estr.secco,1000.0,0,0,92.5,0.0,0.0,150.0,25E0136D0104,,STORICO_GESTIONALE_COMBER | Commessa SL00000577 riga 99999 | Prodotto secco 292.500 kg | Maltodestrina 200.000 kg
HIST-COMBER-SL00000578-99999-S25/0132,STORICO-20250605-COMBER,2025-06-05,,Comber,S25/0132,MDRMLSOC0800000M,WSDMLSOC08R0400A,Semilavorato Melissa foglia e.s. D/E 4:1,750.0,0,0,144.2,0.0,0.0,144.2,25E0024D2901; 25E0173D0505,,STORICO_GESTIONALE_COMBER | Commessa SL00000578 riga 99999 | Prodotto secco 164.200 kg | Maltodestrina 20.000 kg
HIST-COMBER-SL00000579-99999-S25/0133,STORICO-20250606-COMBER,2025-06-06,,Comber,S25/0133,MDRMLSOC0800000M,WSDMLSOC08R0400A,Semilavorato Melissa foglia e.s. D/E 4:1,750.0,0,0,128.2,0.0,0.0,128.2,25E0024D2901; 25E0173D0505,,STORICO_GESTIONALE_COMBER | Commessa SL00000579 riga 99999 | Prodotto secco 148.200 kg | Maltodestrina 20.000 kg
HIST-COMBER-SL00000581-99999-S25/0135,STORICO-20250610-COMBER,2025-06-10,,Comber,S25/0135,MDRCHMRC04000,WSDMTRCC03R0400A,Semilavorato Camomilla fiore estratto     D/E 4:1,785.0,0,0,90.0,0.0,0.0,117.75,22E1072D0512,,STORICO_GESTIONALE_COMBER | Commessa SL00000581 riga 99999 | Prodotto secco 265.000 kg | Maltodestrina 175.000 kg
HIST-COMBER-SL00000582-99999-S25/0136,STORICO-20250611-COMBER,2025-06-11,,Comber,S25/0136,MDRBTLAC0800000M,YSDBTLAC08R0400A,Semilavorato Betulla foglie estratto sec,72.0,0,0,9.099999999999994,0.0,0.0,10.799999999999999,25E0133D0104,,STORICO_GESTIONALE_COMBER | Commessa SL00000582 riga 99999 | Prodotto secco 129.100 kg | Maltodestrina 120.000 kg
HIST-COMBER-SL00000583-99999-S25/0137,STORICO-20250611-COMBER,2025-06-11,,Comber,S25/0137,MDRARCLC1400000M,WSDARCLC1400000A,Semilavorato Bardana radice estratto sec,202.8,0,0,39.19999999999999,0.0,0.0,39.19999999999999,25E0218D2905,,STORICO_GESTIONALE_COMBER | Commessa SL00000583 riga 99999 | Prodotto secco 274.200 kg | Maltodestrina 235.000 kg
HIST-COMBER-SL00000584-99999-S25/0138,STORICO-20250613-COMBER,2025-06-13,,Comber,S25/0138,MDRTRGFC1700000M,WSDTRGFC1700000A,Semilavorato Fieno greco seme es,2000.0,0,0,69.30000000000001,0.0,0.0,300.0,25E0227D0606,,STORICO_GESTIONALE_COMBER | Commessa SL00000584 riga 99999 | Prodotto secco 344.300 kg | Maltodestrina 275.000 kg
HIST-COMBER-SL00000586-99999-S25/0140,STORICO-20250618-COMBER,2025-06-18,,Comber,S25/0140,MDRPLLCC1700000M,WSDPLLCC17R0200A,Semilavorato Guarana' seme e.s.          D/E 2:1,2016.0,0,0,224.5,0.0,0.0,302.4,25E0201D2105,,STORICO_GESTIONALE_COMBER | Commessa SL00000586 riga 99999 | Prodotto secco 709.500 kg | Maltodestrina 485.000 kg
HIST-COMBER-SL00000587-99999-S25/0141,STORICO-20250620-COMBER,2025-06-20,,Comber,S25/0141,MDRHRCPC2600000M,WSDHRCPC0700000A,Semilavorato Pilosella Erba e.s.,111.2,0,0,7.0,0.0,0.0,16.68,25E0216D2905,,STORICO_GESTIONALE_COMBER | Commessa SL00000587 riga 99999 | Prodotto secco 47.000 kg | Maltodestrina 40.000 kg
HIST-COMBER-SL00000589-99999-S25/0143,STORICO-20250625-COMBER,2025-06-25,,Comber,S25/0143,MDRHRCPC2600000M,WSDHRCPC0700000A,Semilavorato Pilosella Erba e.s.,778.8,0,0,46.0,0.0,0.0,116.82,25E0216D2905,,STORICO_GESTIONALE_COMBER | Commessa SL00000589 riga 99999 | Prodotto secco 236.000 kg | Maltodestrina 190.000 kg
HIST-COMBER-SL00000591-99999-S25/0145,STORICO-20250625-COMBER,2025-06-25,,Comber,S25/0145,MDRHMLLC04000,WSDHMLLC09R0200A,Semilavorato Luppolo infioresc. e.s.,410.0,0,0,58.0,0.0,0.0,61.5,23E0039D0901,,STORICO_GESTIONALE_COMBER | Commessa SL00000591 riga 99999 | Prodotto secco 208.000 kg | Maltodestrina 150.000 kg
HIST-COMBER-SL00000592-99999-S25/0146,STORICO-20250626-COMBER,2025-06-26,,Comber,S25/0146,MDRPSSIL0700000M,WSDPSSIC07R0400A,Semilavorato Passiflora erba fiorita e.s D/E 4:1,527.0,0,0,106.0,0.0,0.0,106.0,25E0080D2802L; 25E0083D2802L,,STORICO_GESTIONALE_COMBER | Commessa SL00000592 riga 99999 | Prodotto secco 286.000 kg | Maltodestrina 180.000 kg
HIST-COMBER-SL00000594-99999-S25/0148,STORICO-20250627-COMBER,2025-06-27,,Comber,S25/0148,MDRRSMOC08000,WSDRSMOC08R0400A,Semilavorato Rosmarino foglia e.s.       D/E 4:1,2000.0,0,0,181.5,0.0,0.0,300.0,25E0246D1906,,STORICO_GESTIONALE_COMBER | Commessa SL00000594 riga 99999 | Prodotto secco 249.500 kg | Maltodestrina 68.000 kg
HIST-COMBER-SL00000598-99999-S25/0152,STORICO-20250703-COMBER,2025-07-03,,Comber,S25/0152,MDRMLSOC0800000M,WSDMLSOC08R0400A,Semilavorato Melissa foglia e.s. D/E 4:1,1135.125,0,0,205.2,0.0,0.0,205.2,25E0024D2901; 25E0245D1906,,STORICO_GESTIONALE_COMBER | Commessa SL00000598 riga 99999 | Prodotto secco 231.700 kg | Maltodestrina 26.500 kg
HIST-COMBER-SL00000600-99999-S25/0154,STORICO-20250707-COMBER,2025-07-07,,Comber,S25/0154,MDRMLSOC0800000M,WSDMLSOC08R0400A,Semilavorato Melissa foglia e.s. D/E 4:1,882.875,0,0,102.0,0.0,0.0,132.43125,25E0024D2901; 25E0245D1906,,STORICO_GESTIONALE_COMBER | Commessa SL00000600 riga 99999 | Prodotto secco 113.000 kg | Maltodestrina 11.000 kg
HIST-COMBER-SL00000601-99999-S25/0155,STORICO-20250708-COMBER,2025-07-08,,Comber,S25/0155,MDRTLSPC0400000M,WSDTLSPC04R0200A,Semilavorato Tiglio fiore estratto secco 2:1,2140.0,0,0,182.5,0.0,0.0,321.0,24E0141D2803; 25E0228D0606,,STORICO_GESTIONALE_COMBER | Commessa SL00000601 riga 99999 | Prodotto secco 462.500 kg | Maltodestrina 280.000 kg
HIST-COMBER-SL00000604-99999-S25/0158,STORICO-20250716-COMBER,2025-07-16,,Comber,S25/0158,MDRACHMC1000000M,WSDACHMC34R0200A,Semilavorato Achillea sommità erba fior  estratto secco D/E 2:1,1200.0,0,0,103.89999999999998,0.0,0.0,180.0,25E0116D2103,,STORICO_GESTIONALE_COMBER | Commessa SL00000604 riga 99999 | Prodotto secco 528.900 kg | Maltodestrina 425.000 kg
HIST-COMBER-SL00000605-99999-S25/0159,STORICO-20250716-COMBER,2025-07-16,,Comber,S25/0159,MDRORTSC1000000M,WSDORTSC08R0300A,Semilavorato Ortosiphon foglia e.s.,255.0,0,0,18.400000000000006,0.0,0.0,38.25,25E0204D2105,,STORICO_GESTIONALE_COMBER | Commessa SL00000605 riga 99999 | Prodotto secco 118.400 kg | Maltodestrina 100.000 kg
HIST-COMBER-SL00000608-99999-S25/0162,STORICO-20250725-COMBER,2025-07-25,,Comber,S25/0162,MDRTRXOC14000,WSDTRXOC14R0400A,Semilavorato Tarassaco radice estratto   secco D/E 4:1,500.0,0,0,51.0,0.0,0.0,75.0,25E0151D1104,,STORICO_GESTIONALE_COMBER | Commessa SL00000608 riga 99999 | Prodotto secco 226.000 kg | Maltodestrina 175.000 kg
HIST-COMBER-SL00000609-99999-S25/0163T,STORICO-20250725-COMBER,2025-07-25,,Comber,S25/0163T,MDRTNCPF2600000M,WSDTNCPF08R0400A,Semilavorato Tanaceto Partenio erba fior e.s. D/E 4:1 da Filiera Certificata ISO 22005,949.0,0,0,76.5,0.0,0.0,142.35,23E0845D2007T,,STORICO_GESTIONALE_COMBER | Commessa SL00000609 riga 99999 | Prodotto secco 266.500 kg | Maltodestrina 190.000 kg
HIST-COMBER-SL00000610-99999-S25/0164,STORICO-20250729-COMBER,2025-07-29,,Comber,S25/0164,MDRALTOC1400000M,WSDALTOC14R0200A,Semilavorato Altea radice estratto secco,805.0,0,0,70.4,0.0,0.0,120.75,24E0564D1510,,STORICO_GESTIONALE_COMBER | Commessa SL00000610 riga 99999 | Prodotto secco 230.400 kg | Maltodestrina 160.000 kg
HIST-COMBER-SL00000611-99999-S25/0165,STORICO-20250729-COMBER,2025-07-29,,Comber,S25/0165,MDRBTLAC0800000M,YSDBTLAC08R0400A,Semilavorato Betulla foglie estratto sec,686.0,0,0,46.10000000000002,0.0,0.0,102.89999999999999,25E0133D0104,,STORICO_GESTIONALE_COMBER | Commessa SL00000611 riga 99999 | Prodotto secco 321.100 kg | Maltodestrina 275.000 kg
HIST-COMBER-SL00000612-99999-S25/0166,STORICO-20250730-COMBER,2025-07-30,,Comber,S25/0166,MDRVLROB1400000M,YSDVLROB1400200A,"Semilavorato Valeriana radice estratto    secco >=0,20% acidi sesquiterpenici tot. calc. come acido valerenico bio spray",610.0,0,0,74.4,0.0,0.0,91.5,25E0105D2003,,STORICO_GESTIONALE_COMBER | Commessa SL00000612 riga 99999 | Prodotto secco 154.400 kg | Maltodestrina 80.000 kg
HIST-COMBER-SL00000613-99999-S25/0167,STORICO-20250730-COMBER,2025-07-30,,Comber,S25/0167,MDRDSMAC0800000M,WSDDSMAC08R0400A,Semilavorato Desmodio foglia e.s.        solubile D/E 4:1,1020.0,0,0,52.400000000000006,0.0,0.0,153.0,25E0112D2103; 25E0113D2103,,STORICO_GESTIONALE_COMBER | Commessa SL00000613 riga 99999 | Prodotto secco 162.400 kg | Maltodestrina 110.000 kg
HIST-COMBER-SL00000615-99999-S25/0169,STORICO-20250731-COMBER,2025-07-31,,Comber,S25/0169,MDRMLVSC0800000M,WSDMLVSC24R0400A,Semilavorato Malva fiori/foglie e.s.,1500.0,0,0,216.60000000000002,0.0,0.0,225.0,25E0172D0505,,STORICO_GESTIONALE_COMBER | Commessa SL00000615 riga 99999 | Prodotto secco 561.600 kg | Maltodestrina 345.000 kg
HIST-COMBER-SL00000616-99999-S25/0170,STORICO-20250804-COMBER,2025-08-04,,Comber,S25/0170,MDRILLVC0500000M,WSDILLVC05R0200A,Semilavorato Anice stellato frutto e.s.,516.6,0,0,39.5,0.0,0.0,77.49,25E0200D2105,,STORICO_GESTIONALE_COMBER | Commessa SL00000616 riga 99999 | Prodotto secco 139.500 kg | Maltodestrina 100.000 kg
HIST-COMBER-SL00000617-99999-S25/0171,STORICO-20250804-COMBER,2025-08-04,,Comber,S25/0171,MDRHDRHC0800000M,WSDHDRHC08R0400A,Semilavorato Edera foglia e.s. D/E 4:1,1500.0,0,0,163.0,0.0,0.0,225.0,25E0147D1104,,STORICO_GESTIONALE_COMBER | Commessa SL00000617 riga 99999 | Prodotto secco 338.000 kg | Maltodestrina 175.000 kg
HIST-COMBER-SL00000618-99999-S25/0172,STORICO-20250806-COMBER,2025-08-06,,Comber,S25/0172,MDRMNTPL0800000M,YSDMNTPC08R0400A,Semilavorato Menta foglie estratto secco  D/E 4:1,1138.0,0,0,40.0,0.0,0.0,170.7,19E1175D1112T; 24E0445D2507L,,STORICO_GESTIONALE_COMBER | Commessa SL00000618 riga 99999 | Prodotto secco 100.000 kg | Maltodestrina 60.000 kg
HIST-COMBER-SL00000619-99999-S25/0173,STORICO-20250806-COMBER,2025-08-06,,Comber,S25/0173,MDRORTSC1000000M,WSDORTSC08R0300A,Semilavorato Ortosiphon foglia e.s.,1785.0,0,0,192.3,0.0,0.0,267.75,25E0204D2105,,STORICO_GESTIONALE_COMBER | Commessa SL00000619 riga 99999 | Prodotto secco 432.300 kg | Maltodestrina 240.000 kg
HIST-COMBER-SL00000620-99999-S25/0174,STORICO-20250808-COMBER,2025-08-08,,Comber,S25/0174,MDRCNNZC0200000M,WSDCNNZC02R0200A,Semilavorato Cannella corteccia e.s.      D/E 2:1,1190.4,0,0,55.0,0.0,0.0,178.56,25E0305D0608,,STORICO_GESTIONALE_COMBER | Commessa SL00000620 riga 99999 | Prodotto secco 255.000 kg | Maltodestrina 200.000 kg
HIST-COMBER-SL00000621-99999-S25/0175,STORICO-20250825-COMBER,2025-08-25,,Comber,S25/0175,MDRSSYOC07000,WSDSSYOC34R0400A,Semilavorato Erisimo sommita' fiorita    estratto secco  D/E 4:1,1000.0,0,0,99.0,0.0,0.0,150.0,23E0013D0501,,STORICO_GESTIONALE_COMBER | Commessa SL00000621 riga 99999 | Prodotto secco 324.000 kg | Maltodestrina 225.000 kg
HIST-COMBER-SL00000622-99999-S25/0176,STORICO-20250825-COMBER,2025-08-25,,Comber,S25/0176,MDRGLGOC0700000M,WSDGLGOC07R0400A,Semilavorato Galega erba fiorita e.s.     D/E 4:1,875.0,0,0,105.0,0.0,0.0,131.25,24E0199D1604,,STORICO_GESTIONALE_COMBER | Commessa SL00000622 riga 99999 | Prodotto secco 295.000 kg | Maltodestrina 190.000 kg
HIST-COMBER-SL00000623-99999-S25/0177,STORICO-20250825-COMBER,2025-08-25,,Comber,S25/0177,MDRVTXAC0500000M,WSDVTXAC05R0300A,Semilavorato Agnocasto frutto e.s.,1000.0,0,0,58.5,0.0,0.0,150.0,25E0306D0608,,STORICO_GESTIONALE_COMBER | Commessa SL00000623 riga 99999 | Prodotto secco 126.000 kg | Maltodestrina 67.500 kg
HIST-COMBER-SL00000624-99999-S25/0178,STORICO-20250825-COMBER,2025-08-25,,Comber,S25/0178,MDRURTDC0800000M,WSDURTDC08R0200A,Semilavorato Ortica foglia estratto secc,1000.0,0,0,129.60000000000002,0.0,0.0,150.0,25E0092D1203,,STORICO_GESTIONALE_COMBER | Commessa SL00000624 riga 99999 | Prodotto secco 304.600 kg | Maltodestrina 175.000 kg
HIST-COMBER-SL00000625-99999-S25/0179,STORICO-20250825-COMBER,2025-08-25,,Comber,S25/0179,MDRPLLCC1700000M,WSDPLLCC17R0200A,Semilavorato Guarana' seme e.s.          D/E 2:1,1032.0,0,0,147.2,0.0,0.0,154.79999999999998,25E0202D2105,,STORICO_GESTIONALE_COMBER | Commessa SL00000625 riga 99999 | Prodotto secco 355.200 kg | Maltodestrina 208.000 kg
HIST-COMBER-SL00000626-99999-S25/0180,STORICO-20250825-COMBER,2025-08-25,,Comber,S25/0180,MDRARCLC1400000M,WSDARCLC1400000A,Semilavorato Bardana radice estratto sec,304.2,0,0,81.75,0.0,0.0,81.75,25E0218D2905,,STORICO_GESTIONALE_COMBER | Commessa SL00000626 riga 99999 | Prodotto secco 331.750 kg | Maltodestrina 250.000 kg
HIST-COMBER-SL00000627-99999-S25/0181,STORICO-20250826-COMBER,2025-08-26,,Comber,S25/0181,MDRCLNOC2600000M,YSDCLNOC04R1000A,Semilavorato Calendula fiori e.s. D/E 10,537.0,0,0,122.5,0.0,0.0,122.5,23E0905D0208,,STORICO_GESTIONALE_COMBER | Commessa SL00000627 riga 99999 | Prodotto secco 382.500 kg | Maltodestrina 260.000 kg
HIST-COMBER-SL00000628-99999-S25/0182,STORICO-20250827-COMBER,2025-08-27,,Comber,S25/0182,MDRGRFSC1700000M,WSDGRFSC1718000A,Semilavorato Griffonia seme e.s.         18-23% 5-HTP,200.0,0,0,23.9,0.0,0.0,30.0,22E0222D1602,,STORICO_GESTIONALE_COMBER | Commessa SL00000628 riga 99999 | Prodotto secco 26.900 kg | Maltodestrina 3.000 kg
HIST-COMBER-SL00000629-99999-S25/0183,STORICO-20250828-COMBER,2025-08-28,,Comber,S25/0183,MDRCRNSC1700000M,WSDCRNSC05R0400A,Semilavorato Coriandolo frutto e.s.      D/E 4:1,2000.0,0,0,102.39999999999998,0.0,0.0,300.0,25E0150D1104,,STORICO_GESTIONALE_COMBER | Commessa SL00000629 riga 99999 | Prodotto secco 302.400 kg | Maltodestrina 200.000 kg
HIST-COMBER-SL00000630-99999-S25/0184,STORICO-20250829-COMBER,2025-08-29,,Comber,S25/0184,MDRFNCVC1700000M,WSDFNCOC17R0200A,Semilavorato Finocchio dolce seme e.s.,1500.0,0,0,142.0,0.0,0.0,225.0,25E0130D0104,,STORICO_GESTIONALE_COMBER | Commessa SL00000630 riga 99999 | Prodotto secco 437.000 kg | Maltodestrina 295.000 kg
HIST-COMBER-SL00000631-99999-S25/0185,STORICO-20250901-COMBER,2025-09-01,,Comber,S25/0185,MDRANGAC1400000M,WSDANGAC14R0200A,Semilavorato Angelica Archangelica radic e.s.,1000.0,0,0,254.5,0.0,0.0,254.5,25E0057D1102,,STORICO_GESTIONALE_COMBER | Commessa SL00000631 riga 99999 | Prodotto secco 554.500 kg | Maltodestrina 300.000 kg
HIST-COMBER-SL00000633-99999-S25/0187,STORICO-20250903-COMBER,2025-09-03,,Comber,S25/0187,MDRCRTOC08000,WSDHRPPC1400500A,Semilavorato Artiglio del diavolo radice e.s. >= 2.5% arpagodside,600.0,0,0,155.4,0.0,0.0,155.4,24E0620D0412,,STORICO_GESTIONALE_COMBER | Commessa SL00000633 riga 99999 | Prodotto secco 215.400 kg | Maltodestrina 60.000 kg
HIST-COMBER-SL00000634-99999-S25/0188,STORICO-20250904-COMBER,2025-09-04,,Comber,S25/0188,MDRECHSC0700000M,WSDECHUC07R0400A,Semilavorato Echinacea purpurea erba     estratto secco D/E 4:1,793.0,0,0,69.6,0.0,0.0,118.94999999999999,25E0138D0104,,STORICO_GESTIONALE_COMBER | Commessa SL00000634 riga 99999 | Prodotto secco 169.600 kg | Maltodestrina 100.000 kg
HIST-COMBER-SL00000635-99999-S25/0189,STORICO-20250905-COMBER,2025-09-05,,Comber,S25/0189,MDRRBSNC0800000M,WSDRBSNC08R0300A,Semilavorato Ribes nero foglia e.s.,1500.0,0,0,206.70000000000005,0.0,0.0,225.0,25E0264D2706,,STORICO_GESTIONALE_COMBER | Commessa SL00000635 riga 99999 | Prodotto secco 546.700 kg | Maltodestrina 340.000 kg
HIST-COMBER-SL00000636-99999-S25/0190,STORICO-20250909-COMBER,2025-09-09,,Comber,S25/0190,MDRPHSVL1200000M,WSDPHSVL12R0200A,Semilavorato Fagiolo baccello e.s. Local,150.0,0,0,8.2,0.0,0.0,22.5,25E0300D3107L,,STORICO_GESTIONALE_COMBER | Commessa SL00000636 riga 99999 | Prodotto secco 28.200 kg | Maltodestrina 20.000 kg
HIST-COMBER-SL00000637-99999-S25/0191,STORICO-20250909-COMBER,2025-09-09,,Comber,S25/0191,MDRSLVTB0800000M,WSDVTSTC08R0200A,Semilavorato Vite rossa foglia e.s.,925.4,0,0,132.0,0.0,0.0,138.81,22E1100D1412,,STORICO_GESTIONALE_COMBER | Commessa SL00000637 riga 99999 | Prodotto secco 362.000 kg | Maltodestrina 230.000 kg
HIST-COMBER-SL00000638-99999-S25/0192,STORICO-20250910-COMBER,2025-09-10,,Comber,S25/0192,MDRASPLC0800000M,WSDASPLC08R0400A,Semilavorato Rooibos foglia estratto sec D/E 4:1,504.0,0,0,44.0,0.0,0.0,75.6,25E0304D0608,,STORICO_GESTIONALE_COMBER | Commessa SL00000638 riga 99999 | Prodotto secco 144.000 kg | Maltodestrina 100.000 kg
HIST-COMBER-SL00000640-99999-S25/0194,STORICO-20250915-COMBER,2025-09-15,,Comber,S25/0194,MDRFLPUC0700000M,WSDFLPUC07R0400A,Semilavorato Spirea erba (sommita') e.s. D/E 4:1,1000.0,0,0,76.0,0.0,0.0,150.0,25E0154D1504; 25E0265D2706,,STORICO_GESTIONALE_COMBER | Commessa SL00000640 riga 99999 | Prodotto secco 191.000 kg | Maltodestrina 115.000 kg
HIST-COMBER-SL00000641-99999-S25/0195,STORICO-20250915-COMBER,2025-09-15,,Comber,S25/0195,MDRCRMCC1700000M,WSDCRMCC05R0400A,Semilavorato Carvi frutti e.s. D/E 4:1,1000.0,0,0,21.0,0.0,0.0,150.0,24E0223D0805,,STORICO_GESTIONALE_COMBER | Commessa SL00000641 riga 99999 | Prodotto secco 56.000 kg | Maltodestrina 35.000 kg
HIST-COMBER-SL00000642-99999-S25/0196,STORICO-20250915-COMBER,2025-09-15,,Comber,S25/0196,MDRSLVTB0800000M,WSDVTSTC08R0200A,Semilavorato Vite rossa foglia e.s.,1058.6,0,0,194.0,0.0,0.0,194.0,22E1100D1412,,STORICO_GESTIONALE_COMBER | Commessa SL00000642 riga 99999 | Prodotto secco 474.000 kg | Maltodestrina 280.000 kg
HIST-COMBER-SL00000643-99999-S25/0197,STORICO-20250917-COMBER,2025-09-17,,Comber,S25/0197,MDRADNCC0700000M,WSDADNCC07R0400A,Semilavorato Capelvenere erba e.s.       D/E 4:1,600.0,0,0,53.5,0.0,0.0,90.0,25E0219D2905,,STORICO_GESTIONALE_COMBER | Commessa SL00000643 riga 99999 | Prodotto secco 148.500 kg | Maltodestrina 95.000 kg
HIST-COMBER-SL00000644-99999-S25/0198,STORICO-20250917-COMBER,2025-09-17,,Comber,S25/0198,MDRMLLOC0700000M,WSDMLLOC2202000A,Semilavorato Meliloto erba fiorita e.s.,830.0,0,0,89.0,0.0,0.0,124.5,24E0563D1510,,STORICO_GESTIONALE_COMBER | Commessa SL00000644 riga 99999 | Prodotto secco 279.000 kg | Maltodestrina 190.000 kg
HIST-COMBER-SL00000645-99999-S25/0199,STORICO-20250918-COMBER,2025-09-18,,Comber,S25/0199,MDRCLACC1700000M,WSDCLNTC17R0200A,Semilavorato Cola noci seme e.s. solubil D/E 2:1 2 % caffeina,854.0,0,0,62.5,0.0,0.0,128.1,25E0266D2706,,STORICO_GESTIONALE_COMBER | Commessa SL00000645 riga 99999 | Prodotto secco 172.500 kg | Maltodestrina 110.000 kg
HIST-COMBER-SL00000646-99999-S25/0200,STORICO-20250919-COMBER,2025-09-19,,Comber,S25/0200,MDRPMPAC1700000M,WSDPMPAC05R0400A,Semilavorato Anice verde frutto e.s. D/E 4:1,800.0,0,0,41.69999999999999,0.0,0.0,120.0,25E0062D1802,,STORICO_GESTIONALE_COMBER | Commessa SL00000646 riga 99999 | Prodotto secco 131.700 kg | Maltodestrina 90.000 kg
HIST-COMBER-SL00000647-99999-S25/0201,STORICO-20250922-COMBER,2025-09-22,,Comber,S25/0201,MDRSLVOC0800000M,WSDSLVOC08R0400A,Semilavorato Salvia foglia e.s. D/E 4:1,500.0,0,0,70.0,0.0,0.0,75.0,24E0572D3010,,STORICO_GESTIONALE_COMBER | Commessa SL00000647 riga 99999 | Prodotto secco 115.000 kg | Maltodestrina 45.000 kg
HIST-COMBER-SL00000648-99999-S25/0202,STORICO-20250922-COMBER,2025-09-22,,Comber,S25/0202,MDRMLLOC0700000M,WSDMLLOC2202000A,Semilavorato Meliloto erba fiorita e.s.,830.0,0,0,99.0,0.0,0.0,124.5,24E0563D1510,,STORICO_GESTIONALE_COMBER | Commessa SL00000648 riga 99999 | Prodotto secco 309.000 kg | Maltodestrina 210.000 kg
HIST-COMBER-SL00000651-99999-S25/0205,STORICO-20250924-COMBER,2025-09-24,,Comber,S25/0205,MDRGRFSC1700000M,WSDGRFSC1718000A,Semilavorato Griffonia seme e.s.         18-23% 5-HTP,100.0,0,0,18.95,0.0,0.0,18.95,22E0222D1602,,STORICO_GESTIONALE_COMBER | Commessa SL00000651 riga 99999 | Prodotto secco 20.950 kg | Maltodestrina 2.000 kg
HIST-COMBER-SL00000652-99999-S25/0206,STORICO-20250924-COMBER,2025-09-24,,Comber,S25/0206,MDRGRFSC1700000M,WSDGRFSC1718000A,Semilavorato Griffonia seme e.s.         18-23% 5-HTP,100.0,0,0,24.0,0.0,0.0,24.0,22E0222D1602,,STORICO_GESTIONALE_COMBER | Commessa SL00000652 riga 99999 | Prodotto secco 27.000 kg | Maltodestrina 3.000 kg
HIST-COMBER-SL00000653-99999-S25/0207,STORICO-20250925-COMBER,2025-09-25,,Comber,S25/0207,MDRPPVRC1900000M,WSDPPVRC38R0200A,Semilavorato Papavero Rosso fiore e.s.   D/E 2:1,102.0,0,0,20.0,0.0,0.0,20.0,25E0175D0505,,STORICO_GESTIONALE_COMBER | Commessa SL00000653 riga 99999 | Prodotto secco 40.000 kg | Maltodestrina 20.000 kg
HIST-COMBER-SL00000654-99999-S25/0208,STORICO-20250925-COMBER,2025-09-25,,Comber,S25/0208,MDREQSAC0700000M,WSDEQSAC07R0300A,Semilavorato Equiseto erba e.s.,1000.0,0,0,97.5,0.0,0.0,150.0,25E0327D0209,,STORICO_GESTIONALE_COMBER | Commessa SL00000654 riga 99999 | Prodotto secco 222.500 kg | Maltodestrina 125.000 kg
HIST-COMBER-SL00000655-99999-S25/0209T,STORICO-20250929-COMBER,2025-09-29,,Comber,S25/0209T,MDRGRNRF0700000M,WSDGRNRF2200000A,Semilavorato GRINDELIA ERBA FIORITA E.S.  FILIERA CERTIFICATA ISO 22005,534.0,0,0,68.19999999999999,0.0,0.0,80.1,23E0944D2408T,,STORICO_GESTIONALE_COMBER | Commessa SL00000655 riga 99999 | Prodotto secco 228.200 kg | Maltodestrina 160.000 kg
HIST-COMBER-SL00000656-99999-S25/0210,STORICO-20250929-COMBER,2025-09-29,,Comber,S25/0210,MDRPLNLC0800000M,WSDPLNMC08R0400A,Semilavorato Piantaggine foglia e.s.,1504.0,0,0,228.0,0.0,0.0,228.0,24E0032D0102,,STORICO_GESTIONALE_COMBER | Commessa SL00000656 riga 99999 | Prodotto secco 528.000 kg | Maltodestrina 300.000 kg
HIST-COMBER-SL00000657-99999-S25/0211T,STORICO-20250930-COMBER,2025-09-30,,Comber,S25/0211T,MDRMLSOF0800000M,WSDMLSOC08R0400A,Semilavorato Melissa foglia e.s. D/E 4:1,756.0,0,0,95.0,0.0,0.0,113.39999999999999,25E0242D1706T,,STORICO_GESTIONALE_COMBER | Commessa SL00000657 riga 99999 | Prodotto secco 105.000 kg | Maltodestrina 10.000 kg
HIST-COMBER-SL00000662-99999-S25/0216,STORICO-20251002-COMBER,2025-10-02,,Comber,S25/0216,MDRECHUC1400000M,WSDECHUC14R0200A,Semilavorato Echinacea purpurea radice   estratto secco,1500.0,0,0,310.0,0.0,0.0,310.0,25E0171D0505,,STORICO_GESTIONALE_COMBER | Commessa SL00000662 riga 99999 | Prodotto secco 880.000 kg | Maltodestrina 570.000 kg
HIST-COMBER-SL00000667-99999-S25/0221,STORICO-20251013-COMBER,2025-10-13,,Comber,S25/0221,MDRTRXOC08000,WSDTRXOC08R0200A,Semilavorato Tarassaco foglia estratto   secco,1500.0,0,0,173.39999999999998,0.0,0.0,225.0,25E0349D2609,,STORICO_GESTIONALE_COMBER | Commessa SL00000667 riga 99999 | Prodotto secco 393.400 kg | Maltodestrina 220.000 kg
HIST-COMBER-SL00000669-99999-S25/0223,STORICO-20251014-COMBER,2025-10-14,,Comber,S25/0223,MDRCRTOC08000,WSDHRPPC1400500A,Semilavorato Artiglio del diavolo radice e.s. >= 2.5% arpagodside,1500.0,0,0,494.20000000000005,0.0,0.0,494.20000000000005,25E0316D2508,,STORICO_GESTIONALE_COMBER | Commessa SL00000669 riga 99999 | Prodotto secco 695.200 kg | Maltodestrina 201.000 kg
HIST-COMBER-SL00000670-99999-S25/0224,STORICO-20251015-COMBER,2025-10-15,,Comber,S25/0224,MDRHMLLC04000,WSDHMLLC09R0400A,Semilavorato Luppolo infiorescenze       (strobili) estr.  secco D/E 4:1,1000.0,0,0,153.5,0.0,0.0,153.5,25E0362D0710,,STORICO_GESTIONALE_COMBER | Commessa SL00000670 riga 99999 | Prodotto secco 528.500 kg | Maltodestrina 375.000 kg
HIST-COMBER-SL00000671-99999-S25/0225,STORICO-20251016-COMBER,2025-10-16,,Comber,S25/0225,MDRECHSC0700000M,WSDECHUC07R0400A,Semilavorato Echinacea purpurea erba     estratto secco D/E 4:1,1508.0,0,0,231.79999999999995,0.0,0.0,231.79999999999995,25E0350D2609,,STORICO_GESTIONALE_COMBER | Commessa SL00000671 riga 99999 | Prodotto secco 521.800 kg | Maltodestrina 290.000 kg
HIST-COMBER-SL00000675-99999-S25/0229,STORICO-20251021-COMBER,2025-10-21,,Comber,S25/0229,MDRFLPUC0700000M,WSDFLPUC07R0400A,Semilavorato Spirea erba (sommita') e.s. D/E 4:1,1288.0,0,0,109.0,0.0,0.0,193.2,25E0265D2706,,STORICO_GESTIONALE_COMBER | Commessa SL00000675 riga 99999 | Prodotto secco 234.000 kg | Maltodestrina 125.000 kg
HIST-COMBER-SL00000677-99999-S25/0231,STORICO-20251023-COMBER,2025-10-23,,Comber,S25/0231,MDRSLDVC2600000M,WSDSLDVC22R0400A,Semilavorato Verga d' oro parti aeree     (erba fiorita) estratto secco D/E 4:1,500.0,0,0,19.0,0.0,0.0,75.0,25E0371D1510,,STORICO_GESTIONALE_COMBER | Commessa SL00000677 riga 99999 | Prodotto secco 119.000 kg | Maltodestrina 100.000 kg
HIST-COMBER-SL00000678-99999-S25/0232,STORICO-20251023-COMBER,2025-10-23,,Comber,S25/0232,MDRFLPUC0700000M,WSDFLPUC07R0400A,Semilavorato Spirea erba (sommita') e.s. D/E 4:1,1288.0,0,0,117.5,0.0,0.0,193.2,25E0265D2706,,STORICO_GESTIONALE_COMBER | Commessa SL00000678 riga 99999 | Prodotto secco 307.500 kg | Maltodestrina 190.000 kg
HIST-COMBER-SL00000679-99999-S25/0233,STORICO-20251027-COMBER,2025-10-27,,Comber,S25/0233,MDREQSAC0700000M,WSDEQSAC07R0300A,Semilavorato Equiseto erba e.s.,1000.0,0,0,117.0,0.0,0.0,150.0,25E0327D0209,,STORICO_GESTIONALE_COMBER | Commessa SL00000679 riga 99999 | Prodotto secco 437.000 kg | Maltodestrina 320.000 kg
HIST-COMBER-SL00000680-99999-S25/0234,STORICO-20251027-COMBER,2025-10-27,,Comber,S25/0234,MDRTRNAC0800000M,WSDTRNAC08R0400A,Semilavorato Damiana foglia estratto     secco D/E 4:1,1000.0,0,0,67.5,0.0,0.0,150.0,25E0352D2609,,STORICO_GESTIONALE_COMBER | Commessa SL00000680 riga 99999 | Prodotto secco 202.500 kg | Maltodestrina 135.000 kg
HIST-COMBER-SL00000682-99999-S25/0236,STORICO-20251028-COMBER,2025-10-28,,Comber,S25/0236,MDRTMRIC0500000M,WSDTMRIC05R0200A,Semilavorato Tamarindo frutto estratto   secco acquoso,500.0,0,0,71.75,0.0,0.0,75.0,S25/0222,,STORICO_GESTIONALE_COMBER | Commessa SL00000682 riga 99999 | Prodotto secco 271.750 kg | Maltodestrina 200.000 kg
HIST-COMBER-SL00000683-99999-S25/0237,STORICO-20251028-COMBER,2025-10-28,,Comber,S25/0237,MDRCRCLC1400000M,WSDCRCLC15R0300A,Semilavorato Curcuma rizoma e.s.,540.0,0,0,13.150000000000006,0.0,0.0,81.0,25E0215D2905,,STORICO_GESTIONALE_COMBER | Commessa SL00000683 riga 99999 | Prodotto secco 113.150 kg | Maltodestrina 100.000 kg
HIST-COMBER-SL00000684-99999-S25/0238,STORICO-20251030-COMBER,2025-10-30,,Comber,S25/0238,MDRMLSOF0800000M,WSDMLSOC08R0400A,Semilavorato Melissa foglia e.s. D/E 4:1,1134.0,0,0,128.0,0.0,0.0,170.1,25E0242D1706T,,STORICO_GESTIONALE_COMBER | Commessa SL00000684 riga 99999 | Prodotto secco 148.000 kg | Maltodestrina 20.000 kg
HIST-COMBER-SL00000685-99999-S25/0239,STORICO-20251030-COMBER,2025-10-30,,Comber,S25/0239,MDREPLAC0700000M,WSDEPLAC07R0400A,Semilavorato Epilobio (angustifolium)    erba estratto secco D/E 4:1,504.0,0,0,75.0,0.0,0.0,75.6,25E0372D1510,,STORICO_GESTIONALE_COMBER | Commessa SL00000685 riga 99999 | Prodotto secco 225.000 kg | Maltodestrina 150.000 kg
HIST-COMBER-SL00000688-99999-S25/0242,STORICO-20251103-COMBER,2025-11-03,,Comber,S25/0242,MDRVLROC1400000M,YSDVLROC14R0400A,Semilavorato Valeriana radice estratto s  D/E 4:1,400.0,0,0,2.0,0.0,0.0,60.0,25E0104D2003,,STORICO_GESTIONALE_COMBER | Commessa SL00000688 riga 99999 | Prodotto secco 12.000 kg | Maltodestrina 10.000 kg
HIST-COMBER-SL00000689-99999-S25/0243,STORICO-20251105-COMBER,2025-11-05,,Comber,S25/0243,MDRTRXOC14000,WSDTRXOC14R0400A,Semilavorato Tarassaco radice estratto   secco D/E 4:1,160.0,0,0,40.0,0.0,0.0,40.0,25E0377D2110,,STORICO_GESTIONALE_COMBER | Commessa SL00000689 riga 99999 | Prodotto secco 180.000 kg | Maltodestrina 140.000 kg
HIST-COMBER-SL00000690-99999-S25/0244,STORICO-20251106-COMBER,2025-11-06,,Comber,S25/0244,MDRPNCMC1700000M,WSDPNCMC17R0200A,Semilavorato Miglio semi e.s.,1000.0,0,0,0.0,0.0,0.0,150.0,24E0031D0102,,STORICO_GESTIONALE_COMBER | Commessa SL00000690 riga 99999 | Prodotto secco 368.500 kg | Maltodestrina 400.000 kg
HIST-COMBER-SL00000691-99999-S25/0245,STORICO-20251107-COMBER,2025-11-07,,Comber,S25/0245,MDRGRFSC1700000M,WSDGRFSC1725000A,Semilavorato Griffonia seme e.s. >=25%   5-HTP,100.0,0,0,22.5,0.0,0.0,22.5,25E0363D1010,,STORICO_GESTIONALE_COMBER | Commessa SL00000691 riga 99999 | Prodotto secco 25.000 kg | Maltodestrina 2.500 kg
HIST-COMBER-SL00000692-99999-S25/0246,STORICO-20251110-COMBER,2025-11-10,,Comber,S25/0246,MDRPHSVC1200000M,WSDPHSVC17R1000A,Semilavorato Fagiolo seme e.s. D/E 10:1,243.0,0,0,13.0,0.0,0.0,36.449999999999996,25E0373D1510,,STORICO_GESTIONALE_COMBER | Commessa SL00000692 riga 99999 | Prodotto secco 143.000 kg | Maltodestrina 130.000 kg
HIST-COMBER-SL00000693-99999-S25/0247,STORICO-20251110-COMBER,2025-11-10,,Comber,S25/0247,MDRRHMFC0200000M,WSDRHMFC0206000A,Semilavorato Frangula corteccia e.s.>=   6.0% glucofranguline calcolate come glucofrangulina A,1500.0,0,0,181.0,0.0,0.0,225.0,24E0039D0202,,STORICO_GESTIONALE_COMBER | Commessa SL00000693 riga 99999 | Prodotto secco 251.000 kg | Maltodestrina 70.000 kg
HIST-COMBER-SL00000694-99999-S25/0248,STORICO-20251111-COMBER,2025-11-11,,Comber,S25/0248,MDRHDRHC0800000M,WSDHDRHC08R0400A,Semilavorato Edera foglia e.s. D/E 4:1,500.0,0,0,68.0,0.0,0.0,75.0,25E0147D1104,,STORICO_GESTIONALE_COMBER | Commessa SL00000694 riga 99999 | Prodotto secco 148.000 kg | Maltodestrina 80.000 kg
HIST-COMBER-SL00000695-99999-S25/0249,STORICO-20251113-COMBER,2025-11-13,,Comber,S25/0249,MDRCNCSC0200000M,WSDCNCSC02R0400A,Semilavorato China (Cinchona Succirubra) corteccia  e. s.,600.0,0,0,45.0,0.0,0.0,90.0,23E1078D2609,,STORICO_GESTIONALE_COMBER | Commessa SL00000695 riga 99999 | Prodotto secco 315.000 kg | Maltodestrina 270.000 kg
HIST-COMBER-SL00000696-99999-S25/0250,STORICO-20251114-COMBER,2025-11-14,,Comber,S25/0250,MDRHLCIC0400000M; MDRHLCIF0400000M; MDRHLCIK0800000M,WSDHLCIL04R0200A,Semilavorato Elicriso erba fiorita       e. secco Locale,812.0,0,0,83.0,0.0,0.0,121.8,24E0115D0503; 25E0313D1808T; 25E0053D1002T,,STORICO_GESTIONALE_COMBER | Commessa SL00000696 riga 99999 | Prodotto secco 333.000 kg | Maltodestrina 250.000 kg
HIST-COMBER-SL00000698-99999-S25/0252,STORICO-20251117-COMBER,2025-11-17,,Comber,S25/0252,MDRTRXOC14000,WSDTRXOC14R0400A,Semilavorato Tarassaco radice estratto   secco D/E 4:1,465.0,0,0,219.495,0.0,0.0,219.495,25E0377D2110,,STORICO_GESTIONALE_COMBER | Commessa SL00000698 riga 99999 | Prodotto secco 889.500 kg | Maltodestrina 670.005 kg
HIST-COMBER-SL00000699-99999-S25/0253,STORICO-20251117-COMBER,2025-11-17,,Comber,S25/0253,MDRPPVRCPE00000M,WSDPPVRC04R0400A,Semilavorato Papavero fiore e.s.         Polvere micronizzato,74.5,0,0,18.0,0.0,0.0,18.0,22E0612D2906,,STORICO_GESTIONALE_COMBER | Commessa SL00000699 riga 99999 | Prodotto secco 143.000 kg | Maltodestrina 125.000 kg
HIST-COMBER-SL00000700-99999-S25/0254,STORICO-20251118-COMBER,2025-11-18,,Comber,S25/0254,MDRHRCPC2600000M,WSDHRCPC0700000A,Semilavorato Pilosella Erba e.s.,1000.0,0,0,100.0,0.0,0.0,150.0,25E0361D0710,,STORICO_GESTIONALE_COMBER | Commessa SL00000700 riga 99999 | Prodotto secco 285.000 kg | Maltodestrina 185.000 kg
HIST-COMBER-SL00000702-99999-S25/0256,STORICO-20251119-COMBER,2025-11-19,,Comber,S25/0256,MDRURTDC0800000M,WSDURTDC08R0200A,Semilavorato Ortica foglia estratto secc,984.0,0,0,142.2,0.0,0.0,147.6,25E0092D1203; 25E0168D0505; 25E0170D0505,,STORICO_GESTIONALE_COMBER | Commessa SL00000702 riga 99999 | Prodotto secco 442.200 kg | Maltodestrina 300.000 kg
HIST-COMBER-SL00000703-99999-S25/0257T,STORICO-20251125-COMBER,2025-11-25,,Comber,S25/0257T,MDRMLSOF0800000M,WSDMLSOC08R0400A,Semilavorato Melissa foglia e.s. D/E 4:1,1725.0,0,0,264.2,0.0,0.0,264.2,25E0333D0909T,,STORICO_GESTIONALE_COMBER | Commessa SL00000703 riga 99999 | Prodotto secco 294.200 kg | Maltodestrina 30.000 kg
HIST-COMBER-SL00000704-99999-S25/0258,STORICO-20251125-COMBER,2025-11-25,,Comber,S25/0258,MDRRSMOF1900000M,WSDRSMOC08R0400A,Semilavorato Rosmarino foglia e.s.       D/E 4:1,570.0,0,0,39.8,0.0,0.0,85.5,25E0314D1808T; 25E0368D1410T; 25E0387D0511T,,STORICO_GESTIONALE_COMBER | Commessa SL00000704 riga 99999 | Prodotto secco 54.800 kg | Maltodestrina 15.000 kg
HIST-COMBER-SL00000705-99999-S25/0259T,STORICO-20251126-COMBER,2025-11-26,,Comber,S25/0259T,MDRTNCPF07000; MDRTNCPF2600000M,WSDTNCPF08R0400A,Semilavorato Tanaceto Partenio erba fior e.s. D/E 4:1 da Filiera Certificata ISO 22005,753.0,0,0,112.0,0.0,0.0,112.95,24E0441D2507T; 23E0956D0509T,,STORICO_GESTIONALE_COMBER | Commessa SL00000705 riga 99999 | Prodotto secco 332.000 kg | Maltodestrina 220.000 kg
HIST-COMBER-SL00000706-99999-S25/0260,STORICO-20251126-COMBER,2025-11-26,,Comber,S25/0260,MDRVRBTC0400000M,WSDVRBTC04R0300A,Semilavorato Verbasco fiore estr.secco,504.0,0,0,66.0,0.0,0.0,75.6,25E0132D0104,,STORICO_GESTIONALE_COMBER | Commessa SL00000706 riga 99999 | Prodotto secco 216.000 kg | Maltodestrina 150.000 kg
HIST-COMBER-SL00000707-99999-S25/0261,STORICO-20251127-COMBER,2025-11-27,,Comber,S25/0261,MDRRSMOC08000,WSDRSMOC08R0400A,Semilavorato Rosmarino foglia e.s.       D/E 4:1,1000.0,0,0,51.599999999999994,0.0,0.0,150.0,25E0398D2011,,STORICO_GESTIONALE_COMBER | Commessa SL00000707 riga 99999 | Prodotto secco 76.600 kg | Maltodestrina 25.000 kg
HIST-COMBER-SL00000711-99999-S25/0265,STORICO-20251201-COMBER,2025-12-01,,Comber,S25/0265,MDRMLVSF0800000M,WSDMLVSC24R0400A,Semilavorato Malva fiori/foglie e.s.,165.0,0,0,20.0,0.0,0.0,24.75,25E0366D1410T; 25E0388D0511T,,STORICO_GESTIONALE_COMBER | Commessa SL00000711 riga 99999 | Prodotto secco 120.000 kg | Maltodestrina 100.000 kg
HIST-COMBER-SL00000712-99999-S25/0266,STORICO-20251201-COMBER,2025-12-01,,Comber,S25/0266,MDRCTRGC17000,WSDCTRGC1700000A,Semilavorato Pompelmo seme e.s.,1300.0,0,0,108.19999999999999,0.0,0.0,195.0,25E0411D2111,,STORICO_GESTIONALE_COMBER | Commessa SL00000712 riga 99999 | Prodotto secco 358.200 kg | Maltodestrina 250.000 kg
HIST-COMBER-SL00000713-99999-S25/0267,STORICO-20251201-COMBER,2025-12-01,,Comber,S25/0267,MDRPHSVC1200000M,WSDPHSVC17R1000A,Semilavorato Fagiolo seme e.s. D/E 10:1,250.0,0,0,11.800000000000011,0.0,0.0,37.5,25E0400D2011,,STORICO_GESTIONALE_COMBER | Commessa SL00000713 riga 99999 | Prodotto secco 261.800 kg | Maltodestrina 250.000 kg
HIST-COMBER-SL00000714-99999-S25/0268,STORICO-20251202-COMBER,2025-12-02,,Comber,S25/0268,MDRALTOC1400000M,WSDALTOC14R0400A,Semilavorato Altea radice estratto secco D/E 4:1,1500.0,0,0,187.39999999999998,0.0,0.0,225.0,25E0318D2508,,STORICO_GESTIONALE_COMBER | Commessa SL00000714 riga 99999 | Prodotto secco 612.400 kg | Maltodestrina 425.000 kg
HIST-COMBER-SL00000715-99999-S25/0269,STORICO-20251203-COMBER,2025-12-03,,Comber,S25/0269,MDRMRRVC0700000M,WSDMRRVC10R0200A,Semilavorato Marrubio bianco parti aeree  estratto secco D/ 2:1,1010.0,0,0,91.0,0.0,0.0,151.5,24E0342D0207; 25E0174D0505,,STORICO_GESTIONALE_COMBER | Commessa SL00000715 riga 99999 | Prodotto secco 251.000 kg | Maltodestrina 160.000 kg
HIST-COMBER-SL00000716-99999-S25/0270,STORICO-20251209-COMBER,2025-12-09,,Comber,S25/0270,MDRHMLLC04000,WSDHMLLC09R0400A,Semilavorato Luppolo infiorescenze       (strobili) estr.  secco D/E 4:1,876.0,0,0,96.39999999999998,0.0,0.0,131.4,25E0362D0710,,STORICO_GESTIONALE_COMBER | Commessa SL00000716 riga 99999 | Prodotto secco 396.400 kg | Maltodestrina 300.000 kg
HIST-COMBER-SL00000717-99999-S25/0271,STORICO-20251209-COMBER,2025-12-09,,Comber,S25/0271,MDRGNTNC1400000M,WSDGNTNC14R0400A,Semilavorato Genziana radice e.s.        D/E 4:1,2.0,0,0,0.0,0.0,0.0,0.3,25E0013D2001,,STORICO_GESTIONALE_COMBER | Commessa SL00000717 riga 99999 | Prodotto secco 0.300 kg | Maltodestrina 0.700 kg
HIST-COMBER-SL00000718-99999-S25/0272,STORICO-20251209-COMBER,2025-12-09,,Comber,S25/0272,MDRCRCLC1400000M,WSDCRCLC15R0300A,Semilavorato Curcuma rizoma e.s.,1400.0,0,0,86.19999999999999,0.0,0.0,210.0,25E0215D2905,,STORICO_GESTIONALE_COMBER | Commessa SL00000718 riga 99999 | Prodotto secco 241.200 kg | Maltodestrina 155.000 kg
HIST-COMBER-SL00000719-99999-S25/0273,STORICO-20251210-COMBER,2025-12-10,,Comber,S25/0273,MDRPSSIC0800000M,WSDPSSIC07R0400A,Semilavorato Passiflora erba fiorita e.s D/E 4:1,1000.0,0,0,147.60000000000002,0.0,0.0,150.0,25E0317D2508,,STORICO_GESTIONALE_COMBER | Commessa SL00000719 riga 99999 | Prodotto secco 387.600 kg | Maltodestrina 240.000 kg
HIST-COMBER-SL00000720-99999-S25/0274,STORICO-20251210-COMBER,2025-12-10,,Comber,S25/0274,MDRRBSNC0800000M,WSDRBSNC08R0300A,Semilavorato Ribes nero foglia e.s.,733.0,0,0,111.0,0.0,0.0,111.0,25E0264D2706,,STORICO_GESTIONALE_COMBER | Commessa SL00000720 riga 99999 | Prodotto secco 311.000 kg | Maltodestrina 200.000 kg
HIST-COMBER-SL00000721-99999-S25/0275,STORICO-20251210-COMBER,2025-12-10,,Comber,S25/0275,MDRMNTPL0800000M,YSDMNTPC08R0400A,Semilavorato Menta foglie estratto secco  D/E 4:1,592.0,0,0,100.0,0.0,0.0,100.0,25E0023D2901L; 25E0084D2802L,,STORICO_GESTIONALE_COMBER | Commessa SL00000721 riga 99999 | Prodotto secco 210.000 kg | Maltodestrina 110.000 kg
HIST-COMBER-SL00000722-99999-S25/0276,STORICO-20251210-COMBER,2025-12-10,,Comber,S25/0276,MDRTHYVF0800000M; MDRTHYVL0800000M,WSDTHYVC08R0200A,Semilavorato Timo pianta (parte aerea)   estratto seccoD/E 2:1,331.0,0,0,31.799999999999997,0.0,0.0,49.65,25E0255D2606T; 19E1018D3010L,,STORICO_GESTIONALE_COMBER | Commessa SL00000722 riga 99999 | Prodotto secco 80.800 kg | Maltodestrina 49.000 kg
HIST-COMBER-SL00000723-99999-S25/0277T,STORICO-20251210-COMBER,2025-12-10,,Comber,S25/0277T,MDRGRNRF0700000M,WSDGRNRF2200000A,Semilavorato GRINDELIA ERBA FIORITA E.S.  FILIERA CERTIFICATA ISO 22005,852.0,0,0,107.30000000000001,0.0,0.0,127.8,23E0927D1008T,,STORICO_GESTIONALE_COMBER | Commessa SL00000723 riga 99999 | Prodotto secco 296.300 kg | Maltodestrina 189.000 kg
HIST-COMBER-SL00000724-99999-S25/0278,STORICO-20251210-COMBER,2025-12-10,,Comber,S25/0278,MDRGLYGC1400000M,WSDGLYGC14R0400A,Semilavorato Liquirizia radice e.s.      D/E 4:1,500.0,0,0,65.0,0.0,0.0,75.0,25E0217D2905,,STORICO_GESTIONALE_COMBER | Commessa SL00000724 riga 99999 | Prodotto secco 150.000 kg | Maltodestrina 85.000 kg
HIST-COMBER-SL00000725-99999-S25/0279T,STORICO-20251210-COMBER,2025-12-10,,Comber,S25/0279T,MDRMLSOF0800000M,WSDMLSOC08R0400A,Semilavorato Melissa foglia e.s. D/E 4:1,1103.0,0,0,160.0,0.0,0.0,165.45,25E0196D1505T; 25E0359D0210T; 25E0365D1410T; 25E0367D1410T,,STORICO_GESTIONALE_COMBER | Commessa SL00000725 riga 99999 | Prodotto secco 185.000 kg | Maltodestrina 25.000 kg
HIST-COMBER-SL00000726-99999-S25/0280,STORICO-20251210-COMBER,2025-12-10,,Comber,S25/0280,MDRSLVOC0800000M; MDRSLVOF0800000M,WSDSLVOC08R0400A,Semilavorato Salvia foglia e.s. D/E 4:1,396.0,0,0,47.5,0.0,0.0,59.4,25E0351D2609; 25E0369D1410T,,STORICO_GESTIONALE_COMBER | Commessa SL00000726 riga 99999 | Prodotto secco 77.500 kg | Maltodestrina 30.000 kg
HIST-COMBER-SL00000727-99999-S25/0281,STORICO-20251218-COMBER,2025-12-18,,Comber,S25/0281,MDRVLROC1400000M,YSDVLROC14R0400A,Semilavorato Valeriana radice estratto s  D/E 4:1,200.0,0,0,16.0,0.0,0.0,30.0,25E0104D2003,,STORICO_GESTIONALE_COMBER | Commessa SL00000727 riga 99999 | Prodotto secco 23.000 kg | Maltodestrina 7.000 kg
HIST-COMBER-SL00000728-99999-S26/0001,STORICO-20260108-COMBER,2026-01-08,,Comber,S26/0001,MDRCHRAC0700000M,WSDCHRAC07R0400A,Semilavorato Crisantello erba e.s.       D/E 4:1,1040.0,0,0,139.8,0.0,0.0,156.0,25E0370D1510,,STORICO_GESTIONALE_COMBER | Commessa SL00000728 riga 99999 | Prodotto secco 309.800 kg | Maltodestrina 170.000 kg
HIST-COMBER-SL00000729-99999-S26/0002,STORICO-20260109-COMBER,2026-01-09,,Comber,S26/0002,MDRSLVOC0800000M,WSDSLVOC0800500A,Semilavorato Salvia foglie e.s.          acquoso 0.5%-1% tot. idross. come ac. rosmarinico,636.0,0,0,83.6,0.0,0.0,95.39999999999999,25E0351D2609,,STORICO_GESTIONALE_COMBER | Commessa SL00000729 riga 99999 | Prodotto secco 143.600 kg | Maltodestrina 60.000 kg
HIST-COMBER-SL00000731-99999-S26/0004,STORICO-20260113-COMBER,2026-01-13,,Comber,S26/0004,MDRCRTOC08000,WSDHRPPC1400500A,Semilavorato Artiglio del diavolo radice e.s. >= 2.5% arpagodside,1500.0,0,0,613.5,0.0,0.0,613.5,25E0364D1410,,STORICO_GESTIONALE_COMBER | Commessa SL00000731 riga 99999 | Prodotto secco 843.500 kg | Maltodestrina 230.000 kg
HIST-COMBER-SL00000733-99999-S26/0006,STORICO-20260115-COMBER,2026-01-15,,Comber,S26/0006,MDRCLACC1700000M,WSDCLNTC17R0200A,Semilavorato Cola noci seme e.s. solubil D/E 2:1 2 % caffeina,1500.0,0,0,128.5,0.0,0.0,225.0,25E0342D1809,,STORICO_GESTIONALE_COMBER | Commessa SL00000733 riga 99999 | Prodotto secco 388.500 kg | Maltodestrina 260.000 kg
HIST-COMBER-SL00000734-99999-S26/0007,STORICO-20260119-COMBER,2026-01-19,,Comber,S26/0007,MDRACHMC1000000M,WSDACHMC34R0200A,Semilavorato Achillea sommità erba fior  estratto secco D/E 2:1,800.0,0,0,86.4,0.0,0.0,120.0,25E0131D0104,,STORICO_GESTIONALE_COMBER | Commessa SL00000734 riga 99999 | Prodotto secco 246.400 kg | Maltodestrina 160.000 kg
HIST-COMBER-SL00000736-99999-S26/0009,STORICO-20260119-COMBER,2026-01-19,,Comber,S26/0009,MDRORGVL08000,WSDORGVC08R0400A,Semilavorato Origano foglia e.s. D/E 4:1,460.0,0,0,70.0,0.0,0.0,70.0,S24/0165,,STORICO_GESTIONALE_COMBER | Commessa SL00000736 riga 99999 | Prodotto secco 155.000 kg | Maltodestrina 85.000 kg
HIST-COMBER-SL00000737-99999-S26/0010,STORICO-20260120-COMBER,2026-01-20,,Comber,S26/0010,MDRESCCC07000,WSDESCCC0702000A,"Semilavorato Escolzia erba e.s.           >=2,0% flavonoidi tot. calc.come rutina",1500.0,0,0,228.60000000000002,0.0,0.0,228.60000000000002,23E0069D1601,,STORICO_GESTIONALE_COMBER | Commessa SL00000737 riga 99999 | Prodotto secco 568.600 kg | Maltodestrina 340.000 kg
HIST-COMBER-SL00000739-99999-S26/0012,STORICO-20260120-COMBER,2026-01-20,,Comber,S26/0012,MDRPLLNC31000,WSDPLLNC31R0300A,Semilavorato Polline naturale granuli es,200.0,0,0,165.0,0.0,0.0,165.0,25E0109D2103,,STORICO_GESTIONALE_COMBER | Commessa SL00000739 riga 99999 | Prodotto secco 335.000 kg | Maltodestrina 170.000 kg
HIST-COMBER-SL00000746-99999-S26/0018T,STORICO-20260127-COMBER,2026-01-27,,Comber,S26/0018T,MDRMLSOF0800000M,WSDMLSOF0804000A,"Semilavorato Melissa foglia e.s.>= 4,0%   ac. rosmarinico (HPLC) da Filiera Certificata ISO 22005",1500.0,0,0,196.5,0.0,0.0,225.0,25E0319D2508T,,STORICO_GESTIONALE_COMBER | Commessa SL00000746 riga 99999 | Prodotto secco 220.000 kg | Maltodestrina 23.500 kg
HIST-COMBER-SL00000747-99999-S26/0019,STORICO-20260128-COMBER,2026-01-28,,Comber,S26/0019,MDRARNMC0400000M,WSDARNMC04R0400A,Semilavorato Arnica Montana fiori E.S.,20.0,0,0,11.5,0.0,0.0,11.5,25E0058D1102,,STORICO_GESTIONALE_COMBER | Commessa SL00000747 riga 99999 | Prodotto secco 211.500 kg | Maltodestrina 200.000 kg
HIST-COMBER-SL00000748-99999-S26/0020,STORICO-20260128-COMBER,2026-01-28,,Comber,S26/0020,MDRPPVRCPE00000M,WSDPPVRC04R0400A,Semilavorato Papavero fiore e.s.         Polvere micronizzato,146.0,0,0,30.0,0.0,0.0,30.0,22E0612D2906,,STORICO_GESTIONALE_COMBER | Commessa SL00000748 riga 99999 | Prodotto secco 70.000 kg | Maltodestrina 40.000 kg
HIST-COMBER-SL00000749-99999-S26/0021,STORICO-20260128-COMBER,2026-01-28,,Comber,S26/0021,MDRECHSC0700000M,WSDECHUC07R0400A,Semilavorato Echinacea purpurea erba     estratto secco D/E 4:1,1560.0,0,0,205.8,0.0,0.0,234.0,26E0016D2201,,STORICO_GESTIONALE_COMBER | Commessa SL00000749 riga 99999 | Prodotto secco 455.800 kg | Maltodestrina 250.000 kg
HIST-COMBER-SL00000750-99999-S26/0022,STORICO-20260129-COMBER,2026-01-29,,Comber,S26/0022,MDRFNCVC1700000M,WSDFNCOC17R0200A,Semilavorato Finocchio dolce seme e.s.,2000.0,0,0,205.5,0.0,0.0,300.0,26E0012D2201,,STORICO_GESTIONALE_COMBER | Commessa SL00000750 riga 99999 | Prodotto secco 565.500 kg | Maltodestrina 360.000 kg
HIST-COMBER-SL00000753-99999-S26/0025,STORICO-20260202-COMBER,2026-02-02,,Comber,S26/0025,MDRHDRHC0800000M,YSDHDRHC0801000A,"Semilavorato Edera foglia estratto       secco >=1,0% ederacoside C",1050.0,0,0,148.0,0.0,0.0,157.5,25E0401D2011,,STORICO_GESTIONALE_COMBER | Commessa SL00000753 riga 99999 | Prodotto secco 313.000 kg | Maltodestrina 165.000 kg
HIST-COMBER-SL00000754-99999-S26/0026,STORICO-20260204-COMBER,2026-02-04,,Comber,S26/0026,MDRTHYVF0800000M,WSDTHYVC08R0200A,Semilavorato Timo pianta (parte aerea)   estratto seccoD/E 2:1,634.0,0,0,42.0,0.0,0.0,95.1,25E0424D1112T,,STORICO_GESTIONALE_COMBER | Commessa SL00000754 riga 99999 | Prodotto secco 147.000 kg | Maltodestrina 105.000 kg
HIST-COMBER-SL00000755-99999-S26/0027,STORICO-20260205-COMBER,2026-02-05,,Comber,S26/0027,MDRTRGFC1700000M,WSDTRGFC1700000A,Semilavorato Fieno greco seme es,2000.0,0,0,96.14999999999998,0.0,0.0,300.0,26E0027D2901,,STORICO_GESTIONALE_COMBER | Commessa SL00000755 riga 99999 | Prodotto secco 286.150 kg | Maltodestrina 190.000 kg
HIST-COMBER-SL00000756-99999-S26/0028,STORICO-20260209-COMBER,2026-02-09,,Comber,S26/0028,MDRMLVSC0800000M,WSDMLVSC24R0400A,Semilavorato Malva fiori/foglie e.s.,840.0,0,0,80.6,0.0,0.0,126.0,26E0018D2201,,STORICO_GESTIONALE_COMBER | Commessa SL00000756 riga 99999 | Prodotto secco 165.600 kg | Maltodestrina 85.000 kg
HIST-COMBER-SL00000757-99999-S26/0029,STORICO-20260210-COMBER,2026-02-10,,Comber,S26/0029,MDRORTSC1000000M,YSDORTSC2200200A,"Semilavorato Ortosifon erba con fiori    estratto secco >=0,2% flavonoidi totali come sinensetina",800.0,0,0,85.0,0.0,0.0,120.0,26E0015D2201,,STORICO_GESTIONALE_COMBER | Commessa SL00000757 riga 99999 | Prodotto secco 235.000 kg | Maltodestrina 150.000 kg
HIST-COMBER-SL00000759-99999-S26/0031,STORICO-20260211-COMBER,2026-02-11,,Comber,S26/0031,MDRRHMFC0200000M,WSDRHMFC0207000A,Semilavorato Frangula corteccia e.s.>=7% glucofranguline calcolate come glucofrangulina A,480.0,0,0,83.5,0.0,0.0,83.5,24E0039D0202,,STORICO_GESTIONALE_COMBER | Commessa SL00000759 riga 99999 | Prodotto secco 114.000 kg | Maltodestrina 30.500 kg
HIST-COMBER-SL00000760-99999-S26/0032,STORICO-20260212-COMBER,2026-02-12,,Comber,S26/0032,MDRECLGC0800000M,WSDECLGC08R0200A,Semilavorato Eucalipto foglia e.s.,1000.0,0,0,117.0,0.0,0.0,150.0,25E0148D1104,,STORICO_GESTIONALE_COMBER | Commessa SL00000760 riga 99999 | Prodotto secco 307.000 kg | Maltodestrina 190.000 kg
HIST-COMBER-SL00000761-99999-S26/0033,STORICO-20260213-COMBER,2026-02-13,,Comber,S26/0033,MDRCHMRC04000,YSDMTRCC0400300A,"Semilavorato Camomilla (Matricaria)      fiori estratto   secco >= 0,3% apigenine totali",1040.0,0,0,86.0,0.0,0.0,156.0,26E0013D2201,,STORICO_GESTIONALE_COMBER | Commessa SL00000761 riga 99999 | Prodotto secco 301.000 kg | Maltodestrina 215.000 kg
HIST-COMBER-SL00000762-99999-S26/0034,STORICO-20260219-COMBER,2026-02-19,,Comber,S26/0034,MDRHLCIC0700000M,WSDHLCIL04R0200A,Semilavorato Elicriso erba fiorita       e. secco Locale,1500.0,0,0,185.70000000000005,0.0,0.0,225.0,25E0134D0104,,STORICO_GESTIONALE_COMBER | Commessa SL00000762 riga 99999 | Prodotto secco 710.700 kg | Maltodestrina 525.000 kg
HIST-COMBER-SL00000763-99999-S26/0035,STORICO-20260219-COMBER,2026-02-19,,Comber,S26/0035,MDRPTYOC3700000M,WSDPTYOC02R0400A,Semilavorato Muira Puama corteccia e.s.  D/E 4:1,1000.0,0,0,22.399999999999977,0.0,0.0,150.0,25E0410D2111,,STORICO_GESTIONALE_COMBER | Commessa SL00000763 riga 99999 | Prodotto secco 262.400 kg | Maltodestrina 240.000 kg
HIST-COMBER-SL00000764-99999-S26/0036,STORICO-20260220-COMBER,2026-02-20,,Comber,S26/0036,MDRPLLCC1700000M,YSDPLLCC1722000N,Semilavorato Guarana' seme,200.0,0,0,29.099999999999994,0.0,0.0,30.0,25E0415D0312,,STORICO_GESTIONALE_COMBER | Commessa SL00000764 riga 99999 | Prodotto secco 79.100 kg | Maltodestrina 50.000 kg
HIST-COMBER-SL00000765-99999-S26/0037,STORICO-20260223-COMBER,2026-02-23,,Comber,S26/0037,MDRPHSVC1200000M,WSDPHSVC17R1000A,Semilavorato Fagiolo seme e.s. D/E 10:1,1000.0,0,0,65.0,0.0,0.0,150.0,26E0014D2201,,STORICO_GESTIONALE_COMBER | Commessa SL00000765 riga 99999 | Prodotto secco 265.000 kg | Maltodestrina 200.000 kg
HIST-COMBER-SL00000766-99999-S26/0038T,STORICO-20260224-COMBER,2026-02-24,,Comber,S26/0038T,MDRMLSOF0800000M,WSDMLSOF0804000A,"Semilavorato Melissa foglia e.s.>= 4,0%   ac. rosmarinico (HPLC) da Filiera Certificata ISO 22005",1762.0,0,0,214.3,0.0,0.0,264.3,25E0319D2508T; 25E0412D2611T; 25E0421D1112T,,STORICO_GESTIONALE_COMBER | Commessa SL00000766 riga 99999 | Prodotto secco 244.300 kg | Maltodestrina 30.000 kg
HIST-COMBER-SL00000770-99999-S26/0042,STORICO-20260227-COMBER,2026-02-27,,Comber,S26/0042,MDRORGMC0800000M,WSDORGML10R0200A,Semilavorato Maggiorana parti aeree      e.s. Locale D/E 2:1,600.0,0,0,85.5,0.0,0.0,90.0,26E0060D1902,,STORICO_GESTIONALE_COMBER | Commessa SL00000770 riga 99999 | Prodotto secco 245.500 kg | Maltodestrina 160.000 kg
HIST-COMBER-SL00000774-99999-S26/0046,STORICO-20260302-COMBER,2026-03-02,,Comber,S26/0046,MDRVTXAC0500000M,WSDVTXAC05R0300A,Semilavorato Agnocasto frutto e.s.,1000.0,0,0,57.0,0.0,0.0,150.0,26E0053D1902,,STORICO_GESTIONALE_COMBER | Commessa SL00000774 riga 99999 | Prodotto secco 137.000 kg | Maltodestrina 80.000 kg
HIST-COMBER-SL00000775-99999-S26/0047,STORICO-20260303-COMBER,2026-03-03,,Comber,S26/0047,MDRSMBNC04000,WSDSMBNC0400300A,"Semilavorato Sambuco fiore e.s. solubile  >=0,3% flavonoidi tot. calc. come iperoside",1036.0,0,0,146.60000000000002,0.0,0.0,155.4,22E0789D1209,,STORICO_GESTIONALE_COMBER | Commessa SL00000775 riga 99999 | Prodotto secco 471.600 kg | Maltodestrina 325.000 kg
HIST-COMBER-SL00000776-99999-S26/0048,STORICO-20260305-COMBER,2026-03-05,,Comber,S26/0048,MDRJNPCC0100000M,WSDJNPCC01R0300A,Semilavorato Ginepro bacche              e.s.,300.0,0,0,27.0,0.0,0.0,45.0,26E0073D0303,,STORICO_GESTIONALE_COMBER | Commessa SL00000776 riga 99999 | Prodotto secco 77.000 kg | Maltodestrina 50.000 kg
HIST-COMBER-SL00000777-99999-S26/0049,STORICO-20260310-COMBER,2026-03-10,,Comber,S26/0049,MDRMLSOC0800000M,WSDMLSOC0805000A,"Semilavorato Melissa foglia e.s.acquoso  >= 5,0% derivati idrossicinnamici tot. calc.come acido rosmarinico (HPLC) >= 10%  derivati idrossici",2000.0,0,0,150.0,0.0,0.0,300.0,25E0435D1712,,STORICO_GESTIONALE_COMBER | Commessa SL00000777 riga 99999 | Prodotto secco 167.000 kg | Maltodestrina 17.000 kg
HIST-COMBER-SL00000778-99999-S26/0050,STORICO-20260311-COMBER,2026-03-11,,Comber,S26/0050,MDRMLVSC0800000M,WSDMLVSC24R0400A,Semilavorato Malva fiori/foglie e.s.,840.0,0,0,151.60000000000002,0.0,0.0,151.60000000000002,26E0018D2201,,STORICO_GESTIONALE_COMBER | Commessa SL00000778 riga 99999 | Prodotto secco 346.600 kg | Maltodestrina 195.000 kg
HIST-COMBER-SL00000780-99999-S26/0052,STORICO-20260312-COMBER,2026-03-12,,Comber,S26/0052,MDRGRNRF2200000M,YSDGRNRC2200200A,"Semilavorato Grindelia erba fiorita estr secco >= 0,25% flavonoidi tot. calc. come iperoside",1735.0,0,0,71.80000000000001,0.0,0.0,260.25,24E0440D2507T; 25E0419D1112T,,STORICO_GESTIONALE_COMBER | Commessa SL00000780 riga 99999 | Prodotto secco 211.800 kg | Maltodestrina 140.000 kg
HIST-COMBER-SL00000781-99999-S26/0053,STORICO-20260312-COMBER,2026-03-12,,Comber,S26/0053,MDREQSAC0700000M,WSDEQSAC0707000N,"Semilavorato Equiseto erba e.s.          >=7,0% silice",1000.0,0,0,113.0,0.0,0.0,150.0,25E0399D2011,,STORICO_GESTIONALE_COMBER | Commessa SL00000781 riga 99999 | Prodotto secco 393.000 kg | Maltodestrina 280.000 kg
HIST-COMBER-SL00000786-99999-S26/0058,STORICO-20260316-COMBER,2026-03-16,,Comber,S26/0058,MDRARMRC1400000M,WSDARMRC13R0400A,Semilavorato Rafano radice e.s.          D/E 4:1,300.0,0,0,70.0,0.0,0.0,70.0,26E0052D1902,,STORICO_GESTIONALE_COMBER | Commessa SL00000786 riga 99999 | Prodotto secco 270.000 kg | Maltodestrina 200.000 kg
HIST-COMBER-SL00000787-99999-S26/0059,STORICO-20260317-COMBER,2026-03-17,,Comber,S26/0059,MDRMRNOC0800000M,WSDMRNOC08R0400A,Semilavorato Moringa oleifera foglie e.s  4:1,500.0,0,0,94.0,0.0,0.0,94.0,26E0051D1902,,STORICO_GESTIONALE_COMBER | Commessa SL00000787 riga 99999 | Prodotto secco 224.000 kg | Maltodestrina 130.000 kg
HIST-COMBER-SL00000788-99999-S26/0060,STORICO-20260318-COMBER,2026-03-18,,Comber,S26/0060,MDRRBSNC0800000M,WSDRBSNC08R1000A,Semilavorato Ribes nero foglia e.s.       D/E 10:1,1500.0,0,0,262.0,0.0,0.0,262.0,26E0019D2201,,STORICO_GESTIONALE_COMBER | Commessa SL00000788 riga 99999 | Prodotto secco 782.000 kg | Maltodestrina 520.000 kg
HIST-COMBER-SL00000790-99999-S26/0062,STORICO-20260319-COMBER,2026-03-19,,Comber,S26/0062,MDRORTSC1000000M,YSDORTSC2200200A,"Semilavorato Ortosifon erba con fiori    estratto secco >=0,2% flavonoidi totali come sinensetina",1750.0,0,0,175.0,0.0,0.0,262.5,26E0087D1303,,STORICO_GESTIONALE_COMBER | Commessa SL00000790 riga 99999 | Prodotto secco 415.000 kg | Maltodestrina 240.000 kg
HIST-COMBER-SL00000791-99999-S26/0063,STORICO-20260320-COMBER,2026-03-20,,Comber,S26/0063,MDRCRNSC1700000M,WSDCRNSC05R0400A,Semilavorato Coriandolo frutto e.s.      D/E 4:1,2000.0,0,0,52.5,0.0,0.0,300.0,26E0090D1303,,STORICO_GESTIONALE_COMBER | Commessa SL00000791 riga 99999 | Prodotto secco 162.500 kg | Maltodestrina 110.000 kg
HIST-COMBER-SL00000793-99999-S26/0065,STORICO-20260324-COMBER,2026-03-24,,Comber,S26/0065,MDRTRXOC14000,WSDTRXOC14R0400A,Semilavorato Tarassaco radice estratto   secco D/E 4:1,600.0,0,0,134.0,0.0,0.0,134.0,25E0377D2110,,STORICO_GESTIONALE_COMBER | Commessa SL00000793 riga 99999 | Prodotto secco 734.000 kg | Maltodestrina 600.000 kg
HIST-COMBER-SL00000794-99999-S26/0066,STORICO-20260325-COMBER,2026-03-25,,Comber,S26/0066,MDRONNSC1400000M,WSDONNSC14R0400A,Semilavorato Ononide radice e.s. D/E 4:1,500.0,0,0,72.0,0.0,0.0,75.0,26E0088D1303,,STORICO_GESTIONALE_COMBER | Commessa SL00000794 riga 99999 | Prodotto secco 212.000 kg | Maltodestrina 140.000 kg
HIST-COMBER-SL00000796-99999-S26/0068,STORICO-20260327-COMBER,2026-03-27,,Comber,S26/0068,MDRPLLCC1700000M,YSDPLLCC1722000N,Semilavorato Guarana' seme,2000.0,0,0,150.0,0.0,0.0,300.0,25E0310D0708; 25E0415D0312; 26E0078D0903,,STORICO_GESTIONALE_COMBER | Commessa SL00000796 riga 99999 | Prodotto secco 500.000 kg | Maltodestrina 350.000 kg
HIST-COMBER-SL00000798-99999-S26/0070,STORICO-20260331-COMBER,2026-03-31,,Comber,S26/0070,MDRPMPAC1700000M,WSDPMPAC05R0400A,Semilavorato Anice verde frutto e.s. D/E 4:1,1000.0,0,0,87.0,0.0,0.0,150.0,26E0089D1303,,STORICO_GESTIONALE_COMBER | Commessa SL00000798 riga 99999 | Prodotto secco 307.000 kg | Maltodestrina 220.000 kg
HIST-COMBER-SL00000799-99999-S26/0071,STORICO-20260401-COMBER,2026-04-01,,Comber,S26/0071,MDRSSYOC07000,WSDSSYOC34R0400A,Semilavorato Erisimo sommita' fiorita    estratto secco  D/E 4:1,1000.0,0,0,112.0,0.0,0.0,150.0,23E1025D1809,,STORICO_GESTIONALE_COMBER | Commessa SL00000799 riga 99999 | Prodotto secco 332.000 kg | Maltodestrina 220.000 kg
HIST-COMBER-SL00000800-99999-S26/0072,STORICO-20260401-COMBER,2026-04-01,,Comber,S26/0072,MDRARCLC1400000M,WSDARCLC14R0400A,Semilavorato Bardana radice estratto sec D/E 4:1,292.0,0,0,68.0,0.0,0.0,68.0,25E0409D2111,,STORICO_GESTIONALE_COMBER | Commessa SL00000800 riga 99999 | Prodotto secco 268.000 kg | Maltodestrina 200.000 kg
HIST-COMBER-SL00000801-99999-S26/0073,STORICO-20260403-COMBER,2026-04-03,,Comber,S26/0073,MDRCMNMC1700000M,WSDCMNMC05R0400A,Semilavorato Cumino seme (frutto)        estratto secco D/E 4:1,500.0,0,0,56.75,0.0,0.0,75.0,26E0102D2603,,STORICO_GESTIONALE_COMBER | Commessa SL00000801 riga 99999 | Prodotto secco 166.750 kg | Maltodestrina 110.000 kg
HIST-COMBER-SL00000802-99999-S26/0074,STORICO-20260403-COMBER,2026-04-03,,Comber,S26/0074,MDRMLSOC0800000M,WSDMLSOC0805000A,"Semilavorato Melissa foglia e.s.acquoso  >= 5,0% derivati idrossicinnamici tot. calc.come acido rosmarinico (HPLC) >= 10%  derivati idrossici",1485.0,0,0,253.0,0.0,0.0,253.0,26E0063D1902,,STORICO_GESTIONALE_COMBER | Commessa SL00000802 riga 99999 | Prodotto secco 288.000 kg | Maltodestrina 35.000 kg
HIST-COMBER-SL00000804-99999-S26/0076,STORICO-20260408-COMBER,2026-04-08,,Comber,S26/0076,MDRCRTOC08000,WSDHRPPC1400500A,Semilavorato Artiglio del diavolo radice e.s. >= 2.5% arpagodside,1300.0,0,0,460.0,0.0,0.0,460.0,26E0109D2703,,STORICO_GESTIONALE_COMBER | Commessa SL00000804 riga 99999 | Prodotto secco 630.000 kg | Maltodestrina 170.000 kg
HIST-COMBER-SL00000805-99999-S26/0077,STORICO-20260413-COMBER,2026-04-13,,Comber,S26/0077,MDRCRMCC1700000M,WSDCRMCC05R0400A,Semilavorato Carvi frutti e.s. D/E 4:1,1000.0,0,0,59.599999999999994,0.0,0.0,150.0,26E0103D2603,,STORICO_GESTIONALE_COMBER | Commessa SL00000805 riga 99999 | Prodotto secco 149.600 kg | Maltodestrina 90.000 kg
HIST-COMBER-SL00000808-99999-S26/0081,STORICO-20260415-COMBER,2026-04-15,,Comber,S26/0081,MDRGLYGC1400000M,WSDGLYGC14R0400A,Semilavorato Liquirizia radice e.s.      D/E 4:1,500.0,0,0,78.5,0.0,0.0,78.5,26E0058D1902,,STORICO_GESTIONALE_COMBER | Commessa SL00000808 riga 99999 | Prodotto secco 193.500 kg | Maltodestrina 115.000 kg
HIST-COMBER-SL00000809-99999-S26/0082,STORICO-20260415-COMBER,2026-04-15,,Comber,S26/0082,MDRPPVRCPE00000M,WSDPPVRC04R0400A,Semilavorato Papavero fiore e.s.         Polvere micronizzato,300.0,0,0,62.30000000000001,0.0,0.0,62.30000000000001,26E0062D1902,,STORICO_GESTIONALE_COMBER | Commessa SL00000809 riga 99999 | Prodotto secco 132.300 kg | Maltodestrina 70.000 kg
HIST-COMBER-SL00000811-99999-S26/0084,STORICO-20260417-COMBER,2026-04-17,,Comber,S26/0084,MDRRSMOC08000; MDRRSMOF1900000M,WSDRSMOC08R0400A,Semilavorato Rosmarino foglia e.s.       D/E 4:1,1111.5,0,0,59.0,0.0,0.0,166.725,25E0398D2011; 25E0423D1112T,,STORICO_GESTIONALE_COMBER | Commessa SL00000811 riga 99999 | Prodotto secco 89.000 kg | Maltodestrina 30.000 kg
HIST-COMBER-SL00000812-99999-S26/0085,STORICO-20260420-COMBER,2026-04-20,,Comber,S26/0085,MDRARCLC1400000M,WSDARCLC14R0400A,Semilavorato Bardana radice estratto sec D/E 4:1,583.0,0,0,110.80000000000001,0.0,0.0,110.80000000000001,25E0409D2111,,STORICO_GESTIONALE_COMBER | Commessa SL00000812 riga 99999 | Prodotto secco 510.800 kg | Maltodestrina 400.000 kg
HIST-COMBER-SL00000813-99999-S26/0086,STORICO-20260420-COMBER,2026-04-20,,Comber,S26/0086,MDRFLPUC0700000M,WSDFLPUC07R0400A,Semilavorato Spirea erba (sommita') e.s. D/E 4:1,1520.0,0,0,147.0,0.0,0.0,228.0,26E0061D1902,,STORICO_GESTIONALE_COMBER | Commessa SL00000813 riga 99999 | Prodotto secco 377.000 kg | Maltodestrina 230.000 kg
HIST-COMBER-SL00000814-99999-S26/0087,STORICO-20260422-COMBER,2026-04-22,,Comber,S26/0087,MDRPLLCC1700000M,YSDPLLCC1722000N,Semilavorato Guarana' seme,2000.0,0,0,213.39999999999998,0.0,0.0,300.0,25E0310D0708; 25E0415D0312,,STORICO_GESTIONALE_COMBER | Commessa SL00000814 riga 99999 | Prodotto secco 573.400 kg | Maltodestrina 360.000 kg
HIST-COMBER-SL00000818-99999-S26/0091,STORICO-20260427-COMBER,2026-04-27,,Comber,S26/0091,MDRRSCNC05000,WSDRSCNC05R0400A,Semilavorato Rosa canina frutto e.s. D/E 4:1,245.0,0,0,125.30000000000001,0.0,0.0,125.30000000000001,26E0104D2603,,STORICO_GESTIONALE_COMBER | Commessa SL00000818 riga 99999 | Prodotto secco 445.300 kg | Maltodestrina 320.000 kg
HIST-COMBER-SL00000821-99999-S26/0094,STORICO-20260427-COMBER,2026-04-27,,Comber,S26/0094,MDREQSAC0700000M,WSDEQSAC0707000N,"Semilavorato Equiseto erba e.s.          >=7,0% silice",256.0,0,0,49.5,0.0,0.0,49.5,26E0119D1704,,STORICO_GESTIONALE_COMBER | Commessa SL00000821 riga 99999 | Prodotto secco 104.500 kg | Maltodestrina 55.000 kg
HIST-COMBER-SL00000822-99999-S26/0095,STORICO-20260504-COMBER,2026-05-04,,Comber,S26/0095,MDREQSAC0700000M,WSDEQSAC0707000N,"Semilavorato Equiseto erba e.s.          >=7,0% silice",1254.0,0,0,162.0,0.0,0.0,188.1,26E0127D2404,,STORICO_GESTIONALE_COMBER | Commessa SL00000822 riga 99999 | Prodotto secco 372.000 kg | Maltodestrina 210.000 kg
HIST-COMBER-SL00000824-99999-S26/0097,STORICO-20260505-COMBER,2026-05-05,,Comber,S26/0097,MDRFNCVC1700000M,WSDFNCOC17R0200A,Semilavorato Finocchio dolce seme e.s.,1000.0,0,0,84.5,0.0,0.0,150.0,26E0100D2603,,STORICO_GESTIONALE_COMBER | Commessa SL00000824 riga 99999 | Prodotto secco 254.500 kg | Maltodestrina 170.000 kg
HIST-COMBER-SL00000825-99999-S26/0098,STORICO-20260506-COMBER,2026-05-06,,Comber,S26/0098,MDRSLDVC2600000M,WSDSLDVC22R0400A,Semilavorato Verga d' oro parti aeree     (erba fiorita) estratto secco D/E 4:1,1160.0,0,0,92.5,0.0,0.0,174.0,26E0101D2603,,STORICO_GESTIONALE_COMBER | Commessa SL00000825 riga 99999 | Prodotto secco 392.500 kg | Maltodestrina 300.000 kg
HIST-COMBER-SL00000826-99999-S26/0099,STORICO-20260507-COMBER,2026-05-07,,Comber,S26/0099,MDRPPVRCPE00000M,WSDPPVRC38R0200A,Semilavorato Papavero Rosso fiore e.s.   D/E 2:1,300.0,0,0,44.400000000000006,0.0,0.0,45.0,26E0062D1902,,STORICO_GESTIONALE_COMBER | Commessa SL00000826 riga 99999 | Prodotto secco 94.400 kg | Maltodestrina 50.000 kg
HIST-COMBER-SL00000827-99999-S26/0100,STORICO-20260508-COMBER,2026-05-08,,Comber,S26/0100,MDRVLROC1400000M,YSDVLROC1400400A,"Semilavorato Valeriana radice            est.secco >=0,42% acidi sesquiterpenici tot. calc. come valerenico",600.0,0,0,123.0,0.0,0.0,123.0,26E0030D3001,,STORICO_GESTIONALE_COMBER | Commessa SL00000827 riga 99999 | Prodotto secco 213.000 kg | Maltodestrina 90.000 kg
HIST-COMBER-SL00000828-99999-S26/0101,STORICO-20260511-COMBER,2026-05-11,,Comber,S26/0101,MDRPSSIC0800000M,WSDPSSIC07R0400A,Semilavorato Passiflora erba fiorita e.s D/E 4:1,575.0,0,0,92.155,0.0,0.0,92.155,25E0317D2508,,STORICO_GESTIONALE_COMBER | Commessa SL00000828 riga 99999 | Prodotto secco 328.000 kg | Maltodestrina 235.845 kg
HIST-COMBER-SL00000829-99999-S26/0102,STORICO-20260512-COMBER,2026-05-12,,Comber,S26/0102,MDRCLACC1700000M,WSDCLNTC17R0200A,Semilavorato Cola noci seme e.s. solubil D/E 2:1 2 % caffeina,1500.0,0,0,126.72300000000001,0.0,0.0,225.0,25E0342D1809; 26E0110D2703,,STORICO_GESTIONALE_COMBER | Commessa SL00000829 riga 99999 | Prodotto secco 367.500 kg | Maltodestrina 240.777 kg
HIST-COMBER-SL00000831-99999-S26/0104,STORICO-20260513-COMBER,2026-05-13,,Comber,S26/0104,MDRESCCC07000; MDRESCCF0700000M,WSDESCCC0702000A,"Semilavorato Escolzia erba e.s.           >=2,0% flavonoidi tot. calc.come rutina",1226.0,0,0,171.5,0.0,0.0,183.9,23E0069D1601; 24E0277D2905T,,STORICO_GESTIONALE_COMBER | Commessa SL00000831 riga 99999 | Prodotto secco 396.500 kg | Maltodestrina 225.000 kg
HIST-COMBER-SL00000832-99999-S26/0105,STORICO-20260513-COMBER,2026-05-13,,Comber,S26/0105,MDRPMSBC0800000M,WSDPMSBC0802100A,Semilavorato Boldo foglia e.s.>= 0.02%   alcaloidi totali espressi come  boldina,882.0,0,0,136.0,0.0,0.0,136.0,24E0344D0307,,STORICO_GESTIONALE_COMBER | Commessa SL00000832 riga 99999 | Prodotto secco 406.000 kg | Maltodestrina 270.000 kg
HIST-COMBER-SL00000834-99999-S26/0107,STORICO-20260518-COMBER,2026-05-18,,Comber,S26/0107,MDRGLYGC1400000M,WSDGLYGC14R0400A,Semilavorato Liquirizia radice e.s.      D/E 4:1,500.0,0,0,70.0,0.0,0.0,75.0,25E0217D2905,,STORICO_GESTIONALE_COMBER | Commessa SL00000834 riga 99999 | Prodotto secco 230.000 kg | Maltodestrina 160.000 kg
HIST-COMBER-SL00000835-99999-S26/0108,STORICO-20260519-COMBER,2026-05-19,,Comber,S26/0108,MDRDSMAC0800000M,WSDDSMAC08R0400A,Semilavorato Desmodio foglia e.s.        solubile D/E 4:1,1000.0,0,0,34.69999999999999,0.0,0.0,150.0,26E0143D1305,,STORICO_GESTIONALE_COMBER | Commessa SL00000835 riga 99999 | Prodotto secco 169.700 kg | Maltodestrina 135.000 kg
HIST-COMBER-SL00000836-99999-S26/0109,STORICO-20260519-COMBER,2026-05-19,,Comber,S26/0109,MDRILXPB0800000M,WSDILXPB0803000A,"Semilavorato Matè foglia Bio e. secco     >=3,0% caffeina PRODUCT FROM BIOLOGICAL AGRICOLTURE     _x000D_
Cod ODC ITBIO005 Cod AzT501",500.0,0,0,96.5,0.0,0.0,96.5,24E0562D1510,,STORICO_GESTIONALE_COMBER | Commessa SL00000836 riga 99999 | Prodotto secco 142.500 kg | Maltodestrina 46.000 kg
HIST-COMBER-SL00000838-99999-S26/0111,STORICO-20260521-COMBER,2026-05-21,,Comber,S26/0111,MDRMLVSC0800000M,WSDMLVSC24R0400A,Semilavorato Malva fiori/foglie e.s.,1216.0,0,0,128.0,0.0,0.0,182.4,26E0107D2703,,STORICO_GESTIONALE_COMBER | Commessa SL00000838 riga 99999 | Prodotto secco 274.000 kg | Maltodestrina 146.000 kg
HIST-COMBER-SL00000839-99999-S26/0112,STORICO-20260522-COMBER,2026-05-22,,Comber,S26/0112,MDRAVNSC0500000M; MDRAVNSF1700000M,WSDAVNSC17R0200A,Semilavorato Avena seme estratto secco   D/E 2:1,1500.0,0,0,71.0,0.0,0.0,225.0,22E1012D1811; 24E0013D1801T,,STORICO_GESTIONALE_COMBER | Commessa SL00000839 riga 99999 | Prodotto secco 191.000 kg | Maltodestrina 120.000 kg
HIST-COMBER-SL00000841-99999-S26/0114,STORICO-20260525-COMBER,2026-05-25,,Comber,S26/0114,MDRTNCPF07000; MDRTNCPF2600000M,WSDTNCPF08R0400A,Semilavorato Tanaceto Partenio erba fior e.s. D/E 4:1 da Filiera Certificata ISO 22005,509.0,0,0,63.0,0.0,0.0,76.35,24E0334D2706T; 22E0618D2906T,,STORICO_GESTIONALE_COMBER | Commessa SL00000841 riga 99999 | Prodotto secco 183.000 kg | Maltodestrina 120.000 kg
HIST-COMBER-SL00000842-99999-S26/0115,STORICO-20260526-COMBER,2026-05-26,,Comber,S26/0115,MDRASPOC14000,WSDASPOC14R0500A,Semilavorato Asparago radice e.s.,340.0,0,0,23.299999999999997,0.0,0.0,51.0,26E0156D2105,,STORICO_GESTIONALE_COMBER | Commessa SL00000842 riga 99999 | Prodotto secco 93.300 kg | Maltodestrina 70.000 kg
HIST-COMBER-SL00000844-99999-S26/0117,STORICO-20260528-COMBER,2026-05-28,,Comber,S26/0117,MDRPNCMC1700000M,WSDPNCMC17R0200A,Semilavorato Miglio semi e.s.,750.0,0,0,83.5,0.0,0.0,112.5,26E0154D2105,,STORICO_GESTIONALE_COMBER | Commessa SL00000844 riga 99999 | Prodotto secco 353.500 kg | Maltodestrina 270.000 kg
HIST-COMBER-SL00000845-99999-S26/0118,STORICO-20260528-COMBER,2026-05-28,,Comber,S26/0118,MDRSLVOF0800000M,WSDSLVOC0800500A,Semilavorato Salvia foglie e.s.          acquoso 0.5%-1% tot. idross. come ac. rosmarinico,91.0,0,0,7.5,0.0,0.0,13.65,25E0425D1112T,,STORICO_GESTIONALE_COMBER | Commessa SL00000845 riga 99999 | Prodotto secco 32.500 kg | Maltodestrina 25.000 kg
HIST-COMBER-SL00000848-99999-S26/0121,STORICO-20260603-COMBER,2026-06-03,,Comber,S26/0121,MDRPNCMC1700000M,WSDPNCMC17R0200A,Semilavorato Miglio semi e.s.,750.0,0,0,27.0,0.0,0.0,112.5,26E0154D2105,,STORICO_GESTIONALE_COMBER | Commessa SL00000848 riga 99999 | Prodotto secco 247.000 kg | Maltodestrina 220.000 kg
HIST-COMBER-SL00000850-99999-S26/0123,STORICO-20260604-COMBER,2026-06-04,,Comber,S26/0123,MDRSUMC0800000M,YSDSUMC0800000A,Semilavorato Rhus coriaria L. fg e.s.    SUMAC,400.0,0,0,133.9,0.0,0.0,133.9,26E0150D2105,,STORICO_GESTIONALE_COMBER | Commessa SL00000850 riga 99999 | Prodotto secco 149.900 kg | Maltodestrina 16.000 kg
HIST-COMBER-SL00000851-99999-S26/0124,STORICO-20260608-COMBER,2026-06-08,,Comber,S26/0124,MDRORTSC1000000M,YSDORTSC2200200A,"Semilavorato Ortosifon erba con fiori    estratto secco >=0,2% flavonoidi totali come sinensetina",250.0,0,0,33.7,0.0,0.0,37.5,26E0105D2603,,STORICO_GESTIONALE_COMBER | Commessa SL00000851 riga 99999 | Prodotto secco 93.700 kg | Maltodestrina 60.000 kg
HIST-COMBER-SL00000852-99999-S26/0125,STORICO-20260608-COMBER,2026-06-08,,Comber,S26/0125,MDRHRCPC2600000M,WSDHRCPC0700000A,Semilavorato Pilosella Erba e.s.,1000.0,0,0,70.69999999999999,0.0,0.0,150.0,25E0361D0710,,STORICO_GESTIONALE_COMBER | Commessa SL00000852 riga 99999 | Prodotto secco 190.700 kg | Maltodestrina 120.000 kg
HIST-COMBER-SL00000853-99999-S26/0126,STORICO-20260608-COMBER,2026-06-08,,Comber,S26/0126,MDRMNTPF0800000M; MDRMNTPL0800000M,YSDMNTPC08R0400A,Semilavorato Menta foglie estratto secco  D/E 4:1,1338.0,0,0,125.30000000000001,0.0,0.0,200.7,25E0320D2508T; 25E0413D2811T; S24/0153,,STORICO_GESTIONALE_COMBER | Commessa SL00000853 riga 99999 | Prodotto secco 295.300 kg | Maltodestrina 170.000 kg
HIST-COMBER-SL00000855-99999-S26/0128,STORICO-20260609-COMBER,2026-06-09,,Comber,S26/0128,MDRERCSC0700000M,WSDERCSC07R0400A,Semilavorato Rucola erba e.s. D/E 4:1,256.0,0,0,54.69999999999999,0.0,0.0,54.69999999999999,26E0153D2105,,STORICO_GESTIONALE_COMBER | Commessa SL00000855 riga 99999 | Prodotto secco 154.700 kg | Maltodestrina 100.000 kg
HIST-COMBER-SL00000856-99999-S26/0129,STORICO-20260610-COMBER,2026-06-10,,Comber,S26/0129,MDRGRNRC07000,YSDGRNRC2200200A,"Semilavorato Grindelia erba fiorita estr secco >= 0,25% flavonoidi tot. calc. come iperoside",1344.0,0,0,201.5,0.0,0.0,201.6,26E0152D2105,,STORICO_GESTIONALE_COMBER | Commessa SL00000856 riga 99999 | Prodotto secco 531.500 kg | Maltodestrina 330.000 kg
HIST-COMBER-SL00000857-99999-S26/0130,STORICO-20260610-COMBER,2026-06-10,,Comber,S26/0130,MDRCNNZC0200000M,WSDCNNZC02R0200A,Semilavorato Cannella corteccia e.s.      D/E 2:1,256.8,0,0,13.5,0.0,0.0,38.52,25E0305D0608,,STORICO_GESTIONALE_COMBER | Commessa SL00000857 riga 99999 | Prodotto secco 98.500 kg | Maltodestrina 85.000 kg
HIST-COMBER-SL00000858-99999-S26/0131,STORICO-20260611-COMBER,2026-06-11,,Comber,S26/0131,MDRMLSOC0800000M,WSDMLSOC0805000A,"Semilavorato Melissa foglia e.s.acquoso  >= 5,0% derivati idrossicinnamici tot. calc.come acido rosmarinico (HPLC) >= 10%  derivati idrossici",1372.0,0,0,244.0,0.0,0.0,244.0,25E0435D1712,,STORICO_GESTIONALE_COMBER | Commessa SL00000858 riga 99999 | Prodotto secco 279.000 kg | Maltodestrina 35.000 kg
HIST-COMBER-SL00000859-99999-S26/0132,STORICO-20260612-COMBER,2026-06-12,,Comber,S26/0132,MDRVRBTC0400000M,WSDVRBTC04R0300A,Semilavorato Verbasco fiore estr.secco,1000.0,0,0,114.39999999999998,0.0,0.0,150.0,26E0170D2205,,STORICO_GESTIONALE_COMBER | Commessa SL00000859 riga 99999 | Prodotto secco 294.400 kg | Maltodestrina 180.000 kg
HIST-COMBER-SL00000861-99999-S26/0134,STORICO-20260615-COMBER,2026-06-15,,Comber,S26/0134,MDRTRXOC08000,WSDTRXOC08R0200A,Semilavorato Tarassaco foglia estratto   secco,1000.0,0,0,110.80000000000001,0.0,0.0,150.0,25E0408D2111,,STORICO_GESTIONALE_COMBER | Commessa SL00000861 riga 99999 | Prodotto secco 265.800 kg | Maltodestrina 155.000 kg
HIST-COMBER-SL00000862-99999-S26/0135,STORICO-20260617-COMBER,2026-06-17,,Comber,S26/0135,MDRTHYVF0800000M,WSDTHYVC08R0200A,Semilavorato Timo pianta (parte aerea)   estratto seccoD/E 2:1,112.0,0,0,16.0,0.0,0.0,16.8,26E0178D1206T,,STORICO_GESTIONALE_COMBER | Commessa SL00000862 riga 99999 | Prodotto secco 56.000 kg | Maltodestrina 40.000 kg
HIST-COMBER-SL00000863-99999-S26/0136,STORICO-20260617-COMBER,2026-06-17,,Comber,S26/0136,MDRGNTNC1400000M,WSDGNTNC14R0400A,Semilavorato Genziana radice e.s.        D/E 4:1,473.0,0,0,135.0,0.0,0.0,135.0,25E0013D2001,,STORICO_GESTIONALE_COMBER | Commessa SL00000863 riga 99999 | Prodotto secco 325.000 kg | Maltodestrina 190.000 kg
HIST-COMBER-SL00000866-99999-S26/0139,STORICO-20260618-COMBER,2026-06-18,,Comber,S26/0139,MDRFNCVC1700000M,WSDFNCOC17R0200A,Semilavorato Finocchio dolce seme e.s.,750.0,0,0,82.0,0.0,0.0,112.5,26E0184D1706,,STORICO_GESTIONALE_COMBER | Commessa SL00000866 riga 99999 | Prodotto secco 157.000 kg | Maltodestrina 75.000 kg
HIST-COMBER-SL00000867-99999-S26/0140,STORICO-20260618-COMBER,2026-06-18,,Comber,S26/0140,MDRGRFSC1700000M,WSDGRFSC1725000A,Semilavorato Griffonia seme e.s. >=25%   5-HTP,4.0,0,0,0.3,0.0,0.0,0.6,22E0222D1602,,STORICO_GESTIONALE_COMBER | Commessa SL00000867 riga 99999 | Prodotto secco 0.300 kg | Maltodestrina 0.000 kg
HIST-COMBER-SL00000868-99999-S26/0141,STORICO-20260618-COMBER,2026-06-18,,Comber,S26/0141,MDRGRFSC1700000M,WSDGRFSC1725000A,Semilavorato Griffonia seme e.s. >=25%   5-HTP,4.0,0,0,0.3,0.0,0.0,0.6,25E0363D1010,,STORICO_GESTIONALE_COMBER | Commessa SL00000868 riga 99999 | Prodotto secco 0.300 kg | Maltodestrina 0.000 kg
HIST-COMBER-SL00000869-99999-S26/0142,STORICO-20260619-COMBER,2026-06-19,,Comber,S26/0142,MDRTHYVC08000,WSDTHYVC08R0200A,Semilavorato Timo pianta (parte aerea)   estratto seccoD/E 2:1,1000.0,0,0,157.0,0.0,0.0,157.0,26E0182D1606,,STORICO_GESTIONALE_COMBER | Commessa SL00000869 riga 99999 | Prodotto secco 357.000 kg | Maltodestrina 200.000 kg
HIST-COMBER-SL00000870-99999-S26/0143,STORICO-20260623-COMBER,2026-06-23,,Comber,S26/0143,MDRFNCVC1700000M,WSDFNCOC17R0200A,Semilavorato Finocchio dolce seme e.s.,750.0,0,0,67.69999999999999,0.0,0.0,112.5,26E0184D1706,,STORICO_GESTIONALE_COMBER | Commessa SL00000870 riga 99999 | Prodotto secco 167.700 kg | Maltodestrina 100.000 kg
HIST-COMBER-SL00000871-99999-S26/0144,STORICO-20260623-COMBER,2026-06-23,,Comber,S26/0144,MDRALTOC1400000M,WSDALTOC14R0400A,Semilavorato Altea radice estratto secco D/E 4:1,500.0,0,0,43.5,0.0,0.0,75.0,25E0318D2508,,STORICO_GESTIONALE_COMBER | Commessa SL00000871 riga 99999 | Prodotto secco 153.500 kg | Maltodestrina 110.000 kg
HIST-COMBER-SL00000873-99999-S26/0146,STORICO-20260623-COMBER,2026-06-23,,Comber,S26/0146,MDRCNNZC0200000M,WSDCNNZC02R0200A,Semilavorato Cannella corteccia e.s.      D/E 2:1,512.0,0,0,23.19999999999999,0.0,0.0,76.8,25E0305D0608,,STORICO_GESTIONALE_COMBER | Commessa SL00000873 riga 99999 | Prodotto secco 143.200 kg | Maltodestrina 120.000 kg
HIST-COMBER-SL00000875-99999-S26/0148,STORICO-20260624-COMBER,2026-06-24,,Comber,S26/0148,MDRMLSOC0800000M,WSDMLSOC0805000A,"Semilavorato Melissa foglia e.s.acquoso  >= 5,0% derivati idrossicinnamici tot. calc.come acido rosmarinico (HPLC) >= 10%  derivati idrossici",1000.0,0,0,161.8,0.0,0.0,161.8,26E0108D2703,,STORICO_GESTIONALE_COMBER | Commessa SL00000875 riga 99999 | Prodotto secco 181.800 kg | Maltodestrina 20.000 kg
HIST-COMBER-SL00000877-99999-S26/0150,STORICO-20260626-COMBER,2026-06-26,,Comber,S26/0150,MDRVTXAC0500000M,WSDVTXAC05R0300A,Semilavorato Agnocasto frutto e.s.,1000.0,0,0,72.0,0.0,0.0,150.0,26E0168D2205,,STORICO_GESTIONALE_COMBER | Commessa SL00000877 riga 99999 | Prodotto secco 192.000 kg | Maltodestrina 120.000 kg
HIST-COMBER-SL00000879-99999-S26/0152,STORICO-20260629-COMBER,2026-06-29,,Comber,S26/0152,MDRCCRMC1700000M,WSDCCRMC17R0400A,Semilavorato Zucca seme e.s.              4:1 (indicativo),1000.0,0,0,17.5,0.0,0.0,150.0,26E0151D2105,,STORICO_GESTIONALE_COMBER | Commessa SL00000879 riga 99999 | Prodotto secco 47.500 kg | Maltodestrina 30.000 kg
HIST-COMBER-SL00000881-99999-S26/0154,STORICO-20260630-COMBER,2026-06-30,,Comber,S26/0154,MDRMLSOB0800000M,WSDMLSOJ0804000A,"Semilavorato Melissa foglia e. s. bio    >= 4,0% acido rosmarinico (HPLC)",300.0,0,0,60.400000000000006,0.0,0.0,60.400000000000006,26E0187D1706,,STORICO_GESTIONALE_COMBER | Commessa SL00000881 riga 99999 | Prodotto secco 70.400 kg | Maltodestrina 10.000 kg
HIST-COMBER-SL00000882-99999-S26/0155,STORICO-20260701-COMBER,2026-07-01,,Comber,S26/0155,MDRSLVOC0800000M,WSDSLVOC0800500A,Semilavorato Salvia foglie e.s.          acquoso 0.5%-1% tot. idross. come ac. rosmarinico,1541.0,0,0,232.7,0.0,0.0,232.7,26E0185D1706; 26E0186D1706,,STORICO_GESTIONALE_COMBER | Commessa SL00000882 riga 99999 | Prodotto secco 357.700 kg | Maltodestrina 125.000 kg
HIST-COMBER-SL00000885-99999-S26/0158,STORICO-20260707-COMBER,2026-07-07,,Comber,S26/0158,MDRLVNAC0400000M,WSDLVNAC34R0400A,Semilavorato Lavanda fiore e.s. acquoso   D/E 4:1,500.0,0,0,85.0,0.0,0.0,85.0,25E0149D1104,,STORICO_GESTIONALE_COMBER | Commessa SL00000885 riga 99999 | Prodotto secco 255.000 kg | Maltodestrina 170.000 kg
HIST-COMBER-SL00000886-99999-S26/0159,STORICO-20260707-COMBER,2026-07-07,,Comber,S26/0159,MDRMLLOF1000000M,WSDMLLOC2202000A,Semilavorato Meliloto erba fiorita e.s.,625.0,0,0,74.19999999999999,0.0,0.0,93.75,26E0114D0204T,,STORICO_GESTIONALE_COMBER | Commessa SL00000886 riga 99999 | Prodotto secco 204.200 kg | Maltodestrina 130.000 kg
HIST-COMBER-SL00000887-99999-S26/0160,STORICO-20260707-COMBER,2026-07-07,,Comber,S26/0160,MDRURTDC0800000M,WSDURTDC08R0200A,Semilavorato Ortica foglia estratto secc,960.0,0,0,136.60000000000002,0.0,0.0,144.0,25E0169D0505,,STORICO_GESTIONALE_COMBER | Commessa SL00000887 riga 99999 | Prodotto secco 381.600 kg | Maltodestrina 245.000 kg
HIST-COMBER-SL00000890-99999-S26/0163,STORICO-20260708-COMBER,2026-07-08,,Comber,S26/0163,MDRADNCC0700000M,WSDADNCC07R0400A,Semilavorato Capelvenere erba e.s.       D/E 4:1,978.3,0,0,50.0,0.0,0.0,146.74499999999998,26E0059D1902,,STORICO_GESTIONALE_COMBER | Commessa SL00000890 riga 99999 | Prodotto secco 170.000 kg | Maltodestrina 120.000 kg
HIST-COMBER-SL00000891-99999-S26/0164,STORICO-20260709-COMBER,2026-07-09,,Comber,S26/0164,MDRRHMFC0200000M,WSDRHMFC0207000A,Semilavorato Frangula corteccia e.s.>=7% glucofranguline calcolate come glucofrangulina A,989.0,0,0,153.0,0.0,0.0,153.0,26E0116D0704,,STORICO_GESTIONALE_COMBER | Commessa SL00000891 riga 99999 | Prodotto secco 213.000 kg | Maltodestrina 60.000 kg
HIST-COMBER-SL00000894-99999-S26/0167,STORICO-20260715-COMBER,2026-07-15,,Comber,S26/0167,MDRCRNSC1700000M,WSDCRNSC05R0400A,Semilavorato Coriandolo frutto e.s.      D/E 4:1,1500.0,0,0,29.30000000000001,0.0,0.0,225.0,26E0169D2205,,STORICO_GESTIONALE_COMBER | Commessa SL00000894 riga 99999 | Prodotto secco 204.300 kg | Maltodestrina 175.000 kg
HIST-COMBER-SL00000895-99999-S26/0168,STORICO-20260715-COMBER,2026-07-15,,Comber,S26/0168,MDRPSSIC0800000M,YSDPSSIC1003500A,Semilavorato Passiflora erba fiorita     estratto secco  >=3.5% flavonoidi totali calc.come vitexina,300.0,0,0,52.5,0.0,0.0,52.5,25E0407D2111,,STORICO_GESTIONALE_COMBER | Commessa SL00000895 riga 99999 | Prodotto secco 62.500 kg | Maltodestrina 10.000 kg
HIST-COMBER-SL00000896-99999-S26/0169,STORICO-20260717-COMBER,2026-07-17,,Comber,S26/0169,MDRTRNAC0800000M,WSDTRNAC08R0400A,Semilavorato Damiana foglia estratto     secco D/E 4:1,1000.0,0,0,138.89999999999998,0.0,0.0,150.0,26E0155D2105,,STORICO_GESTIONALE_COMBER | Commessa SL00000896 riga 99999 | Prodotto secco 408.900 kg | Maltodestrina 270.000 kg
HIST-COMBER-SL00000897-99999-S26/0170,STORICO-20260720-COMBER,2026-07-20,,Comber,S26/0170,MDRMLSOC0800000M,WSDMLSOC0805000A,"Semilavorato Melissa foglia e.s.acquoso  >= 5,0% derivati idrossicinnamici tot. calc.come acido rosmarinico (HPLC) >= 10%  derivati idrossici",500.0,0,0,106.7,0.0,0.0,106.7,26E0108D2703,,STORICO_GESTIONALE_COMBER | Commessa SL00000897 riga 99999 | Prodotto secco 118.700 kg | Maltodestrina 12.000 kg
HIST-COMBER-SL00000898-99999-S26/0171,STORICO-20260721-COMBER,2026-07-21,,Comber,S26/0171,MDRTRXOC14000,WSDTRXOC14R0400A,Semilavorato Tarassaco radice estratto   secco D/E 4:1,725.0,0,0,202.79999999999995,0.0,0.0,202.79999999999995,25E0377D2110,,STORICO_GESTIONALE_COMBER | Commessa SL00000898 riga 99999 | Prodotto secco 1012.800 kg | Maltodestrina 810.000 kg
